mode,availability,source_pu,source_vuf_percent,customer,bus,phase,original_phase_voltage_V,customer_voltage_V,customer_vmin_V,va_pn_V,vb_pn_V,vc_pn_V,neutral_V,vuf_percent,vmax_pg_V,vmax_pn_V
unity,0.0,1.0,1.0,ld1291_load_b,b828,b,245.01212617598094,245.01212617598094,241.49770020824312,244.5598388718056,245.01212617598094,241.49770020824312,0.09699217440341043,0.9796132360813657,244.9994895213981,245.01212617598094
unity,0.0,1.0,1.0,ld1446_load_c,b260,c,241.51253364622255,245.01857300459608,241.51253364622255,244.43124954709864,245.01857300459608,241.51253364622255,0.14712445060596524,0.9729568048594367,244.98067712119723,245.01857300459608
unity,0.0,1.0,1.0,ld1668_load_a,b605,a,244.5514440356245,245.039768598578,241.4895517582066,244.5514440356245,245.039768598578,241.4895517582066,0.09723514735867327,0.9764715231061989,245.0087061953823,245.039768598578
unity,0.0,1.0,1.0,ld1895_load_b,b1804,b,245.03177608767783,245.03177608767783,241.55442422046534,244.08142930906735,245.03177608767783,241.55442422046534,0.28832814455071076,0.9555711393476839,244.9255977255278,245.03177608767783
unity,0.0,1.0,1.0,ld1970_load_c,b2492,c,241.56895801279444,245.01662029937316,241.56895801279444,244.0093325671884,245.01662029937316,241.56895801279444,0.3178377383814328,0.9537852470884618,244.90788296216178,245.01662029937316
unity,0.0,1.0,1.0,ld2050_load_a,b1821,a,244.15498491420132,245.02370133754067,241.54733176024126,244.15498491420132,245.02370133754067,241.54733176024126,0.2583762084109715,0.9597070739789747,244.93572432377476,245.02370133754067
unity,0.0,1.0,1.0,ld2186_load_b,b1754,b,245.02135537730348,245.02135537730348,241.56982579731277,243.9907289360789,245.02135537730348,241.56982579731277,0.3250093390487653,0.9524483037459214,244.9073040540382,245.02135537730348
unity,0.0,1.0,1.0,ld248_load_b,b2560,b,245.02905032524993,245.02905032524993,241.50242042898304,244.48133614256827,245.02905032524993,241.50242042898304,0.12612833788785852,0.974252478259949,244.9930332111724,245.02905032524993
unity,0.0,1.0,1.0,ld24_load_a,b1044,a,244.2282502272933,245.02782775406217,241.5362966366171,244.2282502272933,245.02782775406217,241.5362966366171,0.22875952797860333,0.9626794876971289,244.94903368891843,245.02782775406217
unity,0.0,1.0,1.0,ld2804_load_c,b2443,c,241.54110324687593,245.02282969201028,241.54110324687593,244.2044276548023,245.02282969201028,241.54110324687593,0.23856935150791572,0.9620783148523524,244.943170052534,245.02282969201028
unity,0.0,1.0,1.0,ld626_load_c,b2055,c,241.5740197873165,245.01990738771656,241.5740197873165,243.9626196876332,245.01990738771656,241.5740197873165,0.3364330388037373,0.951316459556838,244.90206037305634,245.01990738771656
unity,0.0,1.0,1.0,ld868_load_a,b2190,a,244.13671393958853,245.01986570018084,241.55101504135118,244.13671393958853,245.01986570018084,241.55101504135118,0.26589865064364054,0.9592494418523816,244.93123118276122,245.01986570018084
mean_vv,0.0,1.0,1.0,ld1291_load_b,b828,b,244.99066386364822,244.99066386364822,241.48081462652294,244.54382382432777,244.99066386364822,241.48081462652294,0.09694239835648145,0.9802056628920562,244.97897504335464,244.99066386364822
mean_vv,0.0,1.0,1.0,ld1446_load_c,b260,c,241.4849190846263,244.98351695541956,241.4849190846263,244.40466356640798,244.98351695541956,241.4849190846263,0.14616565390548797,0.9740082263552902,244.94933108035855,244.98351695541956
mean_vv,0.0,1.0,1.0,ld1668_load_a,b605,a,244.52721479607575,245.00796229393967,241.46444698618484,244.52721479607575,245.00796229393967,241.46444698618484,0.09623727477500187,0.9774219958340091,244.98003689640643,245.00796229393967
mean_vv,0.0,1.0,1.0,ld1895_load_b,b1804,b,244.9605345005344,244.9605345005344,241.49837255076758,244.02684144923802,244.9605345005344,241.49837255076758,0.2842016317083512,0.9578835481917102,244.86546785351342,244.9605345005344
mean_vv,0.0,1.0,1.0,ld1970_load_c,b2492,c,241.51207357291125,244.944284282655,241.51207357291125,243.9539869170406,244.944284282655,241.51207357291125,0.31394133623905524,0.956135421083185,244.84681549294328,244.944284282655
mean_vv,0.0,1.0,1.0,ld2050_load_a,b1821,a,244.10786252349035,244.9620885748265,241.4988402558299,244.10786252349035,244.9620885748265,241.4988402558299,0.2552311781085104,0.9616772875009404,244.8832260177168,244.9620885748265
mean_vv,0.0,1.0,1.0,ld2186_load_b,b1754,b,244.94595772972087,244.94595772972087,241.51051720289607,243.9329835867813,244.94595772972087,241.51051720289607,0.320763264792092,0.954909118010418,244.84380975815031,244.94595772972087
mean_vv,0.0,1.0,1.0,ld248_load_b,b2560,b,244.9947864086518,244.9947864086518,241.4754078496624,244.455288993334,244.9947864086518,241.4754078496624,0.12510058889305345,0.9752816216010513,244.96236272970037,244.9947864086518
mean_vv,0.0,1.0,1.0,ld24_load_a,b1044,a,244.1848941437575,244.97112096443027,241.4916580898468,244.1848941437575,244.97112096443027,241.4916580898468,0.22593855038607166,0.9644781620442898,244.90046711745026,244.97112096443027
mean_vv,0.0,1.0,1.0,ld2804_load_c,b2443,c,241.4961847899437,244.96575479040598,241.4961847899437,244.16081857866934,244.96575479040598,241.4961847899437,0.2358143670881868,0.9638887193091717,244.89428873887755,244.96575479040598
mean_vv,0.0,1.0,1.0,ld626_load_c,b2055,c,241.5131530434905,244.9425205773909,241.5131530434905,243.90334798904587,244.9425205773909,241.5131530434905,0.332050847366268,0.9538489427777753,244.8369750497394,244.9425205773909
mean_vv,0.0,1.0,1.0,ld868_load_a,b2190,a,244.08939861667437,244.95797294978271,241.50231057903392,244.08939861667437,244.95797294978271,241.50231057903392,0.26280390191128467,0.9612288087727046,244.87849331397035,244.95797294978271
mean_vv_vw,0.0,1.0,1.0,ld1291_load_b,b828,b,244.99066386364822,244.99066386364822,241.48081462652297,244.54382382432775,244.99066386364822,241.48081462652297,0.09694239835649583,0.9802056628920562,244.97897504335464,244.99066386364822
mean_vv_vw,0.0,1.0,1.0,ld1446_load_c,b260,c,241.4849190846263,244.98351695541956,241.4849190846263,244.40466356640798,244.98351695541956,241.4849190846263,0.14616565390550204,0.9740082263552902,244.94933108035855,244.98351695541956
mean_vv_vw,0.0,1.0,1.0,ld1668_load_a,b605,a,244.52721479607573,245.00796229393967,241.46444698618484,244.52721479607573,245.00796229393967,241.46444698618484,0.09623727477501591,0.9774219958340132,244.98003689640643,245.00796229393967
mean_vv_vw,0.0,1.0,1.0,ld1895_load_b,b1804,b,244.9605345005344,244.9605345005344,241.4983725507676,244.02684144923802,244.9605345005344,241.4983725507676,0.2842016317083655,0.9578835481917101,244.86546785351342,244.9605345005344
mean_vv_vw,0.0,1.0,1.0,ld1970_load_c,b2492,c,241.51207357291122,244.944284282655,241.51207357291122,243.95398691704062,244.944284282655,241.51207357291122,0.3139413362390695,0.9561354210831847,244.84681549294328,244.944284282655
mean_vv_vw,0.0,1.0,1.0,ld2050_load_a,b1821,a,244.10786252349038,244.9620885748265,241.49884025582986,244.10786252349038,244.9620885748265,241.49884025582986,0.25523117810852386,0.9616772875009366,244.8832260177168,244.9620885748265
mean_vv_vw,0.0,1.0,1.0,ld2186_load_b,b1754,b,244.94595772972087,244.94595772972087,241.51051720289607,243.9329835867813,244.94595772972087,241.51051720289607,0.32076326479210576,0.9549091180104183,244.84380975815031,244.94595772972087
mean_vv_vw,0.0,1.0,1.0,ld248_load_b,b2560,b,244.9947864086518,244.9947864086518,241.4754078496624,244.455288993334,244.9947864086518,241.4754078496624,0.12510058889306738,0.9752816216010554,244.96236272970037,244.9947864086518
mean_vv_vw,0.0,1.0,1.0,ld24_load_a,b1044,a,244.18489414375748,244.97112096443027,241.49165808984682,244.18489414375748,244.97112096443027,241.49165808984682,0.225938550386086,0.96447816204429,244.90046711745026,244.97112096443027
mean_vv_vw,0.0,1.0,1.0,ld2804_load_c,b2443,c,241.4961847899437,244.96575479040598,241.4961847899437,244.16081857866934,244.96575479040598,241.4961847899437,0.23581436708820122,0.9638887193091754,244.89428873887755,244.96575479040598
mean_vv_vw,0.0,1.0,1.0,ld626_load_c,b2055,c,241.51315304349046,244.9425205773909,241.51315304349046,243.90334798904587,244.9425205773909,241.51315304349046,0.3320508473662807,0.9538489427777719,244.8369750497394,244.9425205773909
mean_vv_vw,0.0,1.0,1.0,ld868_load_a,b2190,a,244.08939861667434,244.95797294978271,241.50231057903395,244.08939861667434,244.95797294978271,241.50231057903395,0.2628039019112981,0.9612288087727046,244.87849331397035,244.95797294978271
worst_vv_vw,0.0,1.0,1.0,ld1291_load_b,b828,b,244.98289171840958,244.98289171840958,241.47469440716054,244.538019295201,244.98289171840958,241.47469440716054,0.09693520802044177,0.9804188856773823,244.97148472515923,244.98289171840958
worst_vv_vw,0.0,1.0,1.0,ld1446_load_c,b260,c,241.47447087235935,244.97025943968944,241.47447087235935,244.3945985798999,244.97025943968944,241.47447087235935,0.14582792756793098,0.9744059884312858,244.9374656726807,244.97025943968944
worst_vv_vw,0.0,1.0,1.0,ld1668_load_a,b605,a,244.51808038062143,244.99598314764586,241.45498782641553,244.51808038062143,244.99598314764586,241.45498782641553,0.09588982558280923,0.9777798780397052,244.96922330272585,244.99598314764586
worst_vv_vw,0.0,1.0,1.0,ld1895_load_b,b1804,b,244.93327835601661,244.93327835601661,241.4769251195437,244.0059531347189,244.93327835601661,241.4769251195437,0.282722988186331,0.9587700586756218,244.8424628938433,244.93327835601661
worst_vv_vw,0.0,1.0,1.0,ld1970_load_c,b2492,c,241.49029234054248,244.91658990392727,241.49029234054248,243.9327961102141,244.91658990392727,241.49029234054248,0.3125447080398071,0.957036918085952,244.82343528523336,244.91658990392727
worst_vv_vw,0.0,1.0,1.0,ld2050_load_a,b1821,a,244.08977179561967,244.9384434487208,241.48022716442668,244.08977179561967,244.9384434487208,241.48022716442668,0.254099199158995,0.9624346753692281,244.86308249790903,244.9384434487208
worst_vv_vw,0.0,1.0,1.0,ld2186_load_b,b1754,b,244.916845643676,244.916845643676,241.48761473649427,243.91068426935826,244.916845643676,241.48761473649427,0.3192243245634594,0.9558615246706641,244.8193039273955,244.916845643676
worst_vv_vw,0.0,1.0,1.0,ld248_load_b,b2560,b,244.9818253097051,244.9818253097051,241.4651851699781,244.4454256457785,244.9818253097051,241.4651851699781,0.12473878858842115,0.9756710264387821,244.95075020503953,244.9818253097051
worst_vv_vw,0.0,1.0,1.0,ld24_load_a,b1044,a,244.16839673806967,244.94955166088468,241.4746755503172,244.16839673806967,244.94955166088468,241.4746755503172,0.2249356436458255,0.9651631348834615,244.88198770235456,244.94955166088468
worst_vv_vw,0.0,1.0,1.0,ld2804_load_c,b2443,c,241.47909328763677,244.94404237278226,241.47909328763677,244.14422296700502,244.94404237278226,241.47909328763677,0.23483484030411406,0.9645782418787999,244.875686960214,244.94404237278226
worst_vv_vw,0.0,1.0,1.0,ld626_load_c,b2055,c,241.4896306313899,244.91261695192458,241.4896306313899,243.88044211244548,244.91261695192458,241.4896306313899,0.3304612743543927,0.9548299352489614,244.81183591452847,244.91261695192458
worst_vv_vw,0.0,1.0,1.0,ld868_load_a,b2190,a,244.07123191274195,244.93421736058377,241.48361335771125,244.07123191274195,244.93421736058377,241.48361335771125,0.2616899216251744,0.9619897946069936,244.8582552870297,244.93421736058377
sequence_vv_vw,0.0,1.0,1.0,ld1291_load_b,b828,b,244.9907014895398,244.9907014895398,241.48084423985765,244.5438519136635,244.9907014895398,241.48084423985765,0.09694247028539171,0.9802046261421317,244.97901106212828,244.9907014895398
sequence_vv_vw,0.0,1.0,1.0,ld1446_load_c,b260,c,241.48496787398525,244.98357887727778,241.48496787398525,244.40471054973278,244.98357887727778,241.48496787398525,0.14616726686263015,0.9740063695502299,244.94938646381243,244.98357887727778
sequence_vv_vw,0.0,1.0,1.0,ld1668_load_a,b605,a,244.5272574772027,245.00801829246026,241.46449119700307,244.5272574772027,245.00801829246026,241.46449119700307,0.09623894128483347,0.9774203232115057,244.98008740310902,245.00801829246026
sequence_vv_vw,0.0,1.0,1.0,ld1895_load_b,b1804,b,244.9606605187867,244.9606605187867,241.49847171289045,244.02693802368503,244.9606605187867,241.49847171289045,0.2842085956274558,0.9578794525749839,244.86557422808156,244.9606605187867
sequence_vv_vw,0.0,1.0,1.0,ld1970_load_c,b2492,c,241.51217425085534,244.94441229135782,241.51217425085534,243.95408486682558,244.94441229135782,241.51217425085534,0.31394791280641066,0.956131257147913,244.84692357224264,244.94441229135782
sequence_vv_vw,0.0,1.0,1.0,ld2050_load_a,b1821,a,244.10794607259567,244.96219779015937,241.49892622524794,244.10794607259567,244.96219779015937,241.49892622524794,0.25523649945834825,0.9616737918377499,244.88331907686165,244.96219779015937
sequence_vv_vw,0.0,1.0,1.0,ld2186_load_b,b1754,b,244.94609159431957,244.94609159431957,241.510622515816,243.93308612404996,244.94609159431957,241.510622515816,0.320770464350307,0.954904742653966,244.8439224822364,244.94609159431957
sequence_vv_vw,0.0,1.0,1.0,ld248_load_b,b2560,b,244.99484691099565,244.99484691099565,241.4754555594672,244.4553350113419,244.99484691099565,241.4754555594672,0.12510231632551908,0.9752798046712307,244.96241690238622,244.99484691099565
sequence_vv_vw,0.0,1.0,1.0,ld24_load_a,b1044,a,244.18497073472378,244.97122111612745,241.49173693997054,244.18497073472378,244.97122111612745,241.49173693997054,0.22594329840903463,0.9644749832834634,244.9005529116022,244.97122111612745
sequence_vv_vw,0.0,1.0,1.0,ld2804_load_c,b2443,c,241.49626414574368,244.96585560656789,241.49626414574368,244.16089562571258,244.96585560656789,241.49626414574368,0.23581900442331977,0.9638855194403265,244.89437510111026,244.96585560656789
sequence_vv_vw,0.0,1.0,1.0,ld626_load_c,b2055,c,241.51326114780642,244.94265800531005,241.51326114780642,243.90345325890303,244.94265800531005,241.51326114780642,0.3320582796819785,0.9538444386698633,244.83709062438092,244.94265800531005
sequence_vv_vw,0.0,1.0,1.0,ld868_load_a,b2190,a,244.08948251561276,244.9580826735597,241.5023969355098,244.08948251561276,244.9580826735597,241.5023969355098,0.2628091385720129,0.9612252965509219,244.87858680809512,244.9580826735597
sequence_droop,0.0,1.0,1.0,ld1291_load_b,b828,b,244.7637065819285,244.7637065819285,241.97940267260637,244.2992364230776,244.7637065819285,241.97940267260637,0.09879101466521803,0.7883606875059153,244.75808186956502,244.7637065819285
sequence_droop,0.0,1.0,1.0,ld1446_load_c,b260,c,242.0455654305328,244.70101596916598,242.0455654305328,244.17261682276538,244.70101596916598,242.0455654305328,0.14813537640341523,0.762994415884133,244.68319753792662,244.70101596916598
sequence_droop,0.0,1.0,1.0,ld1668_load_a,b605,a,244.33778884865012,244.76104993567787,241.94381773679825,244.33778884865012,244.76104993567787,241.94381773679825,0.09711255303476682,0.7979558963690504,244.74707299988123,244.76104993567787
sequence_droop,0.0,1.0,1.0,ld1895_load_b,b1804,b,244.50358315260848,244.50358315260848,242.27435920901982,243.8087875195562,244.50358315260848,242.27435920901982,0.28497296933712585,0.6766452855794114,244.45449993128813,244.50358315260848
sequence_droop,0.0,1.0,1.0,ld1970_load_c,b2492,c,242.32841022854316,244.4717861717842,242.32841022854316,243.71161193847345,244.4717861717842,242.32841022854316,0.31570336631957474,0.6588065029224425,244.42111099619655,244.4717861717842
sequence_droop,0.0,1.0,1.0,ld2050_load_a,b1821,a,243.8809399769082,244.55095403781678,242.2222058146124,243.8809399769082,244.55095403781678,242.2222058146124,0.25687746277755863,0.6970236105547927,244.50978585507568,244.55095403781678
sequence_droop,0.0,1.0,1.0,ld2186_load_b,b1754,b,244.46610817498964,244.46610817498964,242.32880459365833,243.6990192794943,244.46610817498964,242.32880459365833,0.3223112154170979,0.6577677155455445,244.4123499276205,244.46610817498964
sequence_droop,0.0,1.0,1.0,ld248_load_b,b2560,b,244.7258256808969,244.7258256808969,242.00164730754216,244.24366142226017,244.7258256808969,242.00164730754216,0.12662798702581235,0.7778800172755855,244.70915755329918,244.7258256808969
sequence_droop,0.0,1.0,1.0,ld24_load_a,b1044,a,243.96467125903993,244.58427748246334,242.17845945315713,243.96467125903993,244.58427748246334,242.17845945315713,0.22727307158263493,0.7127732116181755,244.54803668613735,244.58427748246334
sequence_droop,0.0,1.0,1.0,ld2804_load_c,b2443,c,242.19758159845657,244.57326466226235,242.19758159845657,243.93182947019292,244.57326466226235,242.19758159845657,0.2374525581780767,0.7063821137405918,244.53648953579938,244.57326466226235
sequence_droop,0.0,1.0,1.0,ld626_load_c,b2055,c,242.34738865323695,244.4520905104004,242.34738865323695,243.6666835779183,244.4520905104004,242.34738865323695,0.3336550188135955,0.6510773941160267,244.39646734375327,244.4520905104004
sequence_droop,0.0,1.0,1.0,ld868_load_a,b2190,a,243.85604564084608,244.54263787779593,242.23643841613168,243.85604564084608,244.54263787779593,242.23643841613168,0.2646782433609583,0.6922959131785651,244.50106197296216,244.54263787779593
unity,0.5,1.0,1.0,ld1291_load_b,b828,b,245.35520586725016,245.35520586725016,241.81902204139854,244.9269430427963,245.35520586725016,241.81902204139854,0.09402908684892135,0.9812271452190068,245.3428366596604,245.35520586725016
unity,0.5,1.0,1.0,ld1446_load_c,b260,c,241.86984499385125,245.4152922088374,241.86984499385125,244.87107812813449,245.4152922088374,241.86984499385125,0.13429157197560915,0.9767763955112799,245.37728023889542,245.4152922088374
unity,0.5,1.0,1.0,ld1668_load_a,b605,a,244.92264101499683,245.37193122767977,241.7859555214211,244.92264101499683,245.37193122767977,241.7859555214211,0.08677031872653698,0.9800664858164586,245.3407684935336,245.37193122767977
unity,0.5,1.0,1.0,ld1895_load_b,b1804,b,245.5768330525878,245.5768330525878,242.01480705495695,244.7188290879705,245.5768330525878,242.01480705495695,0.2516571028796079,0.9649513472985262,245.47002583072364,245.5768330525878
unity,0.5,1.0,1.0,ld1970_load_c,b2492,c,242.06829426550124,245.60168175916638,242.06829426550124,244.68799673122936,245.60168175916638,242.06829426550124,0.28004916216079057,0.9631219586246257,245.4923157035478,245.60168175916638
unity,0.5,1.0,1.0,ld2050_load_a,b1821,a,244.7510773455895,245.54035224548963,241.99118237765583,244.7510773455895,245.54035224548963,241.99118237765583,0.22769009453166905,0.9675886544485175,245.45184004305682,245.54035224548963
unity,0.5,1.0,1.0,ld2186_load_b,b1754,b,245.61213602215287,245.61213602215287,242.07049660855733,244.67989611592748,245.61213602215287,242.07049660855733,0.28505391411915265,0.9623589129091977,245.4973179044188,245.61213602215287
unity,0.5,1.0,1.0,ld248_load_b,b2560,b,245.39799604074358,245.39799604074358,241.83269241709633,244.8925399534326,245.39799604074358,241.83269241709633,0.11385772634074527,0.9780914728183461,245.36185716543005,245.39799604074358
unity,0.5,1.0,1.0,ld24_load_a,b1044,a,244.78265718531586,245.50980134174313,241.9518532956377,244.78265718531586,245.50980134174313,241.9518532956377,0.20160532537867407,0.9698415053377706,245.4305982546259,245.50980134174313
unity,0.5,1.0,1.0,ld2804_load_c,b2443,c,241.9695268665283,245.51801808148988,241.9695268665283,244.77246059552593,245.51801808148988,241.9695268665283,0.21107243495097752,0.9692281278705676,245.4379505051425,245.51801808148988
unity,0.5,1.0,1.0,ld626_load_c,b2055,c,242.0854536810352,245.62392595908784,242.0854536810352,244.66774710841187,245.62392595908784,242.0854536810352,0.2951120034287991,0.9615031820855082,245.50528075180387,245.62392595908784
unity,0.5,1.0,1.0,ld868_load_a,b2190,a,244.7432605506418,245.5466531683135,242.00473519634832,244.7432605506418,245.5466531683135,242.00473519634832,0.23494935278137832,0.9671211236306355,245.45748408483055,245.5466531683135
mean_vv,0.5,1.0,1.0,ld1291_load_b,b828,b,245.3315207236108,245.3315207236108,241.80038017510788,244.90926760653102,245.3315207236108,241.80038017510788,0.0939908706684989,0.9818771506732075,245.32007766134183,245.3315207236108
mean_vv,0.5,1.0,1.0,ld1446_load_c,b260,c,241.83849433916834,245.3755046941473,241.83849433916834,244.84089684359282,245.3755046941473,241.83849433916834,0.13310893729259657,0.9779647760683083,245.34168491912953,245.3755046941473
mean_vv,0.5,1.0,1.0,ld1668_load_a,b605,a,244.89522822877666,245.33595311308136,241.75755020119854,244.89522822877666,245.33595311308136,241.75755020119854,0.08552189736455709,0.9811373149435667,245.30830693838206,245.33595311308136
mean_vv,0.5,1.0,1.0,ld1895_load_b,b1804,b,245.49538786706606,245.49538786706606,241.9507091448661,244.65644690616932,245.49538786706606,241.9507091448661,0.24627245244455445,0.9675692187641357,245.40128937723242,245.49538786706606
mean_vv,0.5,1.0,1.0,ld1970_load_c,b2492,c,242.00321871832628,245.5189512859319,242.00321871832628,244.6247276643933,245.5189512859319,242.00321871832628,0.2750117355047578,0.9657828829940142,245.42247861591795,245.5189512859319
mean_vv,0.5,1.0,1.0,ld2050_load_a,b1821,a,244.69708329943535,245.4697367942454,241.93559061131964,244.69708329943535,245.4697367942454,241.93559061131964,0.2236123232286523,0.969828285153506,245.39168517180835,245.4697367942454
mean_vv,0.5,1.0,1.0,ld2186_load_b,b1754,b,245.52537701315617,245.52537701315617,242.0022317367381,244.61347823227646,245.52537701315617,242.0022317367381,0.27949708643834825,0.965161468829327,245.42428438000766,245.52537701315617
mean_vv,0.5,1.0,1.0,ld248_load_b,b2560,b,245.35910282022567,245.35910282022567,241.8020214664077,244.86296641727546,245.35910282022567,241.8020214664077,0.11257621493630701,0.9792549461162845,245.3270243492609,245.35910282022567
mean_vv,0.5,1.0,1.0,ld24_load_a,b1044,a,244.7332943336359,245.44522368857557,241.9010057470458,244.7332943336359,245.44522368857557,241.9010057470458,0.19797897992567492,0.9718741896977823,245.37528204161237,245.44522368857557
mean_vv,0.5,1.0,1.0,ld2804_load_c,b2443,c,241.91835640538253,245.45301574438085,241.91835640538253,244.72280651877875,245.45301574438085,241.91835640538253,0.20754459054559465,0.9712740682368772,245.38227127147417,245.45301574438085
mean_vv,0.5,1.0,1.0,ld626_load_c,b2055,c,242.01535970013947,245.53483283303623,242.01535970013947,244.59954104675774,245.53483283303623,242.01535970013947,0.28937471624366806,0.9643879092640362,245.43038012752473,245.53483283303623
mean_vv,0.5,1.0,1.0,ld868_load_a,b2190,a,244.68904227575018,245.475711487452,241.9488953188367,244.68904227575018,245.475711487452,241.9488953188367,0.2309473764274628,0.9693711751693169,245.39705015754888,245.475711487452
mean_vv_vw,0.5,1.0,1.0,ld1291_load_b,b828,b,245.3315207236108,245.3315207236108,241.80038017510788,244.90926760653102,245.3315207236108,241.80038017510788,0.09399087066849854,0.9818771506732115,245.32007766134183,245.3315207236108
mean_vv_vw,0.5,1.0,1.0,ld1446_load_c,b260,c,241.83849433916834,245.3755046941473,241.83849433916834,244.84089684359282,245.3755046941473,241.83849433916834,0.13310893729259626,0.9779647760683085,245.34168491912953,245.3755046941473
mean_vv_vw,0.5,1.0,1.0,ld1668_load_a,b605,a,244.89522822877666,245.33595311308136,241.75755020119854,244.89522822877666,245.33595311308136,241.75755020119854,0.08552189736455698,0.9811373149435628,245.30830693838206,245.33595311308136
mean_vv_vw,0.5,1.0,1.0,ld1895_load_b,b1804,b,245.49538786706606,245.49538786706606,241.9507091448661,244.65644690616932,245.49538786706606,241.9507091448661,0.24627245244455448,0.9675692187641357,245.40128937723242,245.49538786706606
mean_vv_vw,0.5,1.0,1.0,ld1970_load_c,b2492,c,242.00321871832628,245.51895128593193,242.00321871832628,244.6247276643933,245.51895128593193,242.00321871832628,0.2750117355047577,0.965782882994014,245.42247861591798,245.51895128593193
mean_vv_vw,0.5,1.0,1.0,ld2050_load_a,b1821,a,244.69708329943538,245.4697367942454,241.93559061131964,244.69708329943538,245.4697367942454,241.93559061131964,0.22361232322865177,0.9698282851535096,245.39168517180835,245.4697367942454
mean_vv_vw,0.5,1.0,1.0,ld2186_load_b,b1754,b,245.52537701315617,245.52537701315617,242.0022317367381,244.61347823227646,245.52537701315617,242.0022317367381,0.27949708643834775,0.965161468829327,245.42428438000766,245.52537701315617
mean_vv_vw,0.5,1.0,1.0,ld248_load_b,b2560,b,245.35910282022567,245.35910282022567,241.8020214664077,244.86296641727546,245.35910282022567,241.8020214664077,0.1125762149363067,0.9792549461162844,245.3270243492609,245.35910282022567
mean_vv_vw,0.5,1.0,1.0,ld24_load_a,b1044,a,244.7332943336359,245.44522368857557,241.9010057470458,244.7332943336359,245.44522368857557,241.9010057470458,0.19797897992567481,0.9718741896977823,245.37528204161237,245.44522368857557
mean_vv_vw,0.5,1.0,1.0,ld2804_load_c,b2443,c,241.91835640538253,245.45301574438085,241.91835640538253,244.72280651877875,245.45301574438085,241.91835640538253,0.20754459054559457,0.9712740682368769,245.38227127147417,245.45301574438085
mean_vv_vw,0.5,1.0,1.0,ld626_load_c,b2055,c,242.01535970013947,245.53483283303623,242.01535970013947,244.59954104675774,245.53483283303623,242.01535970013947,0.2893747162436676,0.964387909264036,245.43038012752473,245.53483283303623
mean_vv_vw,0.5,1.0,1.0,ld868_load_a,b2190,a,244.68904227575018,245.475711487452,241.9488953188367,244.68904227575018,245.475711487452,241.9488953188367,0.2309473764274623,0.969371175169313,245.39705015754888,245.475711487452
worst_vv_vw,0.5,1.0,1.0,ld1291_load_b,b828,b,245.32376501577704,245.32376501577704,241.79427209102434,244.90347539650236,245.32376501577704,241.79427209102434,0.09398307025538967,0.9820893232551046,245.3126042809889,245.32376501577704
worst_vv_vw,0.5,1.0,1.0,ld1446_load_c,b260,c,241.82807825202207,245.36229031193375,241.82807825202207,244.83086565024323,245.36229031193375,241.82807825202207,0.13274434483496675,0.9783593031377825,245.32985792902312,245.36229031193375
worst_vv_vw,0.5,1.0,1.0,ld1668_load_a,b605,a,244.88612152960744,245.32400934895296,241.74811743823776,244.88612152960744,245.32400934895296,241.74811743823776,0.0851373977476461,0.9814925615545578,245.29752520286922,245.32400934895296
worst_vv_vw,0.5,1.0,1.0,ld1895_load_b,b1804,b,245.46824553387472,245.46824553387472,241.92934370460063,244.63565288648692,245.46824553387472,241.92934370460063,0.244599507291242,0.9684433427408468,245.37837968098927,245.46824553387472
worst_vv_vw,0.5,1.0,1.0,ld1970_load_c,b2492,c,241.9815241814067,245.49137718865697,241.9815241814067,244.60363624865911,245.49137718865697,241.9815241814067,0.2734480923487666,0.9666714834703273,245.39919911608578,245.49137718865697
worst_vv_vw,0.5,1.0,1.0,ld2050_load_a,b1821,a,244.6790711682565,245.44618790024526,241.91704757235658,244.6790711682565,245.44618790024526,241.91704757235658,0.22234601023785447,0.9705761386878161,245.37162284185968,245.44618790024526
worst_vv_vw,0.5,1.0,1.0,ld2186_load_b,b1754,b,245.49639591281078,245.49639591281078,241.9794236578492,244.5912873606276,245.49639591281078,241.9794236578492,0.2777673795588559,0.9660996442831619,245.39988773241362,245.49639591281078
worst_vv_vw,0.5,1.0,1.0,ld248_load_b,b2560,b,245.34618259221799,245.34618259221799,241.79182924709175,244.85313512944043,245.34618259221799,241.79182924709175,0.11218116687831739,0.9796412655778689,245.31544826020826,245.34618259221799
worst_vv_vw,0.5,1.0,1.0,ld24_load_a,b1044,a,244.71686355807802,245.42373619762907,241.88408286141953,244.71686355807802,245.42373619762907,241.88408286141953,0.19685573471098788,0.9725512293352278,245.35687218220963,245.42373619762907
worst_vv_vw,0.5,1.0,1.0,ld2804_load_c,b2443,c,241.90132580080225,245.43138684130915,241.90132580080225,244.70627886822516,245.43138684130915,241.90132580080225,0.20645219760307015,0.9719555309925308,245.3637404966641,245.43138684130915
worst_vv_vw,0.5,1.0,1.0,ld626_load_c,b2055,c,241.9919356154454,245.50506584029577,241.9919356154454,244.5767484626673,245.50506584029577,241.9919356154454,0.28758846327915777,0.9653539005342321,245.40535473784732,245.50506584029577
worst_vv_vw,0.5,1.0,1.0,ld868_load_a,b2190,a,244.670955287474,245.4520535580061,241.93026919039278,244.670955287474,245.4520535580061,241.93026919039278,0.22970484114050077,0.9701225183578711,245.37689452998927,245.4520535580061
sequence_vv_vw,0.5,1.0,1.0,ld1291_load_b,b828,b,245.33155817880734,245.33155817880734,241.80040965978083,244.90929556923555,245.33155817880734,241.80040965978083,0.09399094046504516,0.9818761221528178,245.32011354673156,245.33155817880734
sequence_vv_vw,0.5,1.0,1.0,ld1446_load_c,b260,c,241.83854312117978,245.37556659400389,241.83854312117978,244.84094380855402,245.37556659400389,241.83854312117978,0.1331106828598359,0.9779629288123327,245.34174028898303,245.37556659400389
sequence_vv_vw,0.5,1.0,1.0,ld1668_load_a,b605,a,244.89527090569513,245.3360091080616,241.7575944171593,244.89527090569513,245.3360091080616,241.7575944171593,0.08552374492410694,0.9811356497136106,245.30835744791258,245.3360091080616
sequence_vv_vw,0.5,1.0,1.0,ld1895_load_b,b1804,b,245.49551392621,245.49551392621,241.95080837338722,244.65654347822104,245.49551392621,241.95080837338722,0.24628036341077603,0.9675651618844086,245.4013957872425,245.49551392621
sequence_vv_vw,0.5,1.0,1.0,ld1970_load_c,b2492,c,242.00331945080495,245.5190793187391,242.00331945080495,244.62482559710546,245.5190793187391,242.00331945080495,0.27501912976267145,0.9657787597351937,245.42258671663026,245.5190793187391
sequence_vv_vw,0.5,1.0,1.0,ld2050_load_a,b1821,a,244.6971668661493,245.4698460621978,241.93567664837343,244.6971668661493,245.4698460621978,241.93567664837343,0.22361830265826613,0.9698248174425432,245.39177827642035,245.4698460621978
sequence_vv_vw,0.5,1.0,1.0,ld2186_load_b,b1754,b,245.52551097341856,245.52551097341856,242.0023371636984,244.61358080401183,245.52551097341856,242.0023371636984,0.2795052195501329,0.9651571359376979,245.42439718300284,245.52551097341856
sequence_vv_vw,0.5,1.0,1.0,ld248_load_b,b2560,b,245.3591633131864,245.3591633131864,241.8020691781398,244.86301242632126,245.3591633131864,241.8020691781398,0.11257810580435758,0.979253137997877,245.32707851930908,245.3591633131864
sequence_vv_vw,0.5,1.0,1.0,ld24_load_a,b1044,a,244.73337091215978,245.44532384799734,241.9010846253894,244.73337091215978,245.44532384799734,241.9010846253894,0.19798431620171625,0.9718710353681457,245.3753678455284,245.44532384799734
sequence_vv_vw,0.5,1.0,1.0,ld2804_load_c,b2443,c,241.91843578527622,245.45311656252167,241.91843578527622,244.72288354868377,245.45311656252167,241.91843578527622,0.20754978052910245,0.9712708933161919,245.38235763859555,245.45311656252167
sequence_vv_vw,0.5,1.0,1.0,ld626_load_c,b2055,c,242.01546792379082,245.53497036073048,242.01546792379082,244.599646351537,245.53497036073048,242.01546792379082,0.289383111258998,0.9643834500958907,245.43049578417774,245.53497036073048
sequence_vv_vw,0.5,1.0,1.0,ld868_load_a,b2190,a,244.6891261886662,245.47582125949427,241.94898173985035,244.6891261886662,245.47582125949427,241.94898173985035,0.23095324371794163,0.9693676913264204,245.3971436934709,245.47582125949427
sequence_droop,0.5,1.0,1.0,ld1291_load_b,b828,b,245.10461951915278,245.10461951915278,242.30185600530595,244.66183302676362,245.10461951915278,242.30185600530595,0.09585735508773564,0.7891453162257162,245.09915802372868,245.10461951915278
sequence_droop,0.5,1.0,1.0,ld1446_load_c,b260,c,242.40489372623634,245.09222238907032,242.40489372623634,244.6044470658389,245.09222238907032,242.40489372623634,0.13476604435160738,0.7651020903193045,245.07493796798528,245.09222238907032
sequence_droop,0.5,1.0,1.0,ld1668_load_a,b605,a,244.70200879753926,245.08823126004893,242.242051363221,244.70200879753926,245.08823126004893,242.242051363221,0.08597820385070604,0.799974526524796,245.07468088212102,245.08823126004893
sequence_droop,0.5,1.0,1.0,ld1895_load_b,b1804,b,245.0360166682537,245.0360166682537,242.7379331329553,244.43115459082352,245.0360166682537,242.7379331329553,0.24494914902018528,0.6829850625183088,244.98856127915323,245.0360166682537
sequence_droop,0.5,1.0,1.0,ld1970_load_c,b2492,c,242.83142697983993,245.04413615366298,242.83142697983993,244.3743838699779,245.04413615366298,242.83142697983993,0.27495803334232055,0.6649168016906062,244.99512236454862,245.04413615366298
sequence_droop,0.5,1.0,1.0,ld2050_load_a,b1821,a,244.46339031524414,245.0566363658011,242.66899859049437,244.46339031524414,245.0566363658011,242.66899859049437,0.223808952699894,0.7020957359689916,245.01681240269843,245.0566363658011
sequence_droop,0.5,1.0,1.0,ld2186_load_b,b1754,b,245.042940111275,245.042940111275,242.8329832873656,244.37136317964269,245.042940111275,242.8329832873656,0.2790073305544238,0.664317315864345,244.99097258940606,245.042940111275
sequence_droop,0.5,1.0,1.0,ld248_load_b,b2560,b,245.08932012402852,245.08932012402852,242.3338135456962,244.6471735572741,245.08932012402852,242.3338135456962,0.11372727678814397,0.7800461536246701,245.07316337186515,245.08932012402852
sequence_droop,0.5,1.0,1.0,ld24_load_a,b1044,a,244.50693935230464,245.0566459492528,242.59682177677692,244.50693935230464,245.0566459492528,242.59682177677692,0.19799634352323997,0.7173820973713892,245.0215714780567,245.0566459492528
sequence_droop,0.5,1.0,1.0,ld2804_load_c,b2443,c,242.62893460593915,245.0588195247506,242.62893460593915,244.48749251369173,245.0588195247506,242.62893460593915,0.2079421093942327,0.7109335401307479,245.02322151275106,245.0588195247506
sequence_droop,0.5,1.0,1.0,ld626_load_c,b2055,c,242.8624453907803,245.04173808023415,242.8624453907803,244.35447695155005,245.04173808023415,242.8624453907803,0.28887904730202063,0.6578159078110362,244.9879716230354,245.04173808023415
sequence_droop,0.5,1.0,1.0,ld868_load_a,b2190,a,244.44876082474863,245.05843341229993,242.69320234899422,244.44876082474863,245.05843341229993,242.69320234899422,0.23142972207451665,0.6973204883189049,245.01821025733273,245.05843341229993
unity,1.0,1.0,1.0,ld1291_load_b,b828,b,245.69712775648068,245.69712775648068,242.13925675280964,245.29281652789396,245.69712775648068,242.13925675280964,0.09106498629023768,0.9828368982497949,245.68501719022868,245.69712775648068
unity,1.0,1.0,1.0,ld1446_load_c,b260,c,242.22571973504105,245.81040228075517,242.22571973504105,245.30913115283903,245.81040228075517,242.22571973504105,0.12162145648574087,0.9805848746746018,245.77227841280902,245.81040228075517
unity,1.0,1.0,1.0,ld1668_load_a,b605,a,245.29236098522023,245.7027600422306,242.08117940592857,245.29236098522023,245.7027600422306,242.08117940592857,0.07653773150293318,0.9836515239203251,245.6715011509257,245.7027600422306
unity,1.0,1.0,1.0,ld1895_load_b,b1804,b,246.11947099419777,246.11947099419777,242.4731181278582,245.3533884622677,246.11947099419777,242.4731181278582,0.2164032179353026,0.9743206143226413,246.0120221611875,246.11947099419777
unity,1.0,1.0,1.0,ld1970_load_c,b2492,c,242.5653508418695,246.184111800089,242.5653508418695,245.36359853178388,246.184111800089,242.5653508418695,0.2434187353576604,0.9724478059193414,246.07410284524946,246.184111800089
unity,1.0,1.0,1.0,ld2050_load_a,b1821,a,245.34449042677414,246.0546810527331,242.43302707442737,245.34449042677414,246.0546810527331,242.43302707442737,0.19793651675993384,0.9754560391318448,245.96563176092275,246.0546810527331
unity,1.0,1.0,1.0,ld2186_load_b,b1754,b,246.20017818106945,246.20017818106945,242.5688150959955,245.36585152003678,246.20017818106945,242.5688150959955,0.24646499719159334,0.9722587200438392,246.0845788261958,246.20017818106945
unity,1.0,1.0,1.0,ld248_load_b,b2560,b,245.7654433216361,245.7654433216361,242.16163590563232,245.3020832714209,245.7654433216361,242.16163590563232,0.10179058190117875,0.9819194279939368,245.72918723545203,245.7654433216361
unity,1.0,1.0,1.0,ld24_load_a,b1044,a,245.33467472396345,245.98969289405565,242.36560521120458,245.33467472396345,245.98969289405565,242.36560521120458,0.17527655742322074,0.9769899578197586,245.91007984528898,245.98969289405565
unity,1.0,1.0,1.0,ld2804_load_c,b2443,c,242.39608464746016,246.01106198496893,242.39608464746016,245.33803897686568,246.01106198496893,242.39608464746016,0.18433484762213306,0.9763643382971032,245.93058518040667,246.01106198496893
unity,1.0,1.0,1.0,ld626_load_c,b2055,c,242.5944712771216,246.22513248288885,242.5944712771216,245.36957154846317,246.22513248288885,242.5944712771216,0.2552001821877345,0.9716799046221986,246.1056722171007,246.22513248288885
unity,1.0,1.0,1.0,ld868_load_a,b2190,a,245.347074446604,246.07106740779162,242.45639941061307,245.347074446604,246.07106740779162,242.45639941061307,0.20488150532689287,0.9749786001315169,245.98136155516326,246.07106740779162
mean_vv,1.0,1.0,1.0,ld1291_load_b,b828,b,245.67123295660036,245.67123295660036,242.11886862920542,245.27349073575758,245.67123295660036,242.11886862920542,0.09103807154069421,0.983543835350541,245.66002710000063,245.67123295660036
mean_vv,1.0,1.0,1.0,ld1446_load_c,b260,c,242.19065844027622,245.7659169191374,242.19065844027622,245.27538119027892,245.7659169191374,242.19065844027622,0.12017266625039554,0.9819079101195977,245.73246392627783,245.7659169191374
mean_vv,1.0,1.0,1.0,ld1668_load_a,b605,a,245.26178614082778,245.66263722811357,242.04949409889306,245.26178614082778,245.66263722811357,242.04949409889306,0.07497668825970241,0.9848408764093451,245.63527192843048,245.66263722811357
mean_vv,1.0,1.0,1.0,ld1895_load_b,b1804,b,246.02790877551848,246.02790877551848,242.40103677678295,245.2832830541413,246.02790877551848,242.40103677678295,0.20938017862964606,0.9772352431292544,245.93475160472167,246.02790877551848
mean_vv,1.0,1.0,1.0,ld1970_load_c,b2492,c,242.49215059876366,246.0910785260297,242.49215059876366,245.29248090401268,246.0910785260297,242.49215059876366,0.2369215974977931,0.9754104017560534,245.9955727942875,246.0910785260297
mean_vv,1.0,1.0,1.0,ld2050_load_a,b1821,a,245.28368555804295,245.97513769546126,242.37038992960262,245.28368555804295,245.97513769546126,242.37038992960262,0.1926666749045609,0.9779581706568841,245.89788352216215,245.97513769546126
mean_vv,1.0,1.0,1.0,ld2186_load_b,b1754,b,246.10215994221375,246.10215994221375,242.49166790152856,245.2908448515641,246.10215994221375,242.49166790152856,0.23921753824903633,0.9753926275224776,246.0020911116443,246.10215994221375
mean_vv,1.0,1.0,1.0,ld248_load_b,b2560,b,245.72195267712647,245.72195267712647,242.127330737619,245.2690086576013,245.72195267712647,242.127330737619,0.10020022107571709,0.9832150317950137,245.69022067322408,245.72195267712647
mean_vv,1.0,1.0,1.0,ld24_load_a,b1044,a,245.27935551816785,245.91730648303115,242.30859439317265,245.27935551816785,245.91730648303115,242.30859439317265,0.1706203318442171,0.9792511060770591,245.84806695091794,245.91730648303115
mean_vv,1.0,1.0,1.0,ld2804_load_c,b2443,c,242.33870886114988,245.9381956246355,242.33870886114988,245.2823912916177,245.9381956246355,242.33870886114988,0.1798261869780409,0.9786401784106281,245.86816208433723,245.9381956246355
mean_vv,1.0,1.0,1.0,ld626_load_c,b2055,c,242.51522711976205,246.12443965811565,242.51522711976205,245.2925186053022,246.12443965811565,242.51522711976205,0.2477154950381909,0.9749059166207421,246.0210449107052,246.12443965811565
mean_vv,1.0,1.0,1.0,ld868_load_a,b2190,a,245.286014904019,245.99115271828225,242.39347982237334,245.286014904019,245.99115271828225,242.39347982237334,0.19972616980667807,0.9774923395170998,245.91329571766315,245.99115271828225
mean_vv_vw,1.0,1.0,1.0,ld1291_load_b,b828,b,245.6712329566004,245.6712329566004,242.11886862920545,245.27349073575758,245.6712329566004,242.11886862920545,0.09103807154069629,0.983543835350541,245.66002710000063,245.6712329566004
mean_vv_vw,1.0,1.0,1.0,ld1446_load_c,b260,c,242.19065844027625,245.7659169191374,242.19065844027625,245.27538119027892,245.7659169191374,242.19065844027625,0.12017266625039776,0.981907910119594,245.73246392627783,245.7659169191374
mean_vv_vw,1.0,1.0,1.0,ld1668_load_a,b605,a,245.26178614082778,245.66263722811357,242.0494940988931,245.26178614082778,245.66263722811357,242.0494940988931,0.07497668825970448,0.9848408764093489,245.63527192843048,245.66263722811357
mean_vv_vw,1.0,1.0,1.0,ld1895_load_b,b1804,b,246.02790877551848,246.02790877551848,242.40103677678295,245.2832830541413,246.02790877551848,242.40103677678295,0.20938017862964817,0.9772352431292544,245.93475160472167,246.02790877551848
mean_vv_vw,1.0,1.0,1.0,ld1970_load_c,b2492,c,242.49215059876366,246.0910785260297,242.49215059876366,245.29248090401268,246.0910785260297,242.49215059876366,0.23692159749779515,0.9754104017560575,245.9955727942875,246.0910785260297
mean_vv_vw,1.0,1.0,1.0,ld2050_load_a,b1821,a,245.28368555804298,245.97513769546126,242.37038992960262,245.28368555804298,245.97513769546126,242.37038992960262,0.19266667490456327,0.977958170656884,245.89788352216215,245.97513769546126
mean_vv_vw,1.0,1.0,1.0,ld2186_load_b,b1754,b,246.10215994221377,246.10215994221377,242.49166790152856,245.2908448515641,246.10215994221377,242.49166790152856,0.23921753824903863,0.9753926275224776,246.00209111164432,246.10215994221377
mean_vv_vw,1.0,1.0,1.0,ld248_load_b,b2560,b,245.72195267712647,245.72195267712647,242.12733073761902,245.2690086576013,245.72195267712647,242.12733073761902,0.10020022107571937,0.9832150317950172,245.69022067322408,245.72195267712647
mean_vv_vw,1.0,1.0,1.0,ld24_load_a,b1044,a,245.27935551816785,245.91730648303115,242.30859439317265,245.27935551816785,245.91730648303115,242.30859439317265,0.17062033184421907,0.979251106077063,245.84806695091794,245.91730648303115
mean_vv_vw,1.0,1.0,1.0,ld2804_load_c,b2443,c,242.33870886114988,245.9381956246355,242.33870886114988,245.2823912916177,245.9381956246355,242.33870886114988,0.17982618697804292,0.9786401784106281,245.86816208433723,245.9381956246355
mean_vv_vw,1.0,1.0,1.0,ld626_load_c,b2055,c,242.51522711976207,246.12443965811565,242.51522711976207,245.29251860530223,246.12443965811565,242.51522711976207,0.2477154950381932,0.974905916620742,246.0210449107052,246.12443965811565
mean_vv_vw,1.0,1.0,1.0,ld868_load_a,b2190,a,245.286014904019,245.99115271828225,242.39347982237337,245.286014904019,245.99115271828225,242.39347982237337,0.19972616980668043,0.9774923395171036,245.91329571766315,245.99115271828225
worst_vv_vw,1.0,1.0,1.0,ld1291_load_b,b828,b,245.66349331930618,245.66349331930618,242.1127723859549,245.26771055105266,245.66349331930618,242.1127723859549,0.0910296152559908,0.9837549731389951,245.65257026831696,245.66349331930618
worst_vv_vw,1.0,1.0,1.0,ld1446_load_c,b260,c,242.1802736849193,245.75274465572417,242.1802736849193,245.26538296847212,245.75274465572417,242.1802736849193,0.11977581705043673,0.9822992700818964,245.72067443350878,245.75274465572417
worst_vv_vw,1.0,1.0,1.0,ld1668_load_a,b605,a,245.25270644880754,245.65072797183942,242.04008704628563,245.25270644880754,245.65072797183942,242.04008704628563,0.07454552552193083,0.9851935412824313,245.62452125053952,245.65072797183942
worst_vv_vw,1.0,1.0,1.0,ld1895_load_b,b1804,b,246.00087779184383,246.00087779184383,242.37975147472375,245.26258128040863,246.00087779184383,242.37975147472375,0.20745160049799444,0.9780973594359839,245.91193507730972,246.00087779184383
worst_vv_vw,1.0,1.0,1.0,ld1970_load_c,b2492,c,242.47054081143614,246.0636221222684,242.47054081143614,245.271486729177,246.0636221222684,242.47054081143614,0.23514222282691294,0.9762865026490105,245.97239180037545,246.0636221222684
worst_vv_vw,1.0,1.0,1.0,ld2050_load_a,b1821,a,245.26575026785562,245.95168290593503,242.3519153264013,245.26575026785562,245.95168290593503,242.3519153264013,0.19122683761674947,0.9786967582529987,245.87790055582184,245.95168290593503
worst_vv_vw,1.0,1.0,1.0,ld2186_load_b,b1754,b,246.07330699106757,246.07330699106757,242.46895208292628,245.2687600595261,246.07330699106757,242.46895208292628,0.2372391168177619,0.9763170279168016,245.9778012442799,246.07330699106757
worst_vv_vw,1.0,1.0,1.0,ld248_load_b,b2560,b,245.70907234139455,245.70907234139455,242.11716821282326,245.25920863572222,245.70907234139455,242.11716821282326,0.0997642921868614,0.98359833044013,245.67868013142902,245.70907234139455
worst_vv_vw,1.0,1.0,1.0,ld24_load_a,b1044,a,245.26298987881847,245.89589898709139,242.2917297738207,245.26298987881847,245.89589898709139,242.2917297738207,0.16934168783464795,0.9799204228551287,245.82972507498806,245.89589898709139
worst_vv_vw,1.0,1.0,1.0,ld2804_load_c,b2443,c,242.32173774370065,245.91664838782,242.32173774370065,245.26593008391632,245.91664838782,242.32173774370065,0.1785891830112569,0.9793137955368555,245.84970071470923,245.91664838782
worst_vv_vw,1.0,1.0,1.0,ld626_load_c,b2055,c,242.49189915323856,246.094806346801,242.49189915323856,245.26983684821158,246.094806346801,242.49189915323856,0.24567288895766093,0.9758573958471222,245.9961307699372,246.094806346801
worst_vv_vw,1.0,1.0,1.0,ld868_load_a,b2190,a,245.26800585414608,245.96759029390904,242.3749231499787,245.26800585414608,245.96759029390904,242.3749231499787,0.19831847574058997,0.9782343119743403,245.89322064003116,245.96759029390904
sequence_vv_vw,1.0,1.0,1.0,ld1291_load_b,b828,b,245.6712702434465,245.6712702434465,242.11889798704487,245.27351857364957,245.6712702434465,242.11889798704487,0.09103813942632882,0.9835428149372045,245.66006285397532,245.6712702434465
sequence_vv_vw,1.0,1.0,1.0,ld1446_load_c,b260,c,242.19070721562474,245.76597879790663,242.19070721562474,245.27542813769642,245.76597879790663,242.19070721562474,0.12017457069167924,0.981906072267545,245.73251928332945,245.76597879790663
sequence_vv_vw,1.0,1.0,1.0,ld1668_load_a,b605,a,245.26182881421437,245.66269322025917,242.0495383205476,245.26182881421437,245.66269322025917,242.0495383205476,0.07497876331032695,0.9848392184668725,245.63532244141024,245.66269322025917
sequence_vv_vw,1.0,1.0,1.0,ld1895_load_b,b1804,b,246.02803487560243,246.02803487560243,242.40113607169113,245.28337962444158,246.02803487560243,242.40113607169113,0.20938933110447797,0.9772312239763075,245.93485805041024,246.02803487560243
sequence_vv_vw,1.0,1.0,1.0,ld1970_load_c,b2492,c,242.49225138588875,246.09120658313483,242.49225138588875,245.2925788204542,246.09120658313483,242.49225138588875,0.23693004465919915,0.9754063181082006,245.99568091678736,246.09120658313483
sequence_vv_vw,1.0,1.0,1.0,ld2050_load_a,b1821,a,245.2837691428511,245.9752470160755,242.37047603429082,245.2837691428511,245.9752470160755,242.37047603429082,0.19267350158225094,0.9779547302556806,245.8979766724274,245.9752470160755
sequence_vv_vw,1.0,1.0,1.0,ld2186_load_b,b1754,b,246.10229399751475,246.10229399751475,242.49177344201374,245.29094745800614,246.10229399751475,242.49177344201374,0.2392268841648856,0.9753883359401037,246.00220399329186,246.10229399751475
sequence_vv_vw,1.0,1.0,1.0,ld248_load_b,b2560,b,245.72201316148795,245.72201316148795,242.1273784518741,245.26905465841972,245.72201316148795,242.1273784518741,0.10020231243095754,0.9832132323563358,245.690274841324,245.72201316148795
sequence_vv_vw,1.0,1.0,1.0,ld24_load_a,b1044,a,245.27943208503623,245.91740665072385,242.30867330012654,245.27943208503623,245.91740665072385,242.30867330012654,0.17062642543897455,0.9792479756509713,245.8481527651591,245.91740665072385
sequence_vv_vw,1.0,1.0,1.0,ld2804_load_c,b2443,c,242.33878826556702,245.9382964453551,242.33878826556702,245.2824683052163,245.9382964453551,242.33878826556702,0.17983208300246165,0.9786370278978708,245.86824845695443,245.9382964453551
sequence_vv_vw,1.0,1.0,1.0,ld626_load_c,b2055,c,242.51533546216808,246.12457728487294,242.51533546216808,245.29262394522365,246.12457728487294,242.51533546216808,0.2477251403778694,0.974901501142742,246.02116064906016,246.12457728487294
sequence_vv_vw,1.0,1.0,1.0,ld868_load_a,b2190,a,245.2860988314319,245.99126253866973,242.39356630795177,245.2860988314319,245.99126253866973,242.39356630795177,0.19973284468297028,0.9774888833997725,245.9133892956014,245.99126253866973
sequence_droop,1.0,1.0,1.0,ld1291_load_b,b828,b,245.38379584933605,245.38379584933605,242.49319028668606,244.95557086653346,245.38379584933605,242.49319028668606,0.09451553397113985,0.808764855069992,245.37686229531775,245.38379584933605
sequence_droop,1.0,1.0,1.0,ld1446_load_c,b260,c,242.647051585721,245.42497853954714,242.647051585721,244.9676860108724,245.42497853954714,242.647051585721,0.12401498908082362,0.7830830780529172,245.40642671964162,245.42497853954714
sequence_droop,1.0,1.0,1.0,ld1668_load_a,b605,a,245.00755713210862,245.36691967071906,242.43876243993373,245.00755713210862,245.36691967071906,242.43876243993373,0.07730980666817139,0.8162374870484475,245.35211100174982,245.36691967071906
sequence_droop,1.0,1.0,1.0,ld1895_load_b,b1804,b,245.50947333889698,245.50947333889698,243.08670914704302,244.9672781007146,245.50947333889698,243.08670914704302,0.2118179028695038,0.7032681400560152,245.45989972124505,245.50947333889698
sequence_droop,1.0,1.0,1.0,ld1970_load_c,b2492,c,243.21725900230373,245.5547480403661,243.21725900230373,244.94807085578705,245.5547480403661,243.21725900230373,0.24105822564325055,0.6848894748969827,245.50363309879594,245.5547480403661
sequence_droop,1.0,1.0,1.0,ld2050_load_a,b1821,a,244.965846334556,245.5038738969768,243.00371478349626,244.965846334556,245.5038738969768,243.00371478349626,0.19612323375334975,0.7209113486635632,245.46238757603058,245.5038738969768
sequence_droop,1.0,1.0,1.0,ld2186_load_b,b1754,b,245.56022505601894,245.56022505601894,243.22660157591187,244.95866302689632,245.56022505601894,243.22660157591187,0.2422237788582039,0.683705349641052,245.50663090304135,245.56022505601894
sequence_droop,1.0,1.0,1.0,ld248_load_b,b2560,b,245.3989657776243,245.3989657776243,242.55608270716692,244.98667535542276,245.3989657776243,242.55608270716692,0.10339335941721693,0.7973318072688482,245.38157339894144,245.3989657776243
sequence_droop,1.0,1.0,1.0,ld24_load_a,b1044,a,244.96923188902892,245.47096964581488,242.90000345481315,244.96923188902892,245.47096964581488,242.90000345481315,0.17411540596974348,0.7366008006364749,245.43391189292444,245.47096964581488
sequence_droop,1.0,1.0,1.0,ld2804_load_c,b2443,c,242.94320308944376,245.4848407773155,242.94320308944376,244.96169638010383,245.4848407773155,242.94320308944376,0.18382595977448105,0.7302202082169561,245.447256422791,245.4848407773155
sequence_droop,1.0,1.0,1.0,ld626_load_c,b2055,c,243.26711988310112,245.57158723313515,243.26711988310112,244.9564592393741,245.57158723313515,243.26711988310112,0.25076988924392674,0.6772533339287641,245.51620711494462,245.57158723313515
sequence_droop,1.0,1.0,1.0,ld868_load_a,b2190,a,244.96052810920548,245.51484995451784,243.0368186719752,244.96052810920548,245.51484995451784,243.0368186719752,0.2035609975111317,0.7161310401844481,245.47296524658444,245.51484995451784
unity,0.0,1.03,1.0,ld1291_load_b,b828,b,252.36907877354173,252.36907877354173,248.74016836130716,251.93007486601414,252.36907877354173,248.74016836130716,0.09415923367006003,0.9807576305795004,252.35681697691805,252.36907877354173
unity,0.0,1.03,1.0,ld1446_load_c,b260,c,248.75455654372553,252.37532048103574,248.75455654372553,251.80528033255297,252.37532048103574,248.75455654372553,0.14281028785524352,0.9744736646331439,252.33854966211817,252.37532048103574
unity,0.0,1.03,1.0,ld1668_load_a,b605,a,251.92194603409317,252.395906694624,248.73225248551594,251.92194603409317,252.395906694624,248.73225248551594,0.09438604681713242,0.9777984870503984,252.36576232565673,252.395906694624
unity,0.0,1.03,1.0,ld1895_load_b,b1804,b,252.38809814641817,252.38809814641817,248.7952004587662,251.46574959009763,252.38809814641817,248.7952004587662,0.27985734098681614,0.9580458748178011,252.2850703408146,252.38809814641817
unity,0.0,1.03,1.0,ld1970_load_c,b2492,c,248.80930273581444,252.37337787183432,248.80930273581444,251.39577566836724,252.37337787183432,248.80930273581444,0.3084974958435336,0.9563497052500419,252.26787153452713,252.37337787183432
unity,0.0,1.03,1.0,ld2050_load_a,b1821,a,251.53714722246534,252.3802669557797,248.78831844378544,251.53714722246534,252.3802669557797,248.78831844378544,0.2507847652673189,0.9619540952885878,252.29490282053578,252.3802669557797
unity,0.0,1.03,1.0,ld2186_load_b,b1754,b,252.3779689347251,252.3779689347251,248.81014263354712,251.37772711981708,252.3779689347251,248.81014263354712,0.3154546249655778,0.9550876863004276,252.26730846419952,252.3779689347251
unity,0.0,1.03,1.0,ld248_load_b,b2560,b,252.38549547982117,252.38549547982117,248.7447414553004,251.85389703041952,252.38549547982117,248.7447414553004,0.12243048370433574,0.9757003968904148,252.35054569283471,252.38549547982117
unity,0.0,1.03,1.0,ld24_load_a,b1044,a,251.60825121968907,252.38428299458425,248.77761224021984,251.60825121968907,252.38428299458425,248.77761224021984,0.2220424590313714,0.9647653024226344,252.30782549022317,252.38428299458425
unity,0.0,1.03,1.0,ld2804_load_c,b2443,c,248.78227656821812,252.37942881575924,248.78227656821812,251.5851290790931,252.37942881575924,248.78227656821812,0.23156371668828532,0.964195116796372,252.302132670172,252.37942881575924
unity,0.0,1.03,1.0,ld626_load_c,b2055,c,248.814211731299,252.37655970837687,248.814211731299,251.3504456328039,252.37655970837687,248.814211731299,0.32654166046102506,0.9540160630730538,252.26221723811824,252.37655970837687
unity,0.0,1.03,1.0,ld868_load_a,b2190,a,251.51941383661992,252.37654163243596,248.7918925517917,251.51941383661992,252.37654163243596,248.7918925517917,0.25808576237919645,0.9615198123785904,252.29054056473487,252.37654163243596
mean_vv,0.0,1.03,1.0,ld1291_load_b,b828,b,252.30641231480024,252.30641231480024,248.69083106940332,251.883281321837,252.30641231480024,248.69083106940332,0.09405777925646791,0.9824303532208295,252.29676106120937,252.30641231480024
mean_vv,0.0,1.03,1.0,ld1446_load_c,b260,c,248.67284333177267,252.27162615719465,248.67284333177267,251.72659223195015,252.27162615719465,248.67284333177267,0.1402502592016651,0.9774865191398111,252.2457898948994,252.27162615719465
mean_vv,0.0,1.03,1.0,ld1668_load_a,b605,a,251.85034244097565,252.30196951901758,248.65808492873023,251.85034244097565,252.30196951901758,248.65808492873023,0.09173546070501627,0.9805180890916464,252.28103762451576,252.30196951901758
mean_vv,0.0,1.03,1.0,ld1895_load_b,b1804,b,252.17671573457824,252.17671573457824,248.628850662315,251.30376834842957,252.17671573457824,248.628850662315,0.26879179904291683,0.9647001096952376,252.10663590734265,252.17671573457824
mean_vv,0.0,1.03,1.0,ld1970_load_c,b2492,c,248.64043019747797,252.1586922198557,248.64043019747797,251.23151435889613,252.1586922198557,248.64043019747797,0.2980459255143023,0.9631125960877954,252.08660650820232,252.1586922198557
mean_vv,0.0,1.03,1.0,ld2050_load_a,b1821,a,251.3971288935653,252.1972285650864,248.6442251727186,251.3971288935653,252.1972285650864,248.6442251727186,0.24234041556833003,0.9676284648921638,252.13893146358635,252.1972285650864
mean_vv,0.0,1.03,1.0,ld2186_load_b,b1754,b,252.1535635044642,252.1535635044642,248.6335794449482,251.20585278700403,252.1535635044642,248.6335794449482,0.30402644305529647,0.9621904116553642,252.07833356972253,252.1535635044642
mean_vv,0.0,1.03,1.0,ld248_load_b,b2560,b,252.28414191121348,252.28414191121348,248.66481092829986,251.77680057513308,252.28414191121348,248.66481092829986,0.11969014543970519,0.9786498015970223,252.2597829162038,252.28414191121348
mean_vv,0.0,1.03,1.0,ld24_load_a,b1044,a,251.4798046473522,252.21632069344315,248.64536259834023,251.4798046473522,252.21632069344315,248.64536259834023,0.21449786077369248,0.9699296809441579,252.16393914413916,252.21632069344315
mean_vv,0.0,1.03,1.0,ld2804_load_c,b2443,c,248.64918748308295,252.2103659831901,248.64918748308295,251.4559276035972,252.2103659831901,248.64918748308295,0.22419450682760445,0.969393092966562,252.1573050351507,252.2103659831901
mean_vv,0.0,1.03,1.0,ld626_load_c,b2055,c,248.63296512993975,252.1461781134329,248.63296512993975,251.17399000907318,252.1461781134329,248.63296512993975,0.3147435360654484,0.9613275841887227,252.06846140107731,252.1461781134329
mean_vv,0.0,1.03,1.0,ld868_load_a,b2190,a,251.37881703941585,252.19266190529942,248.6471572004899,251.37881703941585,252.19266190529942,248.6471572004899,0.24977528654322353,0.9672204931223883,252.1338490858135,252.19266190529942
mean_vv_vw,0.0,1.03,1.0,ld1291_load_b,b828,b,252.30641231480027,252.30641231480027,248.69083106940334,251.883281321837,252.30641231480027,248.69083106940334,0.09405777925646702,0.9824303532208257,252.2967610612094,252.30641231480027
mean_vv_vw,0.0,1.03,1.0,ld1446_load_c,b260,c,248.67284333177267,252.27162615719467,248.67284333177267,251.72659223195015,252.27162615719467,248.67284333177267,0.14025025920166453,0.9774865191398147,252.24578989489942,252.27162615719467
mean_vv_vw,0.0,1.03,1.0,ld1668_load_a,b605,a,251.85034244097565,252.3019695190176,248.65808492873023,251.85034244097565,252.3019695190176,248.65808492873023,0.09173546070501548,0.980518089091654,252.2810376245158,252.3019695190176
mean_vv_vw,0.0,1.03,1.0,ld1895_load_b,b1804,b,252.17671573457827,252.17671573457827,248.628850662315,251.30376834842957,252.17671573457827,248.628850662315,0.2687917990429161,0.9647001096952377,252.10663590734268,252.17671573457827
mean_vv_vw,0.0,1.03,1.0,ld1970_load_c,b2492,c,248.64043019747797,252.15869221985574,248.64043019747797,251.23151435889613,252.15869221985574,248.64043019747797,0.2980459255143016,0.9631125960878032,252.08660650820235,252.15869221985574
mean_vv_vw,0.0,1.03,1.0,ld2050_load_a,b1821,a,251.3971288935653,252.19722856508642,248.6442251727186,251.3971288935653,252.19722856508642,248.6442251727186,0.2423404155683295,0.9676284648921715,252.13893146358637,252.19722856508642
mean_vv_vw,0.0,1.03,1.0,ld2186_load_b,b1754,b,252.15356350446422,252.15356350446422,248.6335794449482,251.20585278700403,252.15356350446422,248.6335794449482,0.304026443055296,0.9621904116553678,252.07833356972256,252.15356350446422
mean_vv_vw,0.0,1.03,1.0,ld248_load_b,b2560,b,252.2841419112135,252.2841419112135,248.66481092829986,251.77680057513308,252.2841419112135,248.66481092829986,0.11969014543970467,0.9786498015970223,252.25978291620382,252.2841419112135
mean_vv_vw,0.0,1.03,1.0,ld24_load_a,b1044,a,251.47980464735218,252.2163206934432,248.64536259834023,251.47980464735218,252.2163206934432,248.64536259834023,0.21449786077369168,0.9699296809441617,252.1639391441392,252.2163206934432
mean_vv_vw,0.0,1.03,1.0,ld2804_load_c,b2443,c,248.64918748308295,252.21036598319012,248.64918748308295,251.4559276035972,252.21036598319012,248.64918748308295,0.22419450682760372,0.9693930929665661,252.15730503515073,252.21036598319012
mean_vv_vw,0.0,1.03,1.0,ld626_load_c,b2055,c,248.63296512993975,252.14617811343294,248.63296512993975,251.17399000907318,252.14617811343294,248.63296512993975,0.31474353606544797,0.9613275841887268,252.06846140107734,252.14617811343294
mean_vv_vw,0.0,1.03,1.0,ld868_load_a,b2190,a,251.37881703941585,252.19266190529945,248.6471572004899,251.37881703941585,252.19266190529945,248.6471572004899,0.24977528654322298,0.9672204931223923,252.13384908581352,252.19266190529945
worst_vv_vw,0.0,1.03,1.0,ld1291_load_b,b828,b,252.29866223536328,252.29866223536328,248.68472126118922,251.87748483359445,252.29866223536328,248.68472126118922,0.09405529010391428,0.9826358228297881,252.28928861172517,252.29866223536328
worst_vv_vw,0.0,1.03,1.0,ld1446_load_c,b260,c,248.66241488391867,252.2584027612415,248.66241488391867,251.7165419413567,252.2584027612415,248.66241488391867,0.13998375064081706,0.9778704072123563,252.23395001981984,252.2584027612415
worst_vv_vw,0.0,1.03,1.0,ld1668_load_a,b605,a,251.84121900097452,252.29001899202532,248.64864289029035,251.84121900097452,252.29001899202532,248.64864289029035,0.09146261403045332,0.9808635754010582,252.27024571953217,252.29001899202532
worst_vv_vw,0.0,1.03,1.0,ld1895_load_b,b1804,b,252.14955724976403,252.14955724976403,248.60746900340715,251.28294715614908,252.14955724976403,248.60746900340715,0.2676329088079668,0.9655585602255399,252.08370483734484,252.14955724976403
worst_vv_vw,0.0,1.03,1.0,ld1970_load_c,b2492,c,248.61871349025148,252.13109676477856,248.61871349025148,251.21039282486126,252.13109676477856,248.61871349025148,0.29694995930027884,0.9639854046850056,252.06330093221302,252.13109676477856
worst_vv_vw,0.0,1.03,1.0,ld2050_load_a,b1821,a,251.37908781418832,252.17366167890478,248.62566361094977,251.37908781418832,252.17366167890478,248.62566361094977,0.24145317137470795,0.9683611176182587,252.11884638292207,252.17366167890478
worst_vv_vw,0.0,1.03,1.0,ld2186_load_b,b1754,b,252.1245539959968,252.1245539959968,248.61074465386872,251.18362464407963,252.1245539959968,248.61074465386872,0.3028201199652668,0.9631127654919391,252.05390463438397,252.1245539959968
worst_vv_vw,0.0,1.03,1.0,ld248_load_b,b2560,b,252.27121384320915,252.27121384320915,248.65460802176105,251.7669510815074,252.27121384320915,248.65460802176105,0.11940581665316477,0.9790256620438936,252.24819518921424,252.27121384320915
worst_vv_vw,0.0,1.03,1.0,ld24_load_a,b1044,a,251.4633517713569,252.19482259576873,248.62842708070767,251.4633517713569,252.19482259576873,248.62842708070767,0.21371141600495144,0.9705921089178574,252.14551337557072,252.19482259576873
worst_vv_vw,0.0,1.03,1.0,ld2804_load_c,b2443,c,248.63214276746473,252.18872523914794,248.63214276746473,251.43937711807433,252.18872523914794,248.63214276746473,0.22342590992653774,0.9700598850902248,252.13875720143506,252.18872523914794
worst_vv_vw,0.0,1.03,1.0,ld626_load_c,b2055,c,248.60951259353214,252.11638070073099,248.60951259353214,251.151158726791,252.11638070073099,248.60951259353214,0.3134973827742112,0.9622777552563404,252.04340192491364,252.11638070073099
worst_vv_vw,0.0,1.03,1.0,ld868_load_a,b2190,a,251.36070044706082,252.16898488400727,248.62851126100117,251.36070044706082,252.16898488400727,248.62851126100117,0.2489017093903634,0.9679565953253438,252.1136696924118,252.16898488400727
sequence_vv_vw,0.0,1.03,1.0,ld1291_load_b,b828,b,252.30645026637026,252.30645026637026,248.69086097403988,251.88330969558217,252.30645026637026,248.69086097403988,0.09405782055065089,0.9824293430681432,252.29679743744163,252.30645026637026
sequence_vv_vw,0.0,1.03,1.0,ld1446_load_c,b260,c,248.6728928064898,252.2716889042981,248.6728928064898,251.72663989705617,252.2716889042981,248.6728928064898,0.14025155925968463,0.9774846983377691,252.24584604460009,252.2716889042981
sequence_vv_vw,0.0,1.03,1.0,ld1668_load_a,b605,a,251.85038574737226,252.30202626830345,248.65812975907963,251.85038574737226,252.30202626830345,248.65812975907963,0.09173679781320805,0.980516448723592,252.28108883331177,252.30202626830345
sequence_vv_vw,0.0,1.03,1.0,ld1895_load_b,b1804,b,252.17684346962994,252.17684346962994,248.62895122690173,251.3038662746649,252.17684346962994,248.62895122690173,0.2687973937579747,0.9646960749781667,252.10674376929973,252.17684346962994
sequence_vv_vw,0.0,1.03,1.0,ld1970_load_c,b2492,c,248.64053231358312,252.15882197878074,248.64053231358312,251.23161367741693,252.15882197878074,248.64053231358312,0.29805121416919556,0.9631084946727626,252.08671610502293,252.15882197878074
sequence_vv_vw,0.0,1.03,1.0,ld2050_load_a,b1821,a,251.3972136611436,252.19733930962056,248.64431239326746,251.3972136611436,252.19733930962056,248.64431239326746,0.242344690306252,0.9676250243957047,252.13902586175172,252.19733930962056
sequence_vv_vw,0.0,1.03,1.0,ld2186_load_b,b1754,b,252.15369929124537,252.15369929124537,248.63368633024052,251.20595683091184,252.15369929124537,248.63368633024052,0.3040322320179377,0.962186097992671,252.0784479511577,252.15369929124537
sequence_vv_vw,0.0,1.03,1.0,ld248_load_b,b2560,b,252.28420322546995,252.28420322546995,248.66485930925015,251.77684726626327,252.28420322546995,248.66485930925015,0.11969153265769455,0.9786480196187987,252.25983784279495,252.28420322546995
sequence_vv_vw,0.0,1.03,1.0,ld24_load_a,b1044,a,251.47988230915047,252.21642218330157,248.64544254490013,251.47988230915047,252.21642218330157,248.64544254490013,0.2145016733101383,0.9699265552327613,252.16402612025172,252.21642218330157
sequence_vv_vw,0.0,1.03,1.0,ld2804_load_c,b2443,c,248.6492679449977,252.21046814655162,248.6492679449977,251.45600572637028,252.21046814655162,248.6492679449977,0.2241982323879497,0.9693899466652849,252.15739258755144,252.21046814655162
sequence_vv_vw,0.0,1.03,1.0,ld626_load_c,b2055,c,248.63307485418485,252.14631752059577,248.63307485418485,251.17409682614132,252.14631752059577,248.63307485418485,0.3147495133192829,0.9613231426564294,252.06857867942097,252.14631752059577
sequence_vv_vw,0.0,1.03,1.0,ld868_load_a,b2190,a,251.3789021609469,252.1927731658993,248.64724481623762,251.3789021609469,252.1927731658993,248.64724481623762,0.24977949500696506,0.9672170364663237,252.13394392588197,252.1927731658993
sequence_droop,0.0,1.03,1.0,ld1291_load_b,b828,b,252.07192691567286,252.07192691567286,249.20654000051456,251.63003884618868,252.07192691567286,249.20654000051456,0.09603538613063853,0.789703822416508,252.0684795313121,252.07192691567286
sequence_droop,0.0,1.03,1.0,ld1446_load_c,b260,c,249.25394934218775,251.97863780320785,249.25394934218775,251.4863277160427,251.97863780320785,249.25394934218775,0.14320761047874997,0.7650823147844371,251.96972966176426,251.97863780320785
sequence_droop,0.0,1.03,1.0,ld1668_load_a,b605,a,251.6543028990749,252.04572902995466,249.1550238320435,251.6543028990749,252.04572902995466,249.1550238320435,0.09366591234859514,0.7998503258100269,252.03923288013743,252.04572902995466
sequence_droop,0.0,1.03,1.0,ld1895_load_b,b1804,b,251.70173293833665,251.70173293833665,249.43464058488235,251.07785206498204,251.70173293833665,249.43464058488235,0.2736924076833574,0.680972212262856,251.67932121641903,251.70173293833665
sequence_droop,0.0,1.03,1.0,ld1970_load_c,b2492,c,249.48821817766205,251.6675581528615,249.48821817766205,250.98026137017663,251.6675581528615,249.48821817766205,0.3036847727124437,0.6631221128790215,251.643967584737,251.6675581528615
sequence_droop,0.0,1.03,1.0,ld2050_load_a,b1821,a,251.1620149665208,251.76995940204674,249.39522842094144,251.1620149665208,251.76995940204674,249.39522842094144,0.24711365453264944,0.7007234423364984,251.75072915998368,251.76995940204674
sequence_droop,0.0,1.03,1.0,ld2186_load_b,b1754,b,251.654572650761,251.654572650761,249.48364980076062,250.96334209406822,251.654572650761,249.48364980076062,0.30973308416417233,0.6622844209079141,251.62951736841057,251.654572650761
sequence_droop,0.0,1.03,1.0,ld248_load_b,b2560,b,252.0050980001562,252.0050980001562,249.21031674342507,251.55772320968666,252.0050980001562,249.21031674342507,0.1222836336004667,0.7799282238569891,251.99704147342732,252.0050980001562
sequence_droop,0.0,1.03,1.0,ld24_load_a,b1044,a,251.25169064808765,251.814459873869,249.35813286527735,251.25169064808765,251.814459873869,249.35813286527735,0.2186957706441339,0.7161934281439212,251.7977308304277,251.814459873869
sequence_droop,0.0,1.03,1.0,ld2804_load_c,b2443,c,249.37711012684042,251.80266060945345,249.37711012684042,251.21869793713225,251.80266060945345,249.37711012684042,0.22862273503760483,0.7098069633669459,251.78553603730532,251.80266060945345
sequence_droop,0.0,1.03,1.0,ld626_load_c,b2055,c,249.49967592395606,251.63614848411325,249.49967592395606,250.92865521248902,251.63614848411325,249.49967592395606,0.3206305884690401,0.6557057428544878,251.61019723396336,251.63614848411325
sequence_droop,0.0,1.03,1.0,ld868_load_a,b2190,a,251.13701106723823,251.76104136885814,249.40934236109223,251.13701106723823,251.76104136885814,249.40934236109223,0.2547215586770584,0.695997306847688,251.74150918943863,251.76104136885814
unity,0.5,1.03,1.0,ld1291_load_b,b828,b,252.70217049195085,252.70217049195085,249.0521481364524,252.28644608655156,252.70217049195085,249.0521481364524,0.09128694077394388,0.9822795299549112,252.69016651045274,252.70217049195085
unity,0.5,1.03,1.0,ld1446_load_c,b260,c,249.10148802824756,252.76049533982317,249.10148802824756,252.23223417486435,252.76049533982317,249.10148802824756,0.13036736498354118,0.9780770064935613,252.72360593302923,252.76049533982317
unity,0.5,1.03,1.0,ld1668_load_a,b605,a,252.28228005901641,252.71840355394798,249.020044202077,252.28228005901641,252.71840355394798,249.020044202077,0.08423561876338387,0.9811890961794975,252.68815752946878,252.71840355394798
unity,0.5,1.03,1.0,ld1895_load_b,b1804,b,252.9173085128699,252.9173085128699,249.24221566224284,252.0844714469681,252.9173085128699,249.24221566224284,0.24429322731576,0.9669021480305897,252.8136487065205,252.9173085128699
unity,0.5,1.03,1.0,ld1970_load_c,b2492,c,249.29414187519058,252.9414285564322,249.29414187519058,252.05454968739508,252.9414285564322,249.29414187519058,0.27185363442312116,0.9651666121699456,252.8352891155983,252.9414285564322
unity,0.5,1.03,1.0,ld2050_load_a,b1821,a,252.11577287901758,252.8818937663303,249.21928244862704,252.11577287901758,252.8818937663303,249.21928244862704,0.22102776224172532,0.9693942042450274,252.79599301711937,252.8818937663303
unity,0.5,1.03,1.0,ld2186_load_b,b1754,b,252.95157503407046,252.95157503407046,249.2962793132385,252.04669184887888,252.95157503407046,249.2962793132385,0.27670995471122506,0.9644467150407745,252.84014529538675,252.95157503407046
unity,0.5,1.03,1.0,ld248_load_b,b2560,b,252.74370538023675,252.74370538023675,249.06541860343475,252.2530648040461,252.74370538023675,249.06541860343475,0.11053083548459315,0.9793216672286154,252.70863199724585,252.74370538023675
unity,0.5,1.03,1.0,ld24_load_a,b1044,a,252.14641837223834,252.85223900604382,249.18110140987238,252.14641837223834,252.85223900604382,249.18110140987238,0.19570830629093902,0.9715251201703484,252.77537029214184,252.85223900604382
unity,0.5,1.03,1.0,ld2804_load_c,b2443,c,249.19825940498995,252.86021500583806,249.19825940498995,252.1365223762662,252.86021500583806,249.19825940498995,0.20489835564984185,0.9709438101054222,252.78250836555608,252.86021500583806
unity,0.5,1.03,1.0,ld626_load_c,b2055,c,249.31079936993487,252.9630195281372,249.31079936993487,252.0349014420036,252.9630195281372,249.31079936993487,0.28647320157890016,0.9636364996677036,252.84787602681328,252.9630195281372
unity,0.5,1.03,1.0,ld868_load_a,b2190,a,252.10818674015508,252.88800999158866,249.23243984112918,252.10818674015508,252.88800999158866,249.23243984112918,0.2280744947708024,0.96895092321067,252.80147263249992,252.88800999158866
mean_vv,0.5,1.03,1.0,ld1291_load_b,b828,b,252.6374504108886,252.6374504108886,249.00118397439132,252.23811912703175,252.6374504108886,249.00118397439132,0.09119423375677514,0.9840008270805781,252.6280337761916,252.6374504108886
mean_vv,0.5,1.03,1.0,ld1446_load_c,b260,c,249.01630862952808,252.65242281304828,249.01630862952808,252.15022473520727,252.65242281304828,249.01630862952808,0.12746034933333744,0.981203564609969,252.6269123807676,252.65242281304828
mean_vv,0.5,1.03,1.0,ld1668_load_a,b605,a,252.20772466717878,252.6205927619587,248.9428046832776,252.20772466717878,252.6205927619587,248.9428046832776,0.08116080310051586,0.9840096134582245,252.59990990170934,252.6205927619587
mean_vv,0.5,1.03,1.0,ld1895_load_b,b1804,b,252.69656519834317,252.69656519834317,249.06844771869586,251.91537643868517,252.69656519834317,249.06844771869586,0.2310618572034065,0.9737864245213489,252.62731578929245,252.69656519834317
mean_vv,0.5,1.03,1.0,ld1970_load_c,b2492,c,249.1177330290131,252.71722770131063,249.1177330290131,251.88307374349714,252.71722770131063,249.1177330290131,0.2594862412190597,0.9721621304537132,252.64599343160125,252.71722770131063
mean_vv,0.5,1.03,1.0,ld2050_load_a,b1821,a,251.96946030577712,252.69057500995734,249.06863131293446,251.96946030577712,252.69057500995734,249.06863131293446,0.21102948698480525,0.9752780310699907,252.63297713885026,252.69057500995734
mean_vv,0.5,1.03,1.0,ld2186_load_b,b1754,b,252.71675691791827,252.71675691791827,249.11146621028365,251.8669113709946,252.71675691791827,249.11146621028365,0.26308958414511524,0.9718055607141106,252.64242521919465,252.71675691791827
mean_vv,0.5,1.03,1.0,ld248_load_b,b2560,b,252.63806083727468,252.63806083727468,248.9820885652703,252.17270486372806,252.63806083727468,248.9820885652703,0.10738328649667525,0.9823830378313219,252.6140094019288,252.63806083727468
mean_vv,0.5,1.03,1.0,ld24_load_a,b1044,a,252.01246490375576,252.67703281977975,249.043114466973,252.01246490375576,252.67703281977975,249.043114466973,0.18679736478959943,0.9768727511685138,252.62526946495845,252.67703281977975
mean_vv,0.5,1.03,1.0,ld2804_load_c,b2443,c,249.05939738200308,252.68386175084453,249.05939738200308,252.00178342669423,252.68386175084453,249.05939738200308,0.1962315468466406,0.976325872129966,252.6314265144942,252.68386175084453
mean_vv,0.5,1.03,1.0,ld626_load_c,b2055,c,249.1210576397662,252.7219160448503,249.1210576397662,251.85030769510894,252.7219160448503,249.1210576397662,0.2724117501145796,0.9712105151078402,252.64512777353406,252.7219160448503
mean_vv,0.5,1.03,1.0,ld868_load_a,b2190,a,251.96127075248452,252.69581195266247,249.08111754550603,251.96127075248452,252.69581195266247,249.08111754550603,0.21826342656877992,0.9748617423021935,252.6377041785915,252.69581195266247
mean_vv_vw,0.5,1.03,1.0,ld1291_load_b,b828,b,252.59687519632993,252.59687519632993,248.96316600842167,252.19460577833465,252.59687519632993,248.96316600842167,0.09160008298095824,0.9838055261575818,252.58743013177198,252.59687519632993
mean_vv_vw,0.5,1.03,1.0,ld1446_load_c,b260,c,248.97503822342404,252.60670553303012,248.97503822342404,252.0994048863166,252.60670553303012,248.97503822342404,0.12899099042879733,0.9807621119968064,252.58115594514712,252.60670553303012
mean_vv_vw,0.5,1.03,1.0,ld1668_load_a,b605,a,252.1650614714909,252.58253410295927,248.90877311015365,252.1650614714909,252.58253410295927,248.90877311015365,0.08241915230836243,0.9835955623001803,252.5618213948516,252.58253410295927
mean_vv_vw,0.5,1.03,1.0,ld1895_load_b,b1804,b,252.63526664319596,252.63526664319596,249.01660303142052,251.84326891203406,252.63526664319596,249.01660303142052,0.23547992507117071,0.9727151492919701,252.56591998892327,252.63526664319596
mean_vv_vw,0.5,1.03,1.0,ld1970_load_c,b2492,c,249.06142914044779,252.65135390407895,249.06142914044779,251.8062415787199,252.65135390407895,249.06142914044779,0.2640074687904626,0.9710952166970318,252.58002000318007,252.65135390407895
mean_vv_vw,0.5,1.03,1.0,ld2050_load_a,b1821,a,251.9017756357016,252.63221184080206,249.01840413587803,251.9017756357016,252.63221184080206,249.01840413587803,0.21470909852093764,0.9743750822985243,252.5745314133177,252.63221184080206
mean_vv_vw,0.5,1.03,1.0,ld2186_load_b,b1754,b,252.65046891141753,252.65046891141753,249.05520927356707,251.7891158502758,252.65046891141753,249.05520927356707,0.2678767872968866,0.9706738774287291,252.57603217482838,252.65046891141753
mean_vv_vw,0.5,1.03,1.0,ld248_load_b,b2560,b,252.59568199114963,252.59568199114963,248.94407088542874,252.12532865951073,252.59568199114963,248.94407088542874,0.1088534803452855,0.9819395847931834,252.57159359985724,252.59568199114963
mean_vv_vw,0.5,1.03,1.0,ld24_load_a,b1044,a,251.94935606270496,252.62242910960322,248.99595330308568,251.94935606270496,252.62242910960322,248.99595330308568,0.19005927555335533,0.9760519822059022,252.5705926771155,252.62242910960322
mean_vv_vw,0.5,1.03,1.0,ld2804_load_c,b2443,c,249.01073465985155,252.62771721167033,249.01073465985155,251.93708424979914,252.62771721167033,249.01073465985155,0.19952624021290247,0.9755063410273566,252.57520802139317,252.62771721167033
mean_vv_vw,0.5,1.03,1.0,ld626_load_c,b2055,c,249.06363677198334,252.6541933622144,249.06363677198334,251.77076332739895,252.6541933622144,249.06363677198334,0.27735982340924314,0.9700476899030047,252.57729667078252,252.6541933622144
mean_vv_vw,0.5,1.03,1.0,ld868_load_a,b2190,a,251.89237062559306,252.63627148867707,249.0297430456007,251.89237062559306,252.63627148867707,249.0297430456007,0.22196804787314633,0.9739597900656908,252.57808048431946,252.63627148867707
worst_vv_vw,0.5,1.03,1.0,ld1291_load_b,b828,b,252.54631220107632,252.54631220107632,248.9169099777637,252.14292078164323,252.54631220107632,248.9169099777637,0.09195193604055718,0.9838079349399258,252.53711509536248,252.54631220107632
worst_vv_vw,0.5,1.03,1.0,ld1446_load_c,b260,c,248.9199657165248,252.54397863866777,248.9199657165248,252.03425939644785,252.54397863866777,248.9199657165248,0.13037284823265025,0.9806586039384971,252.5197669020368,252.54397863866777
worst_vv_vw,0.5,1.03,1.0,ld1668_load_a,b605,a,252.1094492140988,252.52915168681432,248.86231108004876,252.1094492140988,252.52915168681432,248.86231108004876,0.08349742080797179,0.9834838486835523,252.50956267884862,252.52915168681432
worst_vv_vw,0.5,1.03,1.0,ld1895_load_b,b1804,b,252.54027887578545,252.54027887578545,248.9378582466959,251.74261660867396,252.54027887578545,248.9378582466959,0.2391197652501407,0.9723769486935805,252.47503938890785,252.54027887578545
worst_vv_vw,0.5,1.03,1.0,ld1970_load_c,b2492,c,248.97740444072213,252.55085679949414,248.97740444072213,251.7000498010379,252.55085679949414,248.97740444072213,0.26783963373759795,0.9707758625006468,252.48368914267925,252.55085679949414
worst_vv_vw,0.5,1.03,1.0,ld2050_load_a,b1821,a,251.80902680213262,252.54427416822713,248.94446725906323,251.80902680213262,252.54427416822713,248.94446725906323,0.2178271450288699,0.9741004333899319,252.48997443940118,252.54427416822713
worst_vv_vw,0.5,1.03,1.0,ld2186_load_b,b1754,b,252.54787102528073,252.54787102528073,248.96992739612904,251.68047786916384,252.54787102528073,248.96992739612904,0.2719028163108141,0.9703270948467508,252.47788366283197,252.54787102528073
worst_vv_vw,0.5,1.03,1.0,ld248_load_b,b2560,b,252.5367299829811,252.5367299829811,248.89261448363175,252.06397404540652,252.5367299829811,248.89261448363175,0.11015061406570724,0.9818260396355978,252.513938809992,252.5367299829811
worst_vv_vw,0.5,1.03,1.0,ld24_load_a,b1044,a,251.86346228015535,252.54089161504163,248.92718203969946,251.86346228015535,252.54089161504163,248.92718203969946,0.1928077151491052,0.9758021073540435,252.49203877895283,252.54089161504163
worst_vv_vw,0.5,1.03,1.0,ld2804_load_c,b2443,c,248.94022918635494,252.5443698587452,248.94022918635494,251.8493716667912,252.5443698587452,248.94022918635494,0.2023322938066929,0.9752620943846644,252.49486370821597,252.5443698587452
worst_vv_vw,0.5,1.03,1.0,ld626_load_c,b2055,c,248.97638935183798,252.54915313139966,248.97638935183798,251.65951038033091,252.54915313139966,248.97638935183798,0.28152556733108214,0.9696929392265871,252.47685858814364,252.54915313139966
worst_vv_vw,0.5,1.03,1.0,ld868_load_a,b2190,a,251.79822292264524,252.5469421910858,248.95447267626602,251.79822292264524,252.5469421910858,248.95447267626602,0.2251302802258174,0.9736896099983293,252.49214681341294,252.5469421910858
sequence_vv_vw,0.5,1.03,1.0,ld1291_load_b,b828,b,252.5537172807017,252.5537172807017,248.92268900731867,252.14834241910836,252.5537172807017,248.92268900731867,0.09194819737487493,0.9836008894378042,252.54424036619886,252.5537172807017
sequence_vv_vw,0.5,1.03,1.0,ld1446_load_c,b260,c,248.92989146418853,252.55664002109847,248.92989146418853,252.0436640709887,252.55664002109847,248.92989146418853,0.1306769074214321,0.9802683076040878,252.53104084941762,252.55664002109847
sequence_vv_vw,0.5,1.03,1.0,ld1668_load_a,b605,a,252.11802015548926,252.5406253575949,248.87132924562184,252.11802015548926,252.5406253575949,248.87132924562184,0.08380997244722087,0.9831322592716935,252.51987415731713,252.5406253575949
sequence_vv_vw,0.5,1.03,1.0,ld1895_load_b,b1804,b,252.56648565532694,252.56648565532694,248.95843985933604,251.76229052302344,252.56648565532694,248.95843985933604,0.24047324620797425,0.9715051146286405,252.49701000744366,252.56648565532694
sequence_vv_vw,0.5,1.03,1.0,ld1970_load_c,b2492,c,248.99823364522166,252.5774101136139,248.99823364522166,251.71993114267576,252.5774101136139,248.99823364522166,0.26911488052538807,0.9698900288158311,252.50594421759897,252.5774101136139
sequence_vv_vw,0.5,1.03,1.0,ld2050_load_a,b1821,a,251.82600929990704,252.56695129770503,248.96226889563695,251.82600929990704,252.56695129770503,248.96226889563695,0.21885918961687817,0.9733556882426027,252.5091624256156,252.56695129770503
sequence_vv_vw,0.5,1.03,1.0,ld2186_load_b,b1754,b,252.57578886690507,252.57578886690507,248.9918419254248,251.7013977350946,252.57578886690507,248.9918419254248,0.2733121609676566,0.96939037761775,252.50121276378343,252.57578886690507
sequence_vv_vw,0.5,1.03,1.0,ld248_load_b,b2560,b,252.5491283636179,252.5491283636179,248.90234611294642,252.07321139103917,252.5491283636179,248.90234611294642,0.1104756832424625,0.9814436861155061,252.52499297701078,252.5491283636179
sequence_vv_vw,0.5,1.03,1.0,ld24_load_a,b1044,a,251.87897869408886,252.56160118473133,248.94344037675123,251.87897869408886,252.56160118473133,248.94344037675123,0.19372000306477968,0.9751288654545152,252.50966875121915,252.56160118473133
sequence_vv_vw,0.5,1.03,1.0,ld2804_load_c,b2443,c,248.9565735119628,252.56519810895222,248.9565735119628,251.86496101858373,252.56519810895222,248.9565735119628,0.20322258568538581,0.9745845730442032,252.51259184645926,252.56519810895222
sequence_vv_vw,0.5,1.03,1.0,ld626_load_c,b2055,c,248.99889205929907,252.577823159307,248.99889205929907,251.6809907746182,252.577823159307,248.99889205929907,0.28298180577752124,0.9687281675569854,252.50078247212403,252.577823159307
sequence_vv_vw,0.5,1.03,1.0,ld868_load_a,b2190,a,251.815260339375,252.56970943703215,248.97233931583034,251.815260339375,252.56970943703215,248.97233931583034,0.22614549130937844,0.9729414894886221,252.5114091612272,252.56970943703215
sequence_droop,0.5,1.03,1.0,ld1291_load_b,b828,b,252.3281850758345,252.3281850758345,249.4489844265628,251.9024587531995,252.3281850758345,249.4489844265628,0.09398840989360703,0.7902604320203259,252.3248558866799,252.3281850758345
sequence_droop,0.5,1.03,1.0,ld1446_load_c,b260,c,249.5263259593584,252.2752805660853,249.5263259593584,251.81376308623118,252.2752805660853,249.5263259593584,0.13304402944730254,0.7666298644513276,252.266754809062,252.2752805660853
sequence_droop,0.5,1.03,1.0,ld1668_load_a,b605,a,251.93068788156984,252.29402274925695,249.38127751336026,251.93068788156984,252.29402274925695,249.38127751336026,0.08517790353922434,0.8013333566352947,252.28783342556966,252.29402274925695
sequence_droop,0.5,1.03,1.0,ld1895_load_b,b1804,b,252.10893963389512,252.10893963389512,249.78908059172545,251.55360068833437,252.10893963389512,249.78908059172545,0.2428200774903494,0.6856495080955668,252.08768537068295,252.10893963389512
sequence_droop,0.5,1.03,1.0,ld1970_load_c,b2492,c,249.87303338654667,252.10551274658985,249.87303338654667,251.48712057154356,252.10551274658985,249.87303338654667,0.2723091511710534,0.6676292535476372,252.08310052032098,252.10551274658985
sequence_droop,0.5,1.03,1.0,ld2050_load_a,b1821,a,251.60674041031092,252.15621356646727,249.73639297109443,251.60674041031092,252.15621356646727,249.73639297109443,0.22166819848618813,0.7044643567557729,252.137939897643,252.15621356646727
sequence_droop,0.5,1.03,1.0,ld2186_load_b,b1754,b,252.09637529289253,252.09637529289253,249.86969212884492,251.47801901716497,252.09637529289253,249.86969212884492,0.2763112018101243,0.6671211620380613,252.0725896053472,252.09637529289253
sequence_droop,0.5,1.03,1.0,ld248_load_b,b2560,b,252.2808631103223,252.2808631103223,249.4622305526351,251.8638324997594,252.2808631103223,249.4622305526351,0.11246197239404176,0.7815190125061889,252.27317341058648,252.2808631103223
sequence_droop,0.5,1.03,1.0,ld24_load_a,b1044,a,251.66517361848219,252.17476861817278,249.67715545483674,251.66517361848219,252.17476861817278,249.67715545483674,0.19620612171440313,0.719588976402572,252.15887137815267,252.17476861817278
sequence_droop,0.5,1.03,1.0,ld2804_load_c,b2443,c,249.70605049217346,252.1730379289175,249.70605049217346,251.6424041217036,252.1730379289175,249.70605049217346,0.20596829988732637,0.7131599506921327,252.15675213863315,252.1730379289175
sequence_droop,0.5,1.03,1.0,ld626_load_c,b2055,c,249.89419970559993,252.0879368620919,249.89419970559993,251.4553417965929,252.0879368620919,249.89419970559993,0.2860648834045744,0.6606825038802101,252.06330109953822,252.0879368620919
sequence_droop,0.5,1.03,1.0,ld868_load_a,b2190,a,251.58959142789982,252.1550380746492,249.75813944153305,251.58959142789982,252.1550380746492,249.75813944153305,0.22914909983198728,0.6997029601210856,252.13646792593428,252.1550380746492
unity,1.0,1.03,1.0,ld1291_load_b,b828,b,253.0342023181973,253.0342023181973,249.3631326440611,252.64169101982796,253.0342023181973,249.3631326440611,0.08841372919346703,0.9837976984139106,253.02244809814172,253.0342023181973
unity,1.0,1.03,1.0,ld1446_load_c,b260,c,249.44710416077606,253.14419703188787,249.44710416077606,252.65756314406377,253.14419703188787,249.44710416077606,0.11807963645043007,0.9816703246141237,253.10719292569328,253.14419703188787
unity,1.0,1.03,1.0,ld1668_load_a,b605,a,252.64126240612234,253.03967930764944,249.30675564125195,252.64126240612234,253.03967930764944,249.30675564125195,0.07430861766918975,0.9845707844818324,253.0093354850538,253.03967930764944
unity,1.0,1.03,1.0,ld1895_load_b,b1804,b,253.44430407382,253.44430407382,249.68733388727912,252.7005940525857,253.44430407382,249.68733388727912,0.21009616249697777,0.975747839433213,253.3400008073944,253.44430407382
unity,1.0,1.03,1.0,ld1970_load_c,b2492,c,249.7768936390552,253.50706997226604,249.7768936390552,252.71052135822742,253.50706997226604,249.7768936390552,0.23632485858805197,0.9739729028808938,253.40028467659863,253.50706997226604
unity,1.0,1.03,1.0,ld2050_load_a,b1821,a,252.6919466528956,253.38139453604236,249.64840973871918,252.6919466528956,253.38139453604236,249.64840973871918,0.19216850729151905,0.9768210795664748,253.29495560519095,253.38139453604236
unity,1.0,1.03,1.0,ld2186_load_b,b1754,b,253.5226737830229,253.5226737830229,249.78026205945682,252.71271751545524,253.5226737830229,249.78026205945682,0.23928165009080685,0.9737950743028109,253.41046181632302,253.5226737830229
unity,1.0,1.03,1.0,ld248_load_b,b2560,b,253.10054345450047,253.10054345450047,249.38487938323732,252.65071299775585,253.10054345450047,249.38487938323732,0.09882607909063977,0.9829329948826986,253.06535069010954,253.10054345450047
unity,1.0,1.03,1.0,ld24_load_a,b1044,a,252.68239893880508,253.31828881607692,249.58293811338922,252.68239893880508,253.31828881607692,249.58293811338922,0.1701692576565916,0.9782724041463227,253.241008167513,253.31828881607692
unity,1.0,1.03,1.0,ld2804_load_c,b2443,c,249.6125338313291,253.33903781903317,249.6125338313291,252.68566948123538,253.33903781903317,249.6125338313291,0.17896378719124242,0.9776799152922276,253.26091964108917,253.33903781903317
unity,1.0,1.03,1.0,ld626_load_c,b2055,c,249.80517449110215,253.5469046336326,249.80517449110215,252.71633473533274,253.5469046336326,249.80517449110215,0.2477621497408732,0.9732468944162912,253.43094493832336,253.5469046336326
unity,1.0,1.03,1.0,ld868_load_a,b2190,a,252.6944589301142,253.39730549951784,249.67110461122198,252.6944589301142,253.39730549951784,249.67110461122198,0.1989112689610424,0.9763687724858424,253.3102300081767,253.39730549951784
mean_vv,1.0,1.03,1.0,ld1291_load_b,b828,b,252.96743980241772,252.96743980241772,249.31055008972814,252.59183908565913,252.96743980241772,249.31055008972814,0.08832928026187042,0.9855670489868587,252.95824996817112,252.96743980241772
mean_vv,1.0,1.03,1.0,ld1446_load_c,b260,c,249.35848038581236,253.03177514475223,249.35848038581236,252.57225503752903,253.03177514475223,249.35848038581236,0.1147581116556819,0.9849087645567135,253.00659138359657,253.03177514475223
mean_vv,1.0,1.03,1.0,ld1668_load_a,b605,a,252.5637735139786,252.9380181794321,249.2264617866027,252.5637735139786,252.9380181794321,249.2264617866027,0.07070087700537592,0.9874907578500891,252.9175860149612,252.9380181794321
mean_vv,1.0,1.03,1.0,ld1895_load_b,b1804,b,253.2142740799526,253.2142740799526,249.50620170472854,252.52444573991227,253.2142740799526,249.50620170472854,0.19401646408831114,0.9828559099787408,253.1458314201881,253.2142740799526
mean_vv,1.0,1.03,1.0,ld1970_load_c,b2492,c,249.5930053636013,253.2734323364501,249.5930053636013,252.53189430037054,253.2734323364501,249.5930053636013,0.22148699514408937,0.9811945474421918,253.20302378015384,253.2734323364501
mean_vv,1.0,1.03,1.0,ld2050_load_a,b1821,a,252.5393916375865,253.18185958795934,249.49124786235907,252.5393916375865,253.18185958795934,249.49124786235907,0.18016778789469254,0.9829092417188764,253.12494932650833,253.18185958795934
mean_vv,1.0,1.03,1.0,ld2186_load_b,b1754,b,253.2775304972084,253.2775304972084,249.58726249129177,252.52510206114468,253.2775304972084,249.58726249129177,0.22280845907474392,0.9814026036325394,253.2040692661966,253.2775304972084
mean_vv,1.0,1.03,1.0,ld248_load_b,b2560,b,252.9906353179321,252.9906353179321,249.29817055220568,252.5671111413282,252.9906353179321,249.29817055220568,0.09518007742925795,0.9861045881586393,252.96689279180373,252.9906353179321
mean_vv,1.0,1.03,1.0,ld24_load_a,b1044,a,252.54298149978058,253.1358920280513,249.43925311657014,252.54298149978058,253.1358920280513,249.43925311657014,0.15949676706855387,0.983799153541688,253.08473820800052,253.1358920280513
mean_vv,1.0,1.03,1.0,ld2804_load_c,b2443,c,249.46793890243666,253.1554485099785,249.46793890243666,252.5454367877518,253.1554485099785,249.46793890243666,0.16863785123920202,0.9832418657484757,253.10362983182594,253.1554485099785
mean_vv,1.0,1.03,1.0,ld626_load_c,b2055,c,249.60700372576406,253.29517058718136,249.60700372576406,252.52367716903157,253.29517058718136,249.60700372576406,0.2307561766935953,0.9810755989058201,253.2192800072602,253.29517058718136
mean_vv,1.0,1.03,1.0,ld868_load_a,b2190,a,252.5412762532074,253.1968542678775,249.51324317509457,252.5412762532074,253.1968542678775,249.51324317509457,0.187177545308007,0.9824845517907935,253.13943948665116,253.1968542678775
mean_vv_vw,1.0,1.03,1.0,ld1291_load_b,b828,b,252.86596251401082,252.86596251401082,249.21537676713592,252.48310031282185,252.86596251401082,249.21537676713592,0.08910921965664678,0.985090259841534,252.85670376683507,252.86596251401082
mean_vv_vw,1.0,1.03,1.0,ld1446_load_c,b260,c,249.25195011469094,252.9135704491357,249.25195011469094,252.4406464440943,252.9135704491357,249.25195011469094,0.11872517946096205,0.98374113504791,252.88828482625445,252.9135704491357
mean_vv_vw,1.0,1.03,1.0,ld1668_load_a,b605,a,252.45368859677671,252.8399595810351,249.1389114413867,252.45368859677671,252.8399595810351,249.1389114413867,0.07390448553348372,0.9864037322566728,252.81944911471226,252.8399595810351
mean_vv_vw,1.0,1.03,1.0,ld1895_load_b,b1804,b,253.05121975962874,253.05121975962874,249.36837576835163,252.33257491557697,253.05121975962874,249.36837576835163,0.20562612231274377,0.9799918511696915,252.98252481021825,253.05121975962874
mean_vv_vw,1.0,1.03,1.0,ld1970_load_c,b2492,c,249.4425458476269,253.09741515801662,249.4425458476269,252.3266416131321,253.09741515801662,249.4425458476269,0.23342891419712308,0.9783426507385652,253.02674828148167,253.09741515801662
mean_vv_vw,1.0,1.03,1.0,ld2050_load_a,b1821,a,252.35924785773355,253.0266594971065,249.35783409749715,252.35924785773355,253.0266594971065,249.35783409749715,0.18992644414934717,0.98048471716864,252.96953421041368,253.0266594971065
mean_vv_vw,1.0,1.03,1.0,ld2186_load_b,b1754,b,253.0992013322695,253.0992013322695,249.43601622627796,252.31574515958306,253.0992013322695,249.43601622627796,0.23560061923209652,0.978341683354444,253.02546826041797,253.0992013322695
mean_vv_vw,1.0,1.03,1.0,ld248_load_b,b2560,b,252.8811161244129,252.8811161244129,249.20010263823278,252.4444613088729,252.8811161244129,249.20010263823278,0.09898401429361633,0.9849316523361301,252.85727731072714,252.8811161244129
mean_vv_vw,1.0,1.03,1.0,ld24_load_a,b1044,a,252.37669904364745,252.99211378733185,249.31517344537238,252.37669904364745,252.99211378733185,249.31517344537238,0.1680151828032571,0.9816214428203982,252.94076912365745,252.99211378733185
mean_vv_vw,1.0,1.03,1.0,ld2804_load_c,b2443,c,249.33975875911383,253.00746243443942,249.33975875911383,252.37481210474357,253.00746243443942,249.33975875911383,0.17725604418981178,0.9810675483792488,252.9554506952452,253.00746243443942
mean_vv_vw,1.0,1.03,1.0,ld626_load_c,b2055,c,249.4523306457219,253.11265447740817,249.4523306457219,252.30925569744136,253.11265447740817,249.4523306457219,0.2439939868416588,0.9779276987037787,253.03648362077388,253.11265447740817
mean_vv_vw,1.0,1.03,1.0,ld868_load_a,b2190,a,252.35775495138088,253.03838194029433,249.3766405707445,252.35775495138088,253.03838194029433,249.3766405707445,0.19701355033878606,0.98006279717621,252.98075042680367,253.03838194029433
worst_vv_vw,1.0,1.03,1.0,ld1291_load_b,b828,b,252.7758762944408,252.7758762944408,249.13207244210884,252.38903980865302,252.7758762944408,249.13207244210884,0.08982210383256344,0.9849034875044942,252.7668393606999,252.7758762944408
worst_vv_vw,1.0,1.03,1.0,ld1446_load_c,b260,c,249.15615440741786,252.8057161113285,249.15615440741786,252.32530337685176,252.8057161113285,249.15615440741786,0.12159682098958695,0.9831963559644501,252.7817263592173,252.8057161113285
worst_vv_vw,1.0,1.03,1.0,ld1668_load_a,b605,a,252.35563847152994,252.74873784914112,249.0586198285286,252.35563847152994,252.74873784914112,249.0586198285286,0.07619995175973474,0.9858766160213724,252.72931882140637,252.74873784914112
worst_vv_vw,1.0,1.03,1.0,ld1895_load_b,b1804,b,252.89502428097387,252.89502428097387,249.23786421490155,252.15989796032295,252.89502428097387,249.23786421490155,0.21346043755623362,0.978571357125472,252.8303316696203,252.89502428097387
worst_vv_vw,1.0,1.03,1.0,ld1970_load_c,b2492,c,249.30241560919274,252.9312593425175,249.30241560919274,252.14382798232887,252.9312593425175,249.30241560919274,0.24160211418852717,0.9769450812430303,252.86465122530902,252.9312593425175
worst_vv_vw,1.0,1.03,1.0,ld2050_load_a,b1821,a,252.19913102802977,252.88065533976163,249.23392823233044,252.19913102802977,252.88065533976163,249.23392823233044,0.19656785073697394,0.9793016955254485,252.82682090811326,252.88065533976163
worst_vv_vw,1.0,1.03,1.0,ld2186_load_b,b1754,b,252.93051163663532,252.93051163663532,249.29464391701939,252.1295157427945,252.93051163663532,249.29464391701939,0.24419744874683078,0.9768523471583953,252.86111397076667,252.93051163663532
worst_vv_vw,1.0,1.03,1.0,ld248_load_b,b2560,b,252.78019225517684,252.78019225517684,249.11099780017804,252.33616476732772,252.78019225517684,249.11099780017804,0.10170575407188139,0.9843749760606977,252.7576109150708,252.78019225517684
worst_vv_vw,1.0,1.03,1.0,ld24_load_a,b1044,a,252.22792407817784,252.85619588503496,249.19944204763422,252.22792407817784,252.85619588503496,249.19944204763422,0.1738905002756624,0.9805450034747248,252.80775565017993,252.85619588503496
worst_vv_vw,1.0,1.03,1.0,ld2804_load_c,b2443,c,249.22084645973624,252.8682503190559,249.22084645973624,252.22268599672034,252.8682503190559,249.22084645973624,0.1832325019498651,0.9799978997220892,252.8191615143062,252.8682503190559
worst_vv_vw,1.0,1.03,1.0,ld626_load_c,b2055,c,249.3078253751779,252.9400833249393,249.3078253751779,252.11865669790598,252.9400833249393,249.3078253751779,0.2528859692169538,0.9763983899539015,252.8683970706443,252.9400833249393
worst_vv_vw,1.0,1.03,1.0,ld868_load_a,b2190,a,252.19507012192685,252.8898539693355,249.2502977067472,252.19507012192685,252.8898539693355,249.2502977067472,0.20373227689725373,0.9788851745078374,252.83552751279348,252.8898539693355
sequence_vv_vw,1.0,1.03,1.0,ld1291_load_b,b828,b,252.78293647844998,252.78293647844998,249.13752666123048,252.39409833100555,252.78293647844998,249.13752666123048,0.08981277141629054,0.9846959463028053,252.773619239663,252.78293647844998
sequence_vv_vw,1.0,1.03,1.0,ld1446_load_c,b260,c,249.1655835855315,252.81781561601196,249.1655835855315,252.3340845091707,252.81781561601196,249.1655835855315,0.12193565739714736,0.9828019294473952,252.79244084160507,252.81781561601196
sequence_vv_vw,1.0,1.03,1.0,ld1668_load_a,b605,a,252.36367180170214,252.75973011423548,249.0672151979358,252.36367180170214,252.75973011423548,249.0672151979358,0.07655119170533871,0.9855209896324526,252.73915067422655,252.75973011423548
sequence_vv_vw,1.0,1.03,1.0,ld1895_load_b,b1804,b,252.92025605343179,252.92025605343179,249.25763243391594,252.17844718839186,252.92025605343179,249.25763243391594,0.21500837594960376,0.9776909352845639,252.85133738516936,252.92025605343179
sequence_vv_vw,1.0,1.03,1.0,ld1970_load_c,b2492,c,249.3223522516207,252.9567553963053,249.3223522516207,252.1625007600172,252.9567553963053,249.3223522516207,0.24305294605041197,0.9760510357322203,252.88585975661687,252.9567553963053
sequence_vv_vw,1.0,1.03,1.0,ld2050_load_a,b1821,a,252.21508404839412,252.90243155917588,249.25096704563242,252.21508404839412,252.90243155917588,249.25096704563242,0.19774115551241114,0.9785490792669959,252.84511610896166,252.90243155917588
sequence_vv_vw,1.0,1.03,1.0,ld2186_load_b,b1754,b,252.95732451002826,252.95732451002826,249.31563384625113,252.14916432078618,252.95732451002826,249.31563384625113,0.24580585340212538,0.9759064057351903,252.8833500644936,252.95732451002826
sequence_vv_vw,1.0,1.03,1.0,ld248_load_b,b2560,b,252.7920586605662,252.7920586605662,249.12026165279252,252.34480906905142,252.7920586605662,249.12026165279252,0.10206929035598622,0.9839883807925304,252.76813536563563,252.7920586605662
sequence_vv_vw,1.0,1.03,1.0,ld24_load_a,b1044,a,252.24252481862231,252.8761018770741,249.21501688206806,252.24252481862231,252.8761018770741,249.21501688206806,0.17492668892568813,0.9798647557352931,252.82458861197148,252.8761018770741
sequence_vv_vw,1.0,1.03,1.0,ld2804_load_c,b2443,c,249.23648617189326,252.88825306212448,249.23648617189326,252.23733731178206,252.88825306212448,249.23648617189326,0.18424165123802247,0.979313466538169,252.83607086187254,252.88825306212448
sequence_vv_vw,1.0,1.03,1.0,ld626_load_c,b2055,c,249.32937447062685,252.967613134792,249.32937447062685,252.13882513051982,252.967613134792,249.32937447062685,0.25454802381299624,0.9754242785236243,252.8911933183316,252.967613134792
sequence_vv_vw,1.0,1.03,1.0,ld868_load_a,b2190,a,252.21105950121344,252.91170210704823,249.2673840064983,252.21105950121344,252.91170210704823,249.2673840064983,0.20488491061510894,0.9781292629470555,252.8538790053996,252.91170210704823
sequence_droop,1.0,1.03,1.0,ld1291_load_b,b828,b,252.56510459058788,252.56510459058788,249.67141290602717,252.15425251807426,252.56510459058788,249.67141290602717,0.09194408721619272,0.7911909832708578,252.56181362160603,252.56510459058788
sequence_droop,1.0,1.03,1.0,ld1446_load_c,b260,c,249.77564732101868,252.5469294716347,249.77564732101868,252.11353941724803,252.5469294716347,249.77564732101868,0.1237388623230931,0.7680999661916387,252.53876847019825,252.5469294716347
sequence_droop,1.0,1.03,1.0,ld1668_load_a,b605,a,252.18327076512043,252.5211420726918,249.58531287091932,252.18327076512043,252.5211420726918,249.58531287091932,0.07744790335391148,0.8034346923046347,252.51510354838254,252.5211420726918
sequence_droop,1.0,1.03,1.0,ld1895_load_b,b1804,b,252.47855975108465,252.47855975108465,250.1099121485764,251.98498242024831,252.47855975108465,250.1099121485764,0.21488635135997844,0.6900918180036013,252.45826258741374,252.47855975108465
sequence_droop,1.0,1.03,1.0,ld1970_load_c,b2492,c,250.22076311980467,252.50232498230235,250.22076311980467,251.94599671327666,252.50232498230235,250.22076311980467,0.2439270661368364,0.6719089386974102,252.4808876815503,252.50232498230235
sequence_droop,1.0,1.03,1.0,ld2050_load_a,b1821,a,252.01017898922728,252.50664984835717,250.04583873018814,252.01017898922728,252.50664984835717,250.04583873018814,0.19862960361851795,0.707903657134856,252.48925699274716,252.50664984835717
sequence_droop,1.0,1.03,1.0,ld2186_load_b,b1754,b,252.495643222832,252.495643222832,250.2184762325357,251.94314017746277,252.495643222832,250.2184762325357,0.24615125337549998,0.671536124893948,252.47301341417557,252.495643222832
sequence_droop,1.0,1.03,1.0,ld248_load_b,b2560,b,252.53349343404545,252.53349343404545,249.69290603921448,252.14418473257226,252.53349343404545,249.69290603921448,0.10346848305959329,0.7830303232018911,252.52615451092282,252.53349343404545
sequence_droop,1.0,1.03,1.0,ld24_load_a,b1044,a,252.0412629705215,252.50293042426796,249.9667534676048,252.0412629705215,252.50293042426796,249.9667534676048,0.17579824847880693,0.7228913739012548,252.48769758685745,252.50293042426796
sequence_droop,1.0,1.03,1.0,ld2804_load_c,b2443,c,250.00454465093483,252.5102194847796,250.00454465093483,252.02764833628459,252.5102194847796,250.00454465093483,0.18541198702082667,0.7164207465719675,252.49460422961897,252.5102194847796
sequence_droop,1.0,1.03,1.0,ld626_load_c,b2055,c,250.2504166182728,252.49597297960605,250.2504166182728,251.93103244245842,252.49597297960605,250.2504166182728,0.25488529482126154,0.665221662134871,252.47253302313038,252.49597297960605
sequence_droop,1.0,1.03,1.0,ld868_load_a,b2190,a,252.00001565715087,252.51236324193187,250.07437885936028,252.00001565715087,252.51236324193187,250.07437885936028,0.20599701066162837,0.7031096652396234,252.4946785903809,252.51236324193187
