mode,availability,source_pu,device_id,bus,positive_sequence_policy,unbalance_policy,current_target,termination_status,publishable,p_available_W,p_rated_W,q_scale_var,p_poc_W,q_poc_var,p_converter_W,q_converter_var,converter_loss_W,voltage_min_V,voltage_max_V,zero_sequence_voltage_V,positive_sequence_voltage_V,negative_sequence_voltage_V,voltage_unbalance_factor,regularized_voltage_unbalance,requested_p_W,requested_q_var,command_curtailment_W,poc_active_power_shortfall_W,power_scale,current_scale,apparent_power_rating_VA,converter_current_rating_A,grid_current_rating_A,maximum_converter_current_A,maximum_grid_current_A,maximum_converter_total_current_A,maximum_grid_total_current_A,converter_current_utilization,grid_current_utilization,positive_sequence_current_A,negative_sequence_current_A,negative_sequence_current_angle_rad,peak_phase_to_positive_current_ratio,ripple_power_VA,dc_ripple_voltage_V,dc_capacitance_F,dc_nominal_voltage_V,dc_stored_energy_J,capacitor_current_A,capacitor_thermal_current_A,capacitor_current_utilization,dc_ripple_utilization,exact_smooth_current_residual_A
unity,0.0,1.0,pv_ld1291_load_b,b828,AverageVoltageVoltVarWatt,NoUnbalanceControl,GridCurrentTarget,LOCALLY_SOLVED,true,0.0,6000.0,6000.0,4.92703749558883e-10,5.758283543115966e-10,4.92703749558887e-10,5.758283543116017e-10,0.0,241.41999036560742,245.0014370533354,0.17202997536943487,243.68304839133177,2.3871513961280133,0.009796132360813526,0.0,0.0,0.0,0.0,-4.92703749558883e-10,0.9999999999999993,0.9999738085979717,6000.0,10.0,NaN,1.0604616790428794e-12,1.0604616790428794e-12,1.0604616790428794e-12,1.0604616790428794e-12,1.0604616790428794e-13,NaN,1.0368687581582757e-12,3.0427363901960535e-14,NaN,NaN,1.7659504225947497e-11,1.8738041031772326e-14,0.002,750.0,562.5,1.665018455891453e-14,1.665018455891453e-14,NaN,NaN,0.0
unity,0.0,1.0,pv_ld1446_load_c,b260,AverageVoltageVoltVarWatt,NoUnbalanceControl,GridCurrentTarget,LOCALLY_SOLVED,true,0.0,6000.0,6000.0,5.483336607255052e-10,6.183532810092445e-10,5.483336607255099e-10,6.183532810092501e-10,0.0,241.40717796558255,244.98237780752095,0.18930438373157826,243.64717827379675,2.3705818008628885,0.009729568048594284,0.0,0.0,0.0,0.0,-5.483336607255052e-10,0.9999999999999993,0.9999738085979717,6000.0,10.0,NaN,1.1606305193742748e-12,1.1606305193742748e-12,1.1606305193742748e-12,1.1606305193742748e-12,1.1606305193742747e-13,NaN,1.1309337405535767e-12,3.3358566707052175e-14,NaN,NaN,1.8347519126250534e-11,1.9468082937466942e-14,0.002,750.0,562.5,1.7298882704304772e-14,1.7298882704304772e-14,NaN,NaN,0.0
unity,0.0,1.0,pv_ld1668_load_a,b605,AverageVoltageVoltVarWatt,NoUnbalanceControl,GridCurrentTarget,LOCALLY_SOLVED,true,0.0,6000.0,6000.0,4.82044400833086e-10,6.085261691463844e-10,4.820444008330901e-10,6.085261691463897e-10,0.0,241.42440714299974,245.01059746969673,0.17244853414134953,243.68688643707313,2.37953305160211,0.00976471523106178,0.0,0.0,0.0,0.0,-4.82044400833086e-10,0.9999999999999993,0.9999738085979717,6000.0,10.0,NaN,1.0928893457378629e-12,1.0928893457378629e-12,1.0928893457378629e-12,1.0928893457378629e-12,1.0928893457378628e-13,NaN,1.0621869852603368e-12,3.371548277270664e-14,NaN,NaN,1.8450551201143635e-11,1.9577412767047537e-14,0.002,750.0,562.5,1.739603063119985e-14,1.739603063119985e-14,NaN,NaN,0.0
unity,0.0,1.0,pv_ld1895_load_b,b1804,AverageVoltageVoltVarWatt,NoUnbalanceControl,GridCurrentTarget,LOCALLY_SOLVED,true,0.0,6000.0,6000.0,6.939395988446667e-10,7.258956764109706e-10,6.939395988446725e-10,7.258956764109772e-10,0.0,241.3728901063257,244.9268879702655,0.23754334261843854,243.54861046509484,2.3272802318867223,0.009555711393476687,0.0,0.0,0.0,0.0,-6.939395988446667e-10,0.9999999999999993,0.9999738085979717,6000.0,10.0,NaN,1.425284011212362e-12,1.425284011212362e-12,1.425284011212362e-12,1.425284011212362e-12,1.4252840112123619e-13,NaN,1.3748697736085514e-12,4.9140800471058174e-14,NaN,NaN,2.705309672915901e-11,2.870494358719237e-14,0.002,750.0,562.5,2.5506540820867073e-14,2.5506540820867073e-14,NaN,NaN,0.0
unity,0.0,1.0,pv_ld1970_load_c,b2492,AverageVoltageVoltVarWatt,NoUnbalanceControl,GridCurrentTarget,LOCALLY_SOLVED,true,0.0,6000.0,6000.0,7.338352961877691e-10,7.28846797297828e-10,7.338352961877751e-10,7.288467972978347e-10,0.0,241.36201047069463,244.90912271574743,0.24751376924862425,243.52420590335873,2.3226979489955286,0.00953785247088447,0.0,0.0,0.0,0.0,-7.338352961877691e-10,0.9999999999999993,0.9999738085979717,6000.0,10.0,NaN,1.4661578434340972e-12,1.4661578434340972e-12,1.4661578434340972e-12,1.4661578434340972e-12,1.4661578434340972e-13,NaN,1.4161274510105884e-12,4.8979232958615804e-14,NaN,NaN,2.691391955618119e-11,2.855727856557823e-14,0.002,750.0,562.5,2.5375329139848617e-14,2.5375329139848617e-14,NaN,NaN,0.0
unity,0.0,1.0,pv_ld2050_load_a,b1821,AverageVoltageVoltVarWatt,NoUnbalanceControl,GridCurrentTarget,LOCALLY_SOLVED,true,0.0,6000.0,6000.0,6.675774268567694e-10,6.981157968234274e-10,6.67577426856775e-10,6.981157968234339e-10,0.0,241.37876517752167,244.93708277766,0.22743303987098532,243.56811785057505,2.337540456969376,0.009597070739789588,0.0,0.0,0.0,0.0,-6.675774268567694e-10,0.9999999999999993,0.9999738085979717,6000.0,10.0,NaN,1.3661195995826183e-12,1.3661195995826183e-12,1.3661195995826183e-12,1.3661195995826183e-12,1.3661195995826182e-13,NaN,1.3222928616029043e-12,4.369369237692924e-14,NaN,NaN,2.3701762172463337e-11,2.5149090183153574e-14,0.002,750.0,562.5,2.234689273698781e-14,2.234689273698781e-14,NaN,NaN,0.0
unity,0.0,1.0,pv_ld2186_load_b,b1754,AverageVoltageVoltVarWatt,NoUnbalanceControl,GridCurrentTarget,LOCALLY_SOLVED,true,0.0,6000.0,6000.0,7.413275022881078e-10,7.396671769590937e-10,7.41327502288114e-10,7.396671769591004e-10,0.0,241.36053175002044,244.9085252757516,0.25034472042873923,243.51987554970478,2.319400923957322,0.009524483037459133,0.0,0.0,0.0,0.0,-7.413275022881078e-10,0.9999999999999993,0.9999738085979717,6000.0,10.0,NaN,1.4849522437202968e-12,1.4849522437202968e-12,1.4849522437202968e-12,1.4849522437202968e-12,1.4849522437202968e-13,NaN,1.4338793454668265e-12,4.959212908603029e-14,NaN,NaN,2.712590397650685e-11,2.878219288568815e-14,0.002,750.0,562.5,2.557518273892139e-14,2.557518273892139e-14,NaN,NaN,0.0
unity,0.0,1.0,pv_ld248_load_b,b2560,AverageVoltageVoltVarWatt,NoUnbalanceControl,GridCurrentTarget,LOCALLY_SOLVED,true,0.0,6000.0,6000.0,5.205730284404022e-10,6.16292110992703e-10,5.205730284404064e-10,6.162921109927084e-10,0.0,241.4146815247691,244.9948056504148,0.18228056266246825,243.6641040064121,2.373903571912323,0.0097425247825993,0.0,0.0,0.0,0.0,-5.205730284404022e-10,0.9999999999999993,0.9999738085979717,6000.0,10.0,NaN,1.1339765467383659e-12,1.1339765467383659e-12,1.1339765467383659e-12,1.1339765467383659e-12,1.1339765467383659e-13,NaN,1.10387657253856e-12,3.331688630941798e-14,NaN,NaN,1.8181856003039725e-11,1.9292313929782455e-14,0.002,750.0,562.5,1.714269847924509e-14,1.714269847924509e-14,NaN,NaN,0.0
unity,0.0,1.0,pv_ld24_load_a,b1044,AverageVoltageVoltVarWatt,NoUnbalanceControl,GridCurrentTarget,LOCALLY_SOLVED,true,0.0,6000.0,6000.0,6.311361471539783e-10,6.822250698492259e-10,6.311361471539835e-10,6.822250698492321e-10,0.0,241.38777659709885,244.9504656642073,0.21710516870223953,243.59034176420352,2.344994254175291,0.00962679487697117,0.0,0.0,0.0,0.0,-6.311361471539783e-10,0.9999999999999993,0.9999738085979717,6000.0,10.0,NaN,1.3146908725572846e-12,1.3146908725572846e-12,1.3146908725572846e-12,1.3146908725572846e-12,1.3146908725572845e-13,NaN,1.2721589243027985e-12,4.2831542441276666e-14,NaN,NaN,2.3389362674944192e-11,2.4817630032771705e-14,0.002,750.0,562.5,2.2052365007625608e-14,2.2052365007625608e-14,NaN,NaN,0.0
unity,0.0,1.0,pv_ld2804_load_c,b2443,AverageVoltageVoltVarWatt,NoUnbalanceControl,GridCurrentTarget,LOCALLY_SOLVED,true,0.0,6000.0,6000.0,6.443278078791736e-10,6.832022938474726e-10,6.44327807879179e-10,6.832022938474789e-10,0.0,241.38419261055031,244.94458023602314,0.2204157580698154,243.5822837270812,2.3434523305603525,0.009620783148523417,0.0,0.0,0.0,0.0,-6.443278078791736e-10,0.9999999999999993,0.9999738085979717,6000.0,10.0,NaN,1.3278833727446896e-12,1.3278833727446896e-12,1.3278833727446896e-12,1.3278833727446896e-12,1.3278833727446897e-13,NaN,1.2854973095624112e-12,4.279884072087605e-14,NaN,NaN,2.337791647394132e-11,2.480548653015904e-14,0.002,750.0,562.5,2.2041574575512152e-14,2.2041574575512152e-14,NaN,NaN,0.0
unity,0.0,1.0,pv_ld626_load_c,b2055,AverageVoltageVoltVarWatt,NoUnbalanceControl,GridCurrentTarget,LOCALLY_SOLVED,true,0.0,6000.0,6000.0,7.542554968040978e-10,7.455626692945088e-10,7.542554968041041e-10,7.455626692945157e-10,0.0,241.35719229753434,244.90326171174118,0.2542664571258771,243.5113795491872,2.3165638345453234,0.009513164595568304,0.0,0.0,0.0,0.0,-7.542554968040978e-10,0.9999999999999993,0.9999738085979717,6000.0,10.0,NaN,1.504384861686826e-12,1.504384861686826e-12,1.504384861686826e-12,1.504384861686826e-12,1.504384861686826e-13,NaN,1.4521806224063733e-12,5.0563859618035166e-14,NaN,NaN,2.7718325504496694e-11,2.9410768643558966e-14,0.002,750.0,562.5,2.6133720440918238e-14,2.6133720440918238e-14,NaN,NaN,0.0
unity,0.0,1.0,pv_ld868_load_a,b2190,AverageVoltageVoltVarWatt,NoUnbalanceControl,GridCurrentTarget,LOCALLY_SOLVED,true,0.0,6000.0,6000.0,6.776914630632296e-10,6.988648402884184e-10,6.776914630632352e-10,6.988648402884249e-10,0.0,241.37601278660287,244.93257473595256,0.22996892898784776,243.5619354293385,2.3363665061707417,0.009592494418523627,0.0,0.0,0.0,0.0,-6.776914630632296e-10,0.9999999999999993,0.9999738085979717,6000.0,10.0,NaN,1.3763801978751925e-12,1.3763801978751925e-12,1.3763801978751925e-12,1.3763801978751925e-12,1.3763801978751925e-13,NaN,1.3326633539593745e-12,4.366388625257215e-14,NaN,NaN,2.368746977777637e-11,2.513392666948894e-14,0.002,750.0,562.5,2.2333418793759183e-14,2.2333418793759183e-14,NaN,NaN,0.0
mean_vv,0.0,1.0,pv_ld1291_load_b,b828,AverageVoltageVoltVarWatt,NoUnbalanceControl,GridCurrentTarget,LOCALLY_SOLVED,true,0.0,6000.0,6000.0,3.2526065174565133e-13,-734.2389202385698,0.15133437115972398,-733.7849171250915,0.0,241.40257906947505,244.9809433268949,0.17103058696682955,243.6649083120802,2.388417229755732,0.0098020566289205,0.0,0.0,-734.270518492034,0.0,-3.2526065174565133e-13,0.9999999999999993,0.9999738085333284,6000.0,10.0,NaN,1.0044380556954255,1.0044380556954255,1.0044380556954255,1.0044380556954255,0.10044380556954255,NaN,1.004438055695425,1.5181568269993372e-16,0.0,1.0000000000000002,7.1970514753357655,0.0076363087865767435,0.002,750.0,562.5,0.006785445203678124,0.006785445203678124,NaN,NaN,2.6308394918663204e-5
mean_vv,0.0,1.0,pv_ld1446_load_c,b260,AverageVoltageVoltVarWatt,NoUnbalanceControl,GridCurrentTarget,LOCALLY_SOLVED,true,0.0,6000.0,6000.0,3.686287386450715e-13,-724.7267729491167,0.14749618109024132,-724.2842844058471,0.0,241.3777847303474,244.9510423395837,0.1879888012576039,243.61739346739364,2.3728534532047036,0.009740082263552715,0.0,0.0,-724.7579666050525,0.0,-3.686287386450715e-13,0.9999999999999993,0.9999738085342448,6000.0,10.0,NaN,0.9916188148338101,0.9916188148338101,0.9916188148338101,0.9916188148338101,0.09916188148338101,NaN,0.9916188148338101,1.824948278369002e-16,0.0,1.0,7.058898387123646,0.007489723807294273,0.002,750.0,562.5,0.006655193222989248,0.006655193222989248,NaN,NaN,2.5972630498335068e-5
mean_vv,0.0,1.0,pv_ld1668_load_a,b605,AverageVoltageVoltVarWatt,NoUnbalanceControl,GridCurrentTarget,LOCALLY_SOLVED,true,0.0,6000.0,6000.0,2.6020852139652106e-13,-733.2057354952069,0.1509150853898182,-732.7529902390382,0.0,241.39779959050273,244.9819414452491,0.17112238926190204,243.6598101471902,2.381584579385998,0.009774219958339984,0.0,0.0,-733.237289801886,0.0,-2.6020852139652106e-13,0.9999999999999993,0.9999738085334284,6000.0,10.0,NaN,1.0030456466501272,1.0030456466501272,1.0030456466501272,1.0030456466501272,0.10030456466501272,NaN,1.0030456466501272,4.2939959491035346e-17,0.0,1.0,7.166514133446626,0.007603907660506432,0.002,750.0,562.5,0.006756654321639143,0.006756654321639143,NaN,NaN,2.6271924635941123e-5
mean_vv,0.0,1.0,pv_ld1895_load_b,b1804,AverageVoltageVoltVarWatt,NoUnbalanceControl,GridCurrentTarget,LOCALLY_SOLVED,true,0.0,6000.0,6000.0,3.469446951953614e-13,-698.8107192831645,0.13728182215152,-698.3988738167112,0.0,241.3115994996839,244.8667572594371,0.23522912997384965,243.48791761285307,2.332330704648074,0.009578835481916974,0.0,0.0,-698.8408099857529,0.0,-3.469446951953614e-13,0.9999999999999993,0.9999738085367286,6000.0,10.0,NaN,0.9566672084242485,0.9566672084242485,0.9566672084242485,0.9566672084242485,0.09566672084242485,NaN,0.9566672084242485,7.815190593399781e-17,0.0,1.0,6.693792913013611,0.0071023348675973465,0.002,750.0,562.5,0.006310968480867101,0.006310968480867101,NaN,NaN,2.5057170333240436e-5
mean_vv,0.0,1.0,pv_ld1970_load_c,b2492,AverageVoltageVoltVarWatt,NoUnbalanceControl,GridCurrentTarget,LOCALLY_SOLVED,true,0.0,6000.0,6000.0,4.98732999343332e-13,-693.7542484988721,0.13533043865426084,-693.3482571829109,0.0,241.29980805808705,244.84805465977252,0.24526610303221244,243.46261688753756,2.3278323171577604,0.009561354210831692,0.0,0.0,-693.7841239024169,0.0,-4.98732999343332e-13,0.9999999999999993,0.999973808537211,6000.0,10.0,NaN,0.9498436315301434,0.9498436315301434,0.9498436315301434,0.9498436315301434,0.09498436315301434,NaN,0.9498436315301434,1.0734989872758837e-17,0.0,1.0,6.633230105167071,0.007038075732688729,0.002,750.0,562.5,0.0062538693180458375,0.0062538693180458375,NaN,NaN,2.4878445742489886e-5
mean_vv,0.0,1.0,pv_ld2050_load_a,b1821,AverageVoltageVoltVarWatt,NoUnbalanceControl,GridCurrentTarget,LOCALLY_SOLVED,true,0.0,6000.0,6000.0,4.119968255444917e-13,-704.3639629224733,0.13944060103651332,-703.945641119365,0.0,241.32597588000075,244.88458558609932,0.22541929367343078,243.51565156990262,2.3418347126576378,0.009616772875009227,0.0,0.0,-704.3942900413143,0.0,-4.119968255444917e-13,0.9999999999999993,0.9999738085361973,6000.0,10.0,NaN,0.9641597413849482,0.9641597413849482,0.9641597413849482,0.9641597413849482,0.09641597413849481,NaN,0.9641597413849481,1.3747494768571656e-16,0.0,1.0000000000000002,6.773708252766727,0.007187127676601316,0.002,750.0,562.5,0.006386313385747551,0.006386313385747551,NaN,NaN,2.5253416404583073e-5
mean_vv,0.0,1.0,pv_ld2186_load_b,b1754,AverageVoltageVoltVarWatt,NoUnbalanceControl,GridCurrentTarget,LOCALLY_SOLVED,true,0.0,6000.0,6000.0,8.673617379884035e-14,-692.3584196888196,0.13479412688957929,-691.9540373081512,0.0,241.295634763625,244.84502980688993,0.24797587839276058,243.45565554983293,2.324780253157353,0.009549091180104025,0.0,0.0,-692.3882356511745,0.0,-8.673617379884035e-14,0.9999999999999993,0.9999738085373444,6000.0,10.0,NaN,0.9479596576840814,0.9479596576840814,0.9479596576840814,0.9479596576840814,0.09479596576840814,NaN,0.9479596576840811,6.387995513454273e-16,0.0,1.0,6.611393678921111,0.007014906564845342,0.002,750.0,562.5,0.006233281737945295,0.006233281737945295,NaN,NaN,2.482910029180003e-5
mean_vv,0.0,1.0,pv_ld248_load_b,b2560,AverageVoltageVoltVarWatt,NoUnbalanceControl,GridCurrentTarget,LOCALLY_SOLVED,true,0.0,6000.0,6000.0,4.119968255444917e-13,-728.2383217962556,0.14890750216604592,-727.7915992897588,0.0,241.38594895948106,244.96414643102906,0.18093796703542367,243.63496424975966,2.376127030122161,0.009752816216010363,0.0,0.0,-728.2696648265116,0.0,-4.119968255444917e-13,0.9999999999999993,0.9999738085339069,6000.0,10.0,NaN,0.9963516854525448,0.9963516854525448,0.9963516854525448,0.9963516854525448,0.09963516854525448,NaN,0.9963516854525446,1.4402500255956347e-16,0.0,1.0,7.102374513934738,0.007535853410550697,0.002,750.0,562.5,0.006696182908439644,0.006696182908439644,NaN,NaN,2.6096594895883398e-5
mean_vv,0.0,1.0,pv_ld24_load_a,b1044,AverageVoltageVoltVarWatt,NoUnbalanceControl,GridCurrentTarget,LOCALLY_SOLVED,true,0.0,6000.0,6000.0,4.119968255444917e-13,-709.6464053040961,0.1415092507620324,-709.2218775518113,0.0,241.33928076380704,244.90190131268668,0.21520413360719046,243.54205497674047,2.348909935644532,0.009644781620442782,0.0,0.0,-709.6769572695913,0.0,-4.119968255444917e-13,0.9999999999999993,0.9999738085356917,6000.0,10.0,NaN,0.9712852336350027,0.9712852336350027,0.9712852336350027,0.9712852336350027,0.09712852336350028,NaN,0.9712852336350027,1.0734989872758837e-16,0.0,1.0,6.844384606890213,0.007262117617391116,0.002,750.0,562.5,0.006452947691441254,0.006452947691441254,NaN,NaN,2.5440048857065034e-5
mean_vv,0.0,1.0,pv_ld2804_load_c,b2443,AverageVoltageVoltVarWatt,NoUnbalanceControl,GridCurrentTarget,LOCALLY_SOLVED,true,0.0,6000.0,6000.0,5.421010862427522e-13,-707.9758811335313,0.1408534712380111,-707.5533207198187,0.0,241.33538997457342,244.895701151216,0.21853345288248893,243.5336962308235,2.3473938256855456,0.009638887193091604,0.0,0.0,-708.00636199828,0.0,-5.421010862427522e-13,0.9999999999999993,0.9999738085358515,6000.0,10.0,NaN,0.9690320642699414,0.9690320642699414,0.9690320642699414,0.9690320642699414,0.09690320642699414,NaN,0.9690320642699414,1.4402500255956347e-16,0.0,1.0,6.824099653675809,0.007240594613561294,0.002,750.0,562.5,0.006433822854142566,0.006433822854142566,NaN,NaN,2.5381033345157425e-5
mean_vv,0.0,1.0,pv_ld626_load_c,b2055,AverageVoltageVoltVarWatt,NoUnbalanceControl,GridCurrentTarget,LOCALLY_SOLVED,true,0.0,6000.0,6000.0,8.890457814381136e-13,-690.3200199171347,0.13401280684409,-689.9179814966051,0.0,241.29055256950554,244.83817499727172,0.25185289189541993,243.44546660959267,2.3221020094959792,0.009538489427777578,0.0,0.0,-690.3497490719617,0.0,-8.890457814381136e-13,0.9999999999999992,0.9999738085375385,6000.0,10.0,NaN,0.9452082904247626,0.9452082904247626,0.9452082904247626,0.9452082904247626,0.09452082904247626,NaN,0.945208290424762,3.353718046983037e-16,0.0,1.0,6.58461021176293,0.006986488423569648,0.002,750.0,562.5,0.006208030042943704,0.006208030042943704,NaN,NaN,2.4757035883548988e-5
mean_vv,0.0,1.0,pv_ld868_load_a,b2190,AverageVoltageVoltVarWatt,NoUnbalanceControl,GridCurrentTarget,LOCALLY_SOLVED,true,0.0,6000.0,6000.0,-4.336808689942018e-14,-703.0826319720999,0.13894105683563002,-702.6658088015928,0.0,241.32299016127678,244.8798380107669,0.22797022206078996,243.50924023502495,2.3406809691625696,0.009612288087726947,0.0,0.0,-703.11290454618,0.0,4.336808689942018e-14,0.9999999999999993,0.9999738085363199,6000.0,10.0,NaN,0.9624311467517128,0.9624311467517128,0.9624311467517128,0.9624311467517128,0.09624311467517128,NaN,0.962431146751712,9.349307233186109e-16,0.0,1.0,6.7582328079938705,0.007170707719720208,0.002,750.0,562.5,0.006371722996493078,0.006371722996493078,NaN,NaN,2.5208140661881597e-5
mean_vv_vw,0.0,1.0,pv_ld1291_load_b,b828,AverageVoltageVoltVarWatt,NoUnbalanceControl,GridCurrentTarget,LOCALLY_SOLVED,true,0.0,6000.0,6000.0,9.324138683375338e-13,-734.2389202385649,0.15133437116028775,-733.7849171250867,0.0,241.402579069475,244.9809433268949,0.1710305869668159,243.6649083120802,2.388417229755718,0.009802056628920445,0.0,0.0,-734.2705184920227,0.0,-9.324138683375338e-13,0.9999999999999993,0.9999738085333284,6000.0,10.0,NaN,1.0044380556954184,1.0044380556954184,1.0044380556954184,1.0044380556954184,0.10044380556954184,NaN,1.0044380556954184,7.217235164579447e-16,0.0,1.0,7.197051475336259,0.007636308786577206,0.002,750.0,562.5,0.006785445203678534,0.006785445203678534,NaN,NaN,2.630839493411306e-5
mean_vv_vw,0.0,1.0,pv_ld1446_load_c,b260,AverageVoltageVoltVarWatt,NoUnbalanceControl,GridCurrentTarget,LOCALLY_SOLVED,true,0.0,6000.0,6000.0,1.0842021724855044e-13,-724.7267729491151,0.14749618108995943,-724.2842844058456,0.0,241.37778473034734,244.951042339588,0.1879888012575904,243.61739346739364,2.372853453204704,0.009740082263552717,0.0,0.0,-724.757966605048,0.0,-1.0842021724855044e-13,0.9999999999999993,0.9999738085342449,6000.0,10.0,NaN,0.9916188148338084,0.9916188148338084,0.9916188148338084,0.9916188148338084,0.09916188148338084,NaN,0.9916188148338079,3.3347654685651667e-16,0.0,1.0000000000000002,7.058898387123742,0.007489723807294357,0.002,750.0,562.5,0.006655193222989322,0.006655193222989322,NaN,NaN,2.5972630504412648e-5
mean_vv_vw,0.0,1.0,pv_ld1668_load_a,b605,AverageVoltageVoltVarWatt,NoUnbalanceControl,GridCurrentTarget,LOCALLY_SOLVED,true,0.0,6000.0,6000.0,3.469446951953614e-13,-733.2057354952022,0.15091508538990495,-732.7529902390336,0.0,241.39779959050267,244.98194144524902,0.17112238926187515,243.6598101471902,2.3815845793860055,0.009774219958340016,0.0,0.0,-733.2372898018773,0.0,-3.469446951953614e-13,0.9999999999999993,0.9999738085334284,6000.0,10.0,NaN,1.0030456466501207,1.0030456466501207,1.0030456466501207,1.0030456466501207,0.10030456466501207,NaN,1.0030456466501207,6.789403731351813e-17,0.0,1.0,7.166514133446588,0.007603907660506383,0.002,750.0,562.5,0.0067566543216391,0.0067566543216391,NaN,NaN,2.627192463147213e-5
mean_vv_vw,0.0,1.0,pv_ld1895_load_b,b1804,AverageVoltageVoltVarWatt,NoUnbalanceControl,GridCurrentTarget,LOCALLY_SOLVED,true,0.0,6000.0,6000.0,4.3368086899420177e-13,-698.8107192831586,0.13728182215154167,-698.398873816705,0.0,241.31159949968384,244.8667572594371,0.23522912997384965,243.48791761285307,2.332330704648074,0.009578835481916974,0.0,0.0,-698.8408099857476,0.0,-4.3368086899420177e-13,0.9999999999999992,0.9999738085367286,6000.0,10.0,NaN,0.95666720842424,0.95666720842424,0.95666720842424,0.95666720842424,0.095666720842424,NaN,0.95666720842424,3.870555642781863e-17,0.0,1.0000000000000002,6.693792913013437,0.007102334867597272,0.002,750.0,562.5,0.006310968480867034,0.006310968480867034,NaN,NaN,2.5057170357132e-5
mean_vv_vw,0.0,1.0,pv_ld1970_load_c,b2492,AverageVoltageVoltVarWatt,NoUnbalanceControl,GridCurrentTarget,LOCALLY_SOLVED,true,0.0,6000.0,6000.0,4.77048955893622e-13,-693.7542484988658,0.13533043865423916,-693.3482571829045,0.0,241.29980805808702,244.84805465977243,0.24526610303217272,243.4626168875376,2.3278323171577675,0.009561354210831721,0.0,0.0,-693.7841239024082,0.0,-4.77048955893622e-13,0.9999999999999993,0.999973808537211,6000.0,10.0,NaN,0.9498436315301346,0.9498436315301346,0.9498436315301346,0.9498436315301346,0.09498436315301347,NaN,0.9498436315301344,1.0734989872758837e-16,0.0,1.0,6.63323010516698,0.007038075732688629,0.002,750.0,562.5,0.006253869318045749,0.006253869318045749,NaN,NaN,2.4878445754258267e-5
mean_vv_vw,0.0,1.0,pv_ld2050_load_a,b1821,AverageVoltageVoltVarWatt,NoUnbalanceControl,GridCurrentTarget,LOCALLY_SOLVED,true,0.0,6000.0,6000.0,4.119968255444917e-13,-704.363962922473,0.139440601036535,-703.9456411193646,0.0,241.32597588000073,244.8845855860993,0.22541929367340424,243.5156515699026,2.3418347126576444,0.009616772875009257,0.0,0.0,-704.3942900413143,0.0,-4.119968255444917e-13,0.9999999999999993,0.9999738085361973,6000.0,10.0,NaN,0.9641597413849478,0.9641597413849478,0.9641597413849478,0.9641597413849478,0.09641597413849477,NaN,0.9641597413849475,4.8008334186521156e-17,0.0,1.0000000000000002,6.773708252766817,0.007187127676601355,0.002,750.0,562.5,0.006386313385747587,0.006386313385747587,NaN,NaN,2.5253416395576717e-5
mean_vv_vw,0.0,1.0,pv_ld2186_load_b,b1754,AverageVoltageVoltVarWatt,NoUnbalanceControl,GridCurrentTarget,LOCALLY_SOLVED,true,0.0,6000.0,6000.0,3.0357660829594124e-13,-692.3584196888189,0.13479412688979614,-691.9540373081505,0.0,241.29563476362495,244.8450298068899,0.24797587839276297,243.45565554983293,2.324780253157353,0.009549091180104025,0.0,0.0,-692.3882356511718,0.0,-3.0357660829594124e-13,0.9999999999999993,0.9999738085373444,6000.0,10.0,NaN,0.9479596576840804,0.9479596576840804,0.9479596576840804,0.9479596576840804,0.09479596576840804,NaN,0.9479596576840801,4.650865448554458e-16,0.0,1.0,6.611393678920966,0.0070149065648452535,0.002,750.0,562.5,0.0062332817379452165,0.0062332817379452165,NaN,NaN,2.4829100295463814e-5
mean_vv_vw,0.0,1.0,pv_ld248_load_b,b2560,AverageVoltageVoltVarWatt,NoUnbalanceControl,GridCurrentTarget,LOCALLY_SOLVED,true,0.0,6000.0,6000.0,3.469446951953614e-13,-728.238321796254,0.1489075021659592,-727.7915992897571,0.0,241.38594895948103,244.96414643102904,0.18093796703539675,243.63496424975966,2.376127030122154,0.009752816216010334,0.0,0.0,-728.269664826509,0.0,-3.469446951953614e-13,0.9999999999999993,0.9999738085339067,6000.0,10.0,NaN,0.9963516854525427,0.9963516854525427,0.9963516854525427,0.9963516854525427,0.09963516854525427,NaN,0.9963516854525427,1.8343958735759451e-16,0.0,1.0,7.102374513934617,0.007535853410550629,0.002,750.0,562.5,0.006696182908439583,0.006696182908439583,NaN,NaN,2.6096594899991196e-5
mean_vv_vw,0.0,1.0,pv_ld24_load_a,b1044,AverageVoltageVoltVarWatt,NoUnbalanceControl,GridCurrentTarget,LOCALLY_SOLVED,true,0.0,6000.0,6000.0,4.3368086899420177e-13,-709.6464053040946,0.1415092507620541,-709.2218775518097,0.0,241.33928076380698,244.90190131268668,0.21520413360717716,243.54205497674047,2.3489099356445324,0.009644781620442784,0.0,0.0,-709.6769572695825,0.0,-4.3368086899420177e-13,0.9999999999999993,0.9999738085356917,6000.0,10.0,NaN,0.9712852336350005,0.9712852336350005,0.9712852336350005,0.9712852336350005,0.09712852336350006,NaN,0.9712852336350004,9.8971716380489e-17,0.0,1.0,6.8443846068902605,0.007262117617391085,0.002,750.0,562.5,0.006452947691441225,0.006452947691441225,NaN,NaN,2.5440048868976645e-5
mean_vv_vw,0.0,1.0,pv_ld2804_load_c,b2443,AverageVoltageVoltVarWatt,NoUnbalanceControl,GridCurrentTarget,LOCALLY_SOLVED,true,0.0,6000.0,6000.0,3.903127820947816e-13,-707.9758811335223,0.140853471237881,-707.5533207198098,0.0,241.33538997457333,244.89570115121597,0.21853345288247564,243.5336962308235,2.3473938256855384,0.009638887193091574,0.0,0.0,-708.0063619982727,0.0,-3.903127820947816e-13,0.9999999999999993,0.9999738085358515,6000.0,10.0,NaN,0.9690320642699293,0.9690320642699293,0.9690320642699293,0.9690320642699293,0.09690320642699293,NaN,0.969032064269929,2.4004167093260578e-17,0.0,1.0,6.824099653675627,0.007240594613561155,0.002,750.0,562.5,0.006433822854142443,0.006433822854142443,NaN,NaN,2.5381033355352822e-5
mean_vv_vw,0.0,1.0,pv_ld626_load_c,b2055,AverageVoltageVoltVarWatt,NoUnbalanceControl,GridCurrentTarget,LOCALLY_SOLVED,true,0.0,6000.0,6000.0,8.890457814381136e-13,-690.320019917117,0.1340128068440683,-689.9179814965875,0.0,241.2905525695055,244.8381749972717,0.25185289189540677,243.44546660959264,2.3221020094959934,0.009538489427777639,0.0,0.0,-690.349749071957,0.0,-8.890457814381136e-13,0.9999999999999993,0.9999738085375385,6000.0,10.0,NaN,0.9452082904247384,0.9452082904247384,0.9452082904247384,0.9452082904247384,0.09452082904247384,NaN,0.9452082904247375,1.0884242177576965e-15,0.0,1.0,6.584610211763402,0.006986488423570095,0.002,750.0,562.5,0.006208030042944101,0.006208030042944101,NaN,NaN,2.475703588952603e-5
mean_vv_vw,0.0,1.0,pv_ld868_load_a,b2190,AverageVoltageVoltVarWatt,NoUnbalanceControl,GridCurrentTarget,LOCALLY_SOLVED,true,0.0,6000.0,6000.0,4.119968255444917e-13,-703.0826319720919,0.13894105683608537,-702.6658088015848,0.0,241.32299016127678,244.8798380107669,0.2279702220607767,243.50924023502495,2.34068096916257,0.009612288087726949,0.0,0.0,-703.11290454618,0.0,-4.119968255444917e-13,0.9999999999999993,0.9999738085363199,6000.0,10.0,NaN,0.9624311467517017,0.9624311467517017,0.9624311467517017,0.9624311467517017,0.09624311467517017,NaN,0.9624311467517014,2.58532791710406e-16,0.0,1.0,6.758232807993142,0.007170707719719554,0.002,750.0,562.5,0.006371722996492497,0.006371722996492497,NaN,NaN,2.5208140661881597e-5
worst_vv_vw,0.0,1.0,pv_ld1291_load_b,b828,WorstPhaseVoltVarWatt,NoUnbalanceControl,GridCurrentTarget,LOCALLY_SOLVED,true,0.0,6000.0,6000.0,2.6020852139652106e-13,-995.1365465583099,0.27800432636632383,-994.3025335792116,0.0,241.39629750314833,244.97346110644222,0.17067750356689906,243.6583357835168,2.3888723405487715,0.009804188856773666,0.0,0.0,-995.1793735710957,0.0,-2.6020852139652106e-13,0.9999999999999992,0.9999738085067347,6000.0,10.0,NaN,1.3613824502225105,1.3613824502225105,1.3613824502225105,1.3613824502225105,0.13613824502225105,NaN,1.36138245022251,8.587991898207069e-17,0.0,1.0000000000000002,9.756506640735173,0.010351975061212732,0.002,750.0,562.5,0.00919852267514059,0.00919852267514059,NaN,NaN,0.001735575211809977
worst_vv_vw,0.0,1.0,pv_ld1446_load_c,b260,WorstPhaseVoltVarWatt,NoUnbalanceControl,GridCurrentTarget,LOCALLY_SOLVED,true,0.0,6000.0,6000.0,3.686287386450715e-13,-988.2840471981181,0.2743063842740485,-987.4611280452968,0.0,241.36666968146434,244.9391809886678,0.18752130143278364,243.6061241584939,2.3737126619856856,0.009744059884312725,0.0,0.0,-988.3265864414423,0.0,-3.686287386450715e-13,0.9999999999999993,0.9999738085074389,6000.0,10.0,NaN,1.3522977588132188,1.3522977588132188,1.3522977588132188,1.3522977588132188,0.13522977588132187,NaN,1.3522977588132183,8.852299427064114e-17,0.0,1.0000000000000002,9.629898938609449,0.01021764011703383,0.002,750.0,562.5,0.009079155788842408,0.009079155788842408,NaN,NaN,0.0016730566886545009
worst_vv_vw,0.0,1.0,pv_ld1668_load_a,b605,WorstPhaseVoltVarWatt,NoUnbalanceControl,GridCurrentTarget,LOCALLY_SOLVED,true,0.0,6000.0,6000.0,3.903127820947816e-13,-994.6711347188884,0.27776424787386444,-993.837841975268,0.0,241.3877822271061,244.97113297680613,0.17065132946523404,243.6496080664816,2.382356840596622,0.009777798780396882,0.0,0.0,-994.7139429042346,0.0,-3.903127820947816e-13,0.9999999999999993,0.9999738085067804,6000.0,10.0,NaN,1.3607944931141787,1.3607944931141787,1.3607944931141787,1.3607944931141787,0.13607944931141785,NaN,1.3607944931141784,1.156193793354524e-16,0.0,1.0000000000000002,9.72569420795041,0.010319282054636843,0.002,750.0,562.5,0.009169472434917966,0.009169472434917966,NaN,NaN,0.0017179254343699822
worst_vv_vw,0.0,1.0,pv_ld1895_load_b,b1804,WorstPhaseVoltVarWatt,NoUnbalanceControl,GridCurrentTarget,LOCALLY_SOLVED,true,0.0,6000.0,6000.0,4.77048955893622e-13,-969.2082763301458,0.26412590193325164,-968.4158986243476,0.0,241.28814695496746,244.84375197173003,0.2344018583875798,243.4646947534936,2.3342665967424403,0.009587700586755997,0.0,0.0,-969.2500134625335,0.0,-4.77048955893622e-13,0.9999999999999992,0.9999738085093942,6000.0,10.0,NaN,1.326966218943932,1.326966218943932,1.326966218943932,1.326966218943932,0.13269662189439319,NaN,1.3269662189439315,1.4402500255956347e-16,0.0,1.0,9.292478759659316,0.00985962618784153,0.002,750.0,562.5,0.008761032993316107,0.008761032993316107,NaN,NaN,0.001581763965800466
worst_vv_vw,0.0,1.0,pv_ld1970_load_c,b2492,WorstPhaseVoltVarWatt,NoUnbalanceControl,GridCurrentTarget,LOCALLY_SOLVED,true,0.0,6000.0,6000.0,6.938893903907228e-13,-965.3947861043639,0.2621067531075093,-964.6084658450433,0.0,241.2759901472498,244.824674225051,0.24446280269108314,243.4390353833121,2.329801441650583,0.009570369180859366,0.0,0.0,-965.4363624512831,0.0,-6.938893903907228e-13,0.9999999999999993,0.9999738085097853,6000.0,10.0,NaN,1.3218843951139294,1.3218843951139294,1.3218843951139294,1.3218843951139294,0.13218843951139295,NaN,1.3218843951139292,1.770459885412823e-16,0.0,1.0,9.239184508295665,0.009803079230888684,0.002,750.0,562.5,0.008710786691265992,0.008710786691265992,NaN,NaN,0.0015732176966860455
worst_vv_vw,0.0,1.0,pv_ld2050_load_a,b1821,WorstPhaseVoltVarWatt,NoUnbalanceControl,GridCurrentTarget,LOCALLY_SOLVED,true,0.0,6000.0,6000.0,6.548581121812447e-12,-973.3441759465974,0.26631749283278705,-972.5452234681187,0.0,241.30571172057859,244.86444246515993,0.224699212785315,243.495512949841,2.343485249597383,0.009624346753692052,0.0,0.0,-973.3860870282409,0.0,-6.548581121812447e-12,0.9999999999999992,0.9999738085089711,6000.0,10.0,NaN,1.3324601127894409,1.3324601127894409,1.3324601127894409,1.3324601127894409,0.1332460112789441,NaN,1.3324601127894318,9.198401841444458e-15,0.0,1.0,9.367801859999418,0.009939546479495718,0.002,750.0,562.5,0.008832048293356713,0.008832048293356713,NaN,NaN,0.0015956002727807205
worst_vv_vw,0.0,1.0,pv_ld2186_load_b,b1754,WorstPhaseVoltVarWatt,NoUnbalanceControl,GridCurrentTarget,LOCALLY_SOLVED,true,0.0,6000.0,6000.0,-8.890457814381136e-13,-964.5650758843058,0.26167399219565946,-963.7800539077161,0.0,241.27056921544795,244.82052348980227,0.24712505100122656,243.43085699878105,2.32686190122738,0.009558615246706507,0.0,0.0,-964.6066175891508,0.0,8.890457814381136e-13,0.9999999999999993,0.9999738085098688,6000.0,10.0,NaN,1.3207926715841372,1.3207926715841372,1.3207926715841372,1.3207926715841372,0.13207926715841373,NaN,1.3207926715841338,4.322083435891868e-15,0.0,1.0,9.219906440785554,0.009782624565972205,0.002,750.0,562.5,0.00869261115491336,0.00869261115491336,NaN,NaN,0.0015690420563626135
worst_vv_vw,0.0,1.0,pv_ld248_load_b,b2560,WorstPhaseVoltVarWatt,NoUnbalanceControl,GridCurrentTarget,LOCALLY_SOLVED,true,0.0,6000.0,6000.0,3.686287386450715e-13,-990.9541057672474,0.27575025335474773,-990.1268550071843,0.0,241.37508132016268,244.9525382298349,0.18046072590824794,243.62393641349337,2.376968161056057,0.00975671026438766,0.0,0.0,-990.9967574970109,0.0,-3.686287386450715e-13,0.9999999999999992,0.9999738085071632,6000.0,10.0,NaN,1.3558521388272506,1.3558521388272506,1.3558521388272506,1.3558521388272506,0.13558521388272507,NaN,1.3558521388272506,2.749498953714331e-16,0.0,1.0,9.668452095276516,0.01025854628673635,0.002,750.0,562.5,0.009115504053529757,0.009115504053529757,NaN,NaN,0.0016894664167982044
worst_vv_vw,0.0,1.0,pv_ld24_load_a,b1044,WorstPhaseVoltVarWatt,NoUnbalanceControl,GridCurrentTarget,LOCALLY_SOLVED,true,0.0,6000.0,6000.0,6.288372600415926e-13,-977.1382247111937,0.2683356295226031,-976.3332178226278,0.0,241.32083389051223,244.88342275252313,0.21452721508941894,243.5236848494852,2.3504008308769695,0.009651631348834438,0.0,0.0,-977.1802953466189,0.0,-6.288372600415926e-13,0.9999999999999993,0.9999738085085824,6000.0,10.0,NaN,1.3374992324533501,1.3374992324533501,1.3374992324533501,1.3374992324533501,0.13374992324533502,NaN,1.33749923245335,2.4004167093260576e-16,0.0,1.0,9.430977921767186,0.010006578362931926,0.002,750.0,562.5,0.008891611255602982,0.008891611255602982,NaN,NaN,0.001611073615321005
worst_vv_vw,0.0,1.0,pv_ld2804_load_c,b2443,WorstPhaseVoltVarWatt,NoUnbalanceControl,GridCurrentTarget,LOCALLY_SOLVED,true,0.0,6000.0,6000.0,3.686287386450715e-13,-975.8743926617536,0.2676605781150353,-975.0714109274097,0.0,241.31682372892436,244.8771002316091,0.2178632732263996,243.51520919763993,2.3488947235860396,0.009645782418787845,0.0,0.0,-975.9164100300844,0.0,-3.686287386450715e-13,0.9999999999999993,0.9999738085087124,6000.0,10.0,NaN,1.3358158009612207,1.3358158009612207,1.3358158009612207,1.3358158009612207,0.13358158009612206,NaN,1.3358158009612204,1.2881987847310604e-16,0.0,1.0000000000000002,9.41307205968209,0.00998757965319082,0.002,750.0,562.5,0.008874729446931828,0.008874729446931828,NaN,NaN,0.00160680095357226
worst_vv_vw,0.0,1.0,pv_ld626_load_c,b2055,WorstPhaseVoltVarWatt,NoUnbalanceControl,GridCurrentTarget,LOCALLY_SOLVED,true,0.0,6000.0,6000.0,1.4311468676808659e-12,-963.0682444998115,0.2608857623586161,-962.2855872127401,0.0,241.2647936018554,244.81303529193926,0.2509854913105323,243.41999466638362,2.324246977456013,0.009548299352489438,0.0,0.0,-963.1097231907618,0.0,-1.4311468676808659e-12,0.9999999999999993,0.999973808510022,6000.0,10.0,NaN,1.3188018864538147,1.3188018864538147,1.3188018864538147,1.3188018864538147,0.13188018864538148,NaN,1.318801886453813,1.808073155238937e-15,0.0,1.0,9.195663895362058,0.009756902426390277,0.002,750.0,562.5,0.008669755063897062,0.008669755063897062,NaN,NaN,0.0015655599555076938
worst_vv_vw,0.0,1.0,pv_ld868_load_a,b2190,WorstPhaseVoltVarWatt,NoUnbalanceControl,GridCurrentTarget,LOCALLY_SOLVED,true,0.0,6000.0,6000.0,-3.0140820395097023e-12,-972.3762798475351,0.2658022968143447,-971.578872957083,0.0,241.3026338724367,244.8596003954378,0.2272555811725116,243.48901131110108,2.3423394398022195,0.009619897946069766,0.0,0.0,-972.4181501280295,0.0,3.0140820395097023e-12,0.9999999999999993,0.9999738085090705,6000.0,10.0,NaN,1.331170654768145,1.331170654768145,1.331170654768145,1.331170654768145,0.1331170654768145,NaN,1.3311706547681377,7.319090588186404e-15,0.0,1.0,9.354160577317229,0.00992507262903584,0.002,750.0,562.5,0.008819187168705186,0.008819187168705186,NaN,NaN,0.0015928344528139623
sequence_vv_vw,0.0,1.0,pv_ld1291_load_b,b828,PositiveSequenceVoltVarWatt,NoUnbalanceControl,GridCurrentTarget,LOCALLY_SOLVED,true,0.0,6000.0,6000.0,1.951563910473908e-13,-732.9564812932206,0.15080614512482782,-732.5040628578465,0.0,241.40260957819424,244.98097930851023,0.17103227169813395,243.66494012176557,2.3884150153599895,0.009802046261421268,0.0,0.0,-732.9880243531135,0.0,-1.951563910473908e-13,0.9999999999999993,0.9999738085334542,6000.0,10.0,NaN,1.002683549695938,1.002683549695938,1.002683549695938,1.002683549695938,0.10026835496959381,NaN,1.002683549695938,1.0734989872758837e-16,0.0,1.0000000000000002,7.184473337244681,0.0076229629675627795,0.002,750.0,562.5,0.006773586421359546,0.006773586421359546,NaN,NaN,2.626244051559813e-5
sequence_vv_vw,0.0,1.0,pv_ld1446_load_c,b260,PositiveSequenceVoltVarWatt,NoUnbalanceControl,GridCurrentTarget,LOCALLY_SOLVED,true,0.0,6000.0,6000.0,2.1684043449710089e-13,-723.4580789698516,0.14698016114482632,-723.0171384864177,0.0,241.37783665409043,244.95109770424858,0.18799101708534444,243.61744609006684,2.372849442252812,0.009740063695502149,0.0,0.0,-723.4892180133592,0.0,-2.1684043449710089e-13,0.9999999999999993,0.9999738085343683,6000.0,10.0,NaN,0.9898826905064713,0.9898826905064713,0.9898826905064713,0.9898826905064713,0.09898826905064713,NaN,0.989882690506471,5.367494936379418e-17,0.0,1.0,7.046527770192028,0.007476598175069183,0.002,750.0,562.5,0.006643530093496169,0.006643530093496169,NaN,NaN,2.5927157541725573e-5
sequence_vv_vw,0.0,1.0,pv_ld1668_load_a,b605,PositiveSequenceVoltVarWatt,NoUnbalanceControl,GridCurrentTarget,LOCALLY_SOLVED,true,0.0,6000.0,6000.0,-3.7947076036992655e-12,-731.9400660665966,0.15039445299337878,-731.4888827076051,0.0,241.39784643238164,244.9819919282896,0.17112462104887122,243.6598578294946,2.381580969933718,0.00977420323211496,0.0,0.0,-731.9715658989021,0.0,3.7947076036992655e-12,0.9999999999999993,0.9999738085335522,6000.0,10.0,NaN,1.0013139800521806,1.0013139800521806,1.0013139800521806,1.0013139800521806,0.10013139800521806,NaN,1.001313980052177,6.42394746165955e-15,0.0,1.0,7.154130959460426,0.00759076870483264,0.002,750.0,562.5,0.006744979353241481,0.006744979353241481,NaN,NaN,2.622656844076272e-5
sequence_vv_vw,0.0,1.0,pv_ld1895_load_b,b1804,PositiveSequenceVoltVarWatt,NoUnbalanceControl,GridCurrentTarget,LOCALLY_SOLVED,true,0.0,6000.0,6000.0,-2.6497901095545728e-11,-697.5749589460535,0.1367965989311059,-697.1645691491807,0.0,241.31170792494817,244.86686363548293,0.23523303130161735,243.48802498213226,2.3323217607844553,0.009578794525749702,0.0,0.0,-697.6049964265161,0.0,2.6497901095545728e-11,0.9999999999999993,0.9999738085368477,6000.0,10.0,NaN,0.9549750396653713,0.9549750396653713,0.9549750396653713,0.9549750396653713,0.09549750396653714,NaN,0.9549750396653569,2.7189930234409256e-14,0.0,1.0,6.681927198049215,0.007089744952998132,0.002,750.0,562.5,0.006299781377513956,0.006299781377513956,NaN,NaN,2.5012848598141054e-5
sequence_vv_vw,0.0,1.0,pv_ld1970_load_c,b2492,PositiveSequenceVoltVarWatt,NoUnbalanceControl,GridCurrentTarget,LOCALLY_SOLVED,true,0.0,6000.0,6000.0,2.8189256484623115e-13,-692.5153551879104,0.13484740836921996,-692.1108129628036,0.0,241.29991814256437,244.84816274009137,0.24526989137999836,243.4627258861499,2.327823221701798,0.009561312571479028,0.0,0.0,-692.5451772299732,0.0,-2.8189256484623115e-13,0.9999999999999993,0.9999738085373312,6000.0,10.0,NaN,0.9481469941203656,0.9481469941203656,0.9481469941203656,0.9481469941203656,0.09481469941203656,NaN,0.9481469941203651,4.420939411886643e-16,0.0,1.0000000000000002,6.621355771500586,0.00702547667336248,0.002,750.0,562.5,0.00624267408890235,0.00624267408890235,NaN,NaN,2.483400705244877e-5
sequence_vv_vw,0.0,1.0,pv_ld2050_load_a,b1821,PositiveSequenceVoltVarWatt,NoUnbalanceControl,GridCurrentTarget,LOCALLY_SOLVED,true,0.0,6000.0,6000.0,4.553649124439119e-13,-703.1186432748915,0.1389478671476232,-702.70179967345,0.0,241.32606946818547,244.88467864330775,0.2254226905876557,243.51574458383035,2.341827094661218,0.00961673791837736,0.0,0.0,-703.1489167660694,0.0,-4.553649124439119e-13,0.9999999999999993,0.9999738085363182,6000.0,10.0,NaN,0.9624547336443273,0.9624547336443273,0.9624547336443273,0.9624547336443273,0.09624547336443273,NaN,0.9624547336443273,4.8008334186521156e-17,0.0,1.0,6.761707717899731,0.007174394713642374,0.002,750.0,562.5,0.006374999172971054,0.006374999172971054,NaN,NaN,2.5208758472912227e-5
sequence_vv_vw,0.0,1.0,pv_ld2186_load_b,b1754,PositiveSequenceVoltVarWatt,NoUnbalanceControl,GridCurrentTarget,LOCALLY_SOLVED,true,0.0,6000.0,6000.0,5.421010862427522e-13,-691.1241531054488,0.1343138347684224,-690.7212116011451,0.0,241.29575000255983,244.8451425330972,0.2479798795328138,243.45576957951957,2.3247706899795064,0.009549047426539507,0.0,0.0,-691.1539159039172,0.0,-5.421010862427522e-13,0.9999999999999993,0.9999738085374636,6000.0,10.0,NaN,0.9462692878451965,0.9462692878451965,0.9462692878451965,0.9462692878451965,0.09462692878451964,NaN,0.9462692878451965,4.2939959491035346e-17,0.0,1.0,6.599577315630948,0.007002369013998669,0.002,750.0,562.5,0.0062221411637967,0.0062221411637967,NaN,NaN,2.4784825763198158e-5
sequence_vv_vw,0.0,1.0,pv_ld248_load_b,b2560,PositiveSequenceVoltVarWatt,NoUnbalanceControl,GridCurrentTarget,LOCALLY_SOLVED,true,0.0,6000.0,6000.0,3.686287386450715e-13,-726.971854746898,0.14838996475203658,-726.5266848526429,0.0,241.38599969871643,244.96420058369523,0.1809402283992746,243.6350157163188,2.3761231053887957,0.009752798046712141,0.0,0.0,-727.0031432637529,0.0,-3.686287386450715e-13,0.9999999999999993,0.9999738085340303,6000.0,10.0,NaN,0.9946187368422197,0.9946187368422197,0.9946187368422197,0.9946187368422197,0.09946187368422196,NaN,0.9946187368422195,2.5129967001051287e-16,0.0,1.0,7.0900096849904655,0.007522733919570943,0.002,750.0,562.5,0.00668452523591339,0.00668452523591339,NaN,NaN,2.60512051288864e-5
sequence_vv_vw,0.0,1.0,pv_ld24_load_a,b1044,PositiveSequenceVoltVarWatt,NoUnbalanceControl,GridCurrentTarget,LOCALLY_SOLVED,true,0.0,6000.0,6000.0,1.0625181290357943e-12,-708.397555538579,0.1410115286924838,-707.9745209525047,0.0,241.33936641825227,244.90198710288527,0.21520733444989693,243.54214026864835,2.348903016644215,0.00964474983283455,0.0,0.0,-708.4280537296663,0.0,-1.0625181290357943e-12,0.9999999999999992,0.9999738085358131,6000.0,10.0,NaN,0.9695756071305972,0.9695756071305972,0.9695756071305972,0.9695756071305972,0.09695756071305972,NaN,0.9695756071305964,6.440993923655302e-16,0.0,1.0,6.832317205360707,0.00724931370669975,0.002,750.0,562.5,0.006441570436170779,0.006441570436170779,NaN,NaN,2.5395269943523172e-5
sequence_vv_vw,0.0,1.0,pv_ld2804_load_c,b2443,PositiveSequenceVoltVarWatt,NoUnbalanceControl,GridCurrentTarget,LOCALLY_SOLVED,true,0.0,6000.0,6000.0,9.261254957371179e-11,-706.7259860514553,0.14035647225615466,-706.3049166349647,0.0,241.33547618311212,244.8957875094768,0.2185366220113643,243.53378206547532,2.3473868602744563,0.00963885519440317,0.0,0.0,-706.7564130950713,0.0,-9.261254957371179e-11,0.9999999999999993,0.9999738085359728,6000.0,10.0,NaN,0.9673209469581859,0.9673209469581859,0.9673209469581859,0.9673209469581859,0.09673209469581859,NaN,0.967320946957912,4.2584913778754554e-13,0.0,1.0,6.812029441982348,0.007227787721193492,0.002,750.0,562.5,0.006422442949424219,0.006422442949424219,NaN,NaN,2.5336215383856417e-5
sequence_vv_vw,0.0,1.0,pv_ld626_load_c,b2055,PositiveSequenceVoltVarWatt,NoUnbalanceControl,GridCurrentTarget,LOCALLY_SOLVED,true,0.0,6000.0,6000.0,5.421010862427522e-13,-689.0870582636628,0.13353439273337558,-688.6864550854643,0.0,241.2906709303583,244.83829057442875,0.25185696927802875,243.44558367154403,2.3220921610383765,0.00953844438669849,0.0,0.0,-689.1167343088078,0.0,-5.421010862427522e-13,0.9999999999999993,0.9999738085376579,6000.0,10.0,NaN,0.9435196261263553,0.9435196261263553,0.9435196261263553,0.9435196261263553,0.09435196261263554,NaN,0.9435196261263553,2.4004167093260578e-17,0.0,1.0,6.57281858284162,0.006973977116703439,0.002,750.0,562.5,0.006196912788581716,0.006196912788581716,NaN,NaN,2.47128060184444e-5
sequence_vv_vw,0.0,1.0,pv_ld868_load_a,b2190,PositiveSequenceVoltVarWatt,NoUnbalanceControl,GridCurrentTarget,LOCALLY_SOLVED,true,0.0,6000.0,6000.0,3.903127820947816e-13,-701.8365140068265,0.13844887894359,-701.4211673699967,0.0,241.32308417340877,244.879931502901,0.22797359343687576,243.50933366458872,2.3406733146465797,0.009612252965509067,0.0,0.0,-701.8667329177356,0.0,-3.903127820947816e-13,0.9999999999999993,0.9999738085364414,6000.0,10.0,NaN,0.9607250003450799,0.9607250003450799,0.9607250003450799,0.9607250003450799,0.09607250003450798,NaN,0.9607250003450797,1.7309651055911276e-16,0.0,1.0,6.746230113064768,0.007157972464864346,0.002,750.0,562.5,0.0063604067471906365,0.0063604067471906365,NaN,NaN,2.5163452916523767e-5
sequence_droop,0.0,1.0,pv_ld1291_load_b,b828,PositiveSequenceVoltVarWatt,NegativeSequenceAdmittanceDroop,GridCurrentTarget,LOCALLY_SOLVED,true,0.0,6000.0,6000.0,-27.0029442499738,-743.2895391579497,-23.261833436577504,-732.0662067177657,0.0,241.8961402064944,244.75997590090842,0.17325908638151938,243.67610147126945,1.9210465888464772,0.007883606875059011,0.007883530231601953,0.0,-735.2202942538968,0.0,27.0029442499738,0.9999999999999993,0.9999738080108445,6000.0,10.0,NaN,5.862666284280587,5.862666284280587,5.862666284280587,5.862666284280587,0.5862666284280587,NaN,1.0056910949191318,4.8917608463189195,2.38376767087871,5.829490102777097,3573.255771729241,3.7913421266823595,0.002,750.0,562.5,3.368897849471621,3.368897849471621,NaN,NaN,0.00015777730946616426
sequence_droop,0.0,1.0,pv_ld1446_load_c,b260,PositiveSequenceVoltVarWatt,NegativeSequenceAdmittanceDroop,GridCurrentTarget,LOCALLY_SOLVED,true,0.0,6000.0,6000.0,-24.744983064405382,-734.4140723939519,-21.377540151255698,-724.3117436545077,0.0,241.92617119944782,244.6850826422911,0.19032291413413954,243.63510933562085,1.8589222793639535,0.007629944158841184,0.007629869628009007,0.0,-727.0218671241817,0.0,24.744983064405382,0.9999999999999992,0.9999738080698588,6000.0,10.0,NaN,5.594251941755894,5.594251941755894,5.594251941755894,5.594251941755894,0.5594251941755893,NaN,0.994643970453621,4.632526610073627,2.378490097206819,5.6243762672225674,3383.387610729367,3.589885750956374,0.002,750.0,562.5,3.189888430572381,3.189888430572381,NaN,NaN,0.0001506105856731903
sequence_droop,0.0,1.0,pv_ld1668_load_a,b605,PositiveSequenceVoltVarWatt,NegativeSequenceAdmittanceDroop,GridCurrentTarget,LOCALLY_SOLVED,true,0.0,6000.0,6000.0,-27.887632228589325,-743.5616293470543,-23.99898905842933,-731.8956998365795,0.0,241.86686372157777,244.74923349371213,0.17310319892202958,243.67613489175739,1.9444280864129464,0.00797955896369037,0.007979481512292207,0.0,-735.2269783514935,0.0,27.887632228589325,0.9999999999999993,0.9999738079865633,6000.0,10.0,NaN,5.966441278042882,5.966441278042882,5.966441278042882,5.966441278042882,0.5966441278042882,NaN,1.0057000999911916,4.991277903497931,2.364993113866926,5.932624723909827,3645.936223746945,3.8684584813808316,0.002,750.0,562.5,3.4374216367801833,3.4374216367801833,NaN,NaN,0.00016054770078665774
sequence_droop,0.0,1.0,pv_ld1895_load_b,b1804,PositiveSequenceVoltVarWatt,NegativeSequenceAdmittanceDroop,GridCurrentTarget,LOCALLY_SOLVED,true,0.0,6000.0,6000.0,-17.999789162410124,-710.2807706206887,-15.692437752481622,-703.3587163909077,0.0,242.05402632514182,244.4564002343512,0.23747497648124,243.52455591297894,1.647797426813328,0.006766452855793943,0.006766385542036017,0.0,-704.9111825957982,0.0,17.999789162410124,0.9999999999999993,0.9999738082231124,6000.0,10.0,NaN,4.7386981377252155,4.7386981377252155,4.7386981377252155,4.7386981377252155,0.4738698137725216,NaN,0.9648319738285615,3.8015052275562544,2.362830385723326,4.911423197267005,2775.3512695076865,2.9447391557234353,0.002,750.0,562.5,2.616626270458104,2.616626270458104,NaN,NaN,0.00012773788674154028
sequence_droop,0.0,1.0,pv_ld1970_load_c,b2492,PositiveSequenceVoltVarWatt,NegativeSequenceAdmittanceDroop,GridCurrentTarget,LOCALLY_SOLVED,true,0.0,6000.0,6000.0,-16.77706813472792,-704.926323427753,-14.652386723255223,-698.5522791933394,0.0,242.0819839747515,244.42287560206643,0.24783540202613832,243.49961669684177,1.604191309389988,0.006588065029224314,0.0065879992070249005,0.0,-699.9233393683527,0.0,16.77706813472792,0.9999999999999993,0.9999738082480941,6000.0,10.0,NaN,4.568287985358089,4.568287985358089,4.568287985358089,4.568287985358089,0.45682879853580893,NaN,0.9581030865419622,3.6395853086187215,2.373291196410833,4.768054763133966,2656.901576734183,2.8190601283059724,0.002,750.0,562.5,2.504950829138627,2.504950829138627,NaN,NaN,0.00012317816700900753
sequence_droop,0.0,1.0,pv_ld2050_load_a,b1821,PositiveSequenceVoltVarWatt,NegativeSequenceAdmittanceDroop,GridCurrentTarget,LOCALLY_SOLVED,true,0.0,6000.0,6000.0,-19.465403424410997,-715.1961616579226,-16.935424656104246,-707.606225353008,0.0,242.02162232296362,244.51163304588604,0.2278194879633821,243.54693539940035,1.6975796425164107,0.0069702361055477705,0.00697016708543547,0.0,-709.3870798800791,0.0,19.465403424410997,0.9999999999999993,0.9999738081923072,6000.0,10.0,NaN,4.931730606291554,4.931730606291554,4.931730606291554,4.931730606291554,0.4931730606291554,NaN,0.9708690434653177,3.9904809763344042,2.370287225015998,5.079707340024219,2913.5443761235965,3.0913665958510843,0.002,750.0,562.5,2.7469159808598977,2.7469159808598977,NaN,NaN,0.00013290312037337422
sequence_droop,0.0,1.0,pv_ld2186_load_b,b1754,PositiveSequenceVoltVarWatt,NegativeSequenceAdmittanceDroop,GridCurrentTarget,LOCALLY_SOLVED,true,0.0,6000.0,6000.0,-16.706974728768806,-703.7103408229908,-14.592999125070081,-697.3684140118994,0.0,242.07850105111487,244.41412616269042,0.2504306745184685,243.49364166954868,1.6016225643084172,0.006577677155455333,0.0065776114178782525,0.0,-698.728333909732,0.0,16.706974728768806,0.9999999999999993,0.9999738082495341,6000.0,10.0,NaN,4.558038264798021,4.558038264798021,4.558038264798021,4.558038264798021,0.45580382647980205,NaN,0.9564907507965935,3.630192299998367,2.3699305699350073,4.765376205679569,2649.9839356853777,2.811720283189621,0.002,750.0,562.5,2.498428814611395,2.498428814611395,NaN,NaN,0.0001229042672578634
sequence_droop,0.0,1.0,pv_ld248_load_b,b2560,PositiveSequenceVoltVarWatt,NegativeSequenceAdmittanceDroop,GridCurrentTarget,LOCALLY_SOLVED,true,0.0,6000.0,6000.0,-26.052812377005097,-738.2579319152778,-22.470465003930627,-727.5108897960596,0.0,241.90041876360428,244.7111607604898,0.18310569910844912,243.65236762342926,1.8953230793614742,0.00777880017275573,0.007778724398067196,0.0,-730.4735246858643,0.0,26.052812377005097,0.9999999999999993,0.9999738080362724,6000.0,10.0,NaN,5.751330576433214,5.751330576433214,5.751330576433214,5.751330576433214,0.5751330576433215,NaN,0.9992954242235861,4.7836936017709295,2.371665976341826,5.755385681771021,3494.007524495501,3.7072571248249044,0.002,750.0,562.5,3.294181885450121,3.294181885450121,NaN,NaN,0.00015480517440970312
sequence_droop,0.0,1.0,pv_ld24_load_a,b1044,PositiveSequenceVoltVarWatt,NegativeSequenceAdmittanceDroop,GridCurrentTarget,LOCALLY_SOLVED,true,0.0,6000.0,6000.0,-20.651371219182654,-720.4336576381188,-17.9375574433609,-712.2922163106583,0.0,242.00085613771898,244.54995404583528,0.2175236953874605,243.57134496647163,1.7361112980990747,0.007127732116181631,0.007127661781530265,0.0,-714.2689932943348,0.0,20.651371219182654,0.9999999999999993,0.9999738081663548,6000.0,10.0,NaN,5.087581555664779,5.087581555664779,5.087581555664779,5.087581555664779,0.508758155566478,NaN,0.9774524809427936,4.1396471451457515,2.368092461657197,5.204940040417206,3022.7216685943717,3.207207300985175,0.002,750.0,562.5,2.8498493193367946,2.8498493193367946,NaN,NaN,0.0001370699647622996
sequence_droop,0.0,1.0,pv_ld2804_load_c,b2443,PositiveSequenceVoltVarWatt,NegativeSequenceAdmittanceDroop,GridCurrentTarget,LOCALLY_SOLVED,true,0.0,6000.0,6000.0,-20.164835992399038,-718.6423786921754,-17.526647292169518,-710.7278125914924,0.0,242.0113489742686,244.5383562578351,0.2209499677286675,243.56311802445717,1.7204863013936251,0.007063821137405804,0.0070637513370124414,0.0,-712.6236048914401,0.0,20.164835992399038,0.9999999999999993,0.9999738081770961,6000.0,10.0,NaN,5.023955077503698,5.023955077503698,5.023955077503698,5.023955077503698,0.5023955077503698,NaN,0.9752337623666614,4.0788287261097755,2.371466840351321,5.151539324592696,2978.2253093358368,3.15999519748125,0.002,750.0,562.5,2.807897749510364,2.807897749510364,NaN,NaN,0.0001353689546481382
sequence_droop,0.0,1.0,pv_ld626_load_c,b2055,PositiveSequenceVoltVarWatt,NegativeSequenceAdmittanceDroop,GridCurrentTarget,LOCALLY_SOLVED,true,0.0,6000.0,6000.0,-16.264074915294923,-701.7291084393913,-14.215388632393081,-695.5830495906908,0.0,242.08826335863085,244.39822552527517,0.25433784812142,243.48439946383516,1.5852718831081558,0.0065107739411601065,0.0065107087632268,0.0,-696.8798927670231,0.0,16.264074915294923,0.9999999999999993,0.9999738082583745,6000.0,10.0,NaN,4.49576266019896,4.49576266019896,4.49576266019896,4.49576266019896,0.44957626601989603,NaN,0.9539966249706991,3.570405998233944,2.3706712190852537,4.712556148023269,2606.2547672989244,2.7653221944829416,0.002,750.0,562.5,2.457200559275782,2.457200559275782,NaN,NaN,0.00012123714079902347
sequence_droop,0.0,1.0,pv_ld868_load_a,b2190,PositiveSequenceVoltVarWatt,NegativeSequenceAdmittanceDroop,GridCurrentTarget,LOCALLY_SOLVED,true,0.0,6000.0,6000.0,-19.118498561350798,-713.8292020567551,-16.641694330909832,-706.3987893654371,0.0,242.0292397017569,244.50287422165175,0.23044684677378194,243.54062068990874,1.6860217639659119,0.006922959131785498,0.006922890506899762,0.0,-708.1241379817506,0.0,19.118498561350798,0.9999999999999993,0.9999738081997394,6000.0,10.0,NaN,4.885329794609178,4.885329794609178,4.885329794609178,4.885329794609178,0.4885329794609178,NaN,0.9691657056116765,3.9462318783883235,2.3728749841612484,5.040758011064577,2881.171979434751,3.057018416166008,0.002,750.0,562.5,2.716394992563973,2.716394992563973,NaN,NaN,0.00013166226293187416
unity,0.5,1.0,pv_ld1291_load_b,b828,AverageVoltageVoltVarWatt,NoUnbalanceControl,GridCurrentTarget,LOCALLY_SOLVED,true,2500.0,6000.0,6000.0,2499.8925404222027,5.820430942771182e-10,2501.6416455099147,5.24731526365561,0.0,241.7437577062292,245.3448954318801,0.1580645636119294,244.02693429426031,2.3944585209409897,0.009812271452189894,0.0,2499.9999999999973,0.0,2.7284841053187847e-12,0.10745957779727178,0.9999999999999989,0.9999738082977516,6000.0,10.0,NaN,3.4147767986514226,3.4147767986514226,3.4147767986514226,3.4147767986514226,0.34147767986514227,NaN,3.4147767986513906,3.2214472260683017e-14,0.0,1.0,24.529624207935644,0.026026739632530597,0.002,750.0,562.5,0.023126751489852063,0.023126751489852063,NaN,NaN,8.944115977423348e-5
unity,0.5,1.0,pv_ld1446_load_c,b260,AverageVoltageVoltVarWatt,NoUnbalanceControl,GridCurrentTarget,LOCALLY_SOLVED,true,2500.0,6000.0,6000.0,2499.8925467119934,6.2454381943855e-10,2501.6413897465554,5.246529104250544,0.0,241.7761904838432,245.37910762700838,0.1719761684472545,244.04521717546766,2.383776075744167,0.009767763955112632,0.0,2499.9999999999973,0.0,2.7284841053187847e-12,0.10745328800658172,0.9999999999999989,0.9999738082977858,6000.0,10.0,NaN,3.4145209859676706,3.4145209859676706,3.4145209859676706,3.4145209859676706,0.34145209859676706,NaN,3.414520985967639,3.3534981238346986e-14,0.0,1.0000000000000002,24.418360309432398,0.025908684969633927,0.002,750.0,562.5,0.02302185088034133,0.02302185088034133,NaN,NaN,8.943445931254135e-5
unity,0.5,1.0,pv_ld1668_load_a,b605,AverageVoltageVoltVarWatt,NoUnbalanceControl,GridCurrentTarget,LOCALLY_SOLVED,true,2500.0,6000.0,6000.0,2499.8925381106296,6.143956871040857e-10,2501.641739506435,5.247604187968947,0.0,241.73058363380662,245.34280978343008,0.1559269446512457,244.0202161193924,2.39156035680302,0.009800664858164438,0.0,2499.9999999999973,0.0,2.7284841053187847e-12,0.10746188937037005,0.9999999999999989,0.9999738082977391,6000.0,10.0,NaN,3.414870808473677,3.414870808473677,3.414870808473677,3.414870808473677,0.3414870808473677,NaN,3.4148708084736454,3.369131721002471e-14,0.0,1.0000000000000002,24.50060894745168,0.025995953484989724,0.002,750.0,562.5,0.023099395639923866,0.023099395639923866,NaN,NaN,8.944362215947339e-5
unity,0.5,1.0,pv_ld1895_load_b,b1804,AverageVoltageVoltVarWatt,NoUnbalanceControl,GridCurrentTarget,LOCALLY_SOLVED,true,2500.0,6000.0,6000.0,2499.8925643143943,7.341783431202842e-10,2501.6406739757813,5.244328984834075,0.0,241.86862174072053,245.47144402356085,0.2118714940704607,244.096404884591,2.3554115476410757,0.009649513472985054,0.0,2499.9999999999973,0.0,2.7284841053187847e-12,0.10743568560565109,0.9999999999999989,0.9999738082978817,6000.0,10.0,NaN,3.413804975260177,3.413804975260177,3.413804975260177,3.413804975260177,0.3413804975260177,NaN,3.4138049752601445,4.5998698813745094e-14,0.0,1.0,24.12274698035916,0.025595029485861825,0.002,750.0,562.5,0.022743143960879154,0.022743143960879154,NaN,NaN,8.941570495398372e-5
unity,0.5,1.0,pv_ld1970_load_c,b2492,AverageVoltageVoltVarWatt,NoUnbalanceControl,GridCurrentTarget,LOCALLY_SOLVED,true,2500.0,6000.0,6000.0,2499.892569702642,7.376044219853384e-10,2501.640454871834,5.243655508254059,0.0,241.89726490518166,245.49367273145083,0.22149912240448372,244.11208034728676,2.3510970494800807,0.009631219586246144,0.0,2499.9999999999973,0.0,2.7284841053187847e-12,0.10743029735795062,0.9999999999999989,0.9999738082979109,6000.0,10.0,NaN,3.4135857678519184,3.4135857678519184,3.4135857678519184,3.4135857678519184,0.3413585767851918,NaN,3.413585767851886,4.6007276121603435e-14,0.0,1.0,24.07701428082409,0.025546505584582303,0.002,750.0,562.5,0.022700026758261622,0.022700026758261622,NaN,NaN,8.940996328957682e-5
unity,0.5,1.0,pv_ld2050_load_a,b1821,AverageVoltageVoltVarWatt,NoUnbalanceControl,GridCurrentTarget,LOCALLY_SOLVED,true,2500.0,6000.0,6000.0,2499.8925611288732,7.064661355915547e-10,2501.6408035092677,5.244727141827995,0.0,241.8517775662955,245.45332472128703,0.2038795201192121,244.08713902555698,2.3617594641792516,0.009675886544485104,0.0,2499.9999999999973,0.0,2.7284841053187847e-12,0.1074388711267602,0.9999999999999989,0.9999738082978643,6000.0,10.0,NaN,3.413934563299744,3.413934563299744,3.413934563299744,3.413934563299744,0.3413934563299744,NaN,3.4139345632997125,4.121386170152159e-14,0.0,1.0,24.188676794881076,0.025664983191717176,0.002,750.0,562.5,0.022805303186120292,0.022805303186120292,NaN,NaN,8.941909923390154e-5
unity,0.5,1.0,pv_ld2186_load_b,b1754,AverageVoltageVoltVarWatt,NoUnbalanceControl,GridCurrentTarget,LOCALLY_SOLVED,true,2500.0,6000.0,6000.0,2499.892570228763,7.48403075623294e-10,2501.6404334780764,5.2435897486283185,0.0,241.89944341903146,245.49865796735165,0.22353919478479156,244.1136110934853,2.349249093982626,0.009623589129091871,0.0,2499.9999999999973,0.0,2.7284841053187847e-12,0.10742977123709352,0.9999999999999989,0.999973808297914,6000.0,10.0,NaN,3.4135643632360892,3.4135643632360892,3.4135643632360892,3.4135643632360892,0.3413564363236089,NaN,3.4135643632360573,4.647754250071505e-14,0.0,1.0,24.05793896274304,0.025526266043491057,0.002,750.0,562.5,0.022682042375903533,0.022682042375903533,NaN,NaN,8.940940264129449e-5
unity,0.5,1.0,pv_ld248_load_b,b2560,AverageVoltageVoltVarWatt,NoUnbalanceControl,GridCurrentTarget,LOCALLY_SOLVED,true,2500.0,6000.0,6000.0,2499.8925429657484,6.228090959625732e-10,2501.6415420812546,5.246997347081727,0.0,241.7562604546809,245.3637670037606,0.16514950608364976,244.03432725085975,2.3868789455902504,0.009780914728183354,0.0,2499.9999999999973,0.0,2.7284841053187847e-12,0.1074570342516381,0.9999999999999989,0.9999738082977656,6000.0,10.0,NaN,3.414673352348989,3.414673352348989,3.414673352348989,3.414673352348989,0.3414673352348989,NaN,3.4146733523489576,3.339536472210764e-14,0.0,1.0,24.45123579237294,0.025943566940410806,0.002,750.0,562.5,0.023052846182904117,0.023052846182904117,NaN,NaN,8.943845022024319e-5
unity,0.5,1.0,pv_ld24_load_a,b1044,AverageVoltageVoltVarWatt,NoUnbalanceControl,GridCurrentTarget,LOCALLY_SOLVED,true,2500.0,6000.0,6000.0,2499.8925567702236,6.898127902221773e-10,2501.640980746341,5.245271928982359,0.0,241.82912802228603,245.4321617362525,0.19478891759120734,244.07446251793422,2.367135441428955,0.009698415053377497,0.0,2499.9999999999973,0.0,2.7284841053187847e-12,0.10744322977643606,0.9999999999999989,0.999973808297841,6000.0,10.0,NaN,3.414111867038061,3.414111867038061,3.414111867038061,3.414111867038061,0.3414111867038061,NaN,3.414111867038028,4.091563056074738e-14,0.0,1.0000000000000002,24.24499560440345,0.0257247393045473,0.002,750.0,562.5,0.022858401068949014,0.022858401068949014,NaN,NaN,8.942374332174147e-5
unity,0.5,1.0,pv_ld2804_load_c,b2443,AverageVoltageVoltVarWatt,NoUnbalanceControl,GridCurrentTarget,LOCALLY_SOLVED,true,2500.0,6000.0,6000.0,2499.8925585512548,6.909837285684617e-10,2501.6409083236617,5.245049317852786,0.0,241.83859867678714,245.43948801995975,0.19799371694530463,244.07964215843214,2.3656885462053157,0.009692281278705524,0.0,2499.9999999999973,0.0,2.7284841053187847e-12,0.10744144874524864,0.9999999999999989,0.9999738082978501,6000.0,10.0,NaN,3.414039418233001,3.414039418233001,3.414039418233001,3.414039418233001,0.3414039418233001,NaN,3.414039418232968,4.071831328635443e-14,0.0,1.0,24.229661844018707,0.02570846967947105,0.002,750.0,562.5,0.022843944261016717,0.022843944261016717,NaN,NaN,8.9421845683674e-5
unity,0.5,1.0,pv_ld626_load_c,b2055,AverageVoltageVoltVarWatt,NoUnbalanceControl,GridCurrentTarget,LOCALLY_SOLVED,true,2500.0,6000.0,6000.0,2499.892571888932,7.547781843975088e-10,2501.6403659701327,5.243382244297847,0.0,241.908167245167,245.50659917903164,0.22698509678532375,244.1184415473374,2.347206583535168,0.00961503182085495,0.0,2499.9999999999973,0.0,2.7284841053187847e-12,0.10742811106820227,0.9999999999999989,0.9999738082979226,6000.0,10.0,NaN,3.413496820154814,3.413496820154814,3.413496820154814,3.413496820154814,0.34134968201548144,NaN,3.4134968201547817,4.722841195643397e-14,0.0,1.0,24.036546627422464,0.025503568070753924,0.002,750.0,562.5,0.02266187348874261,0.02266187348874261,NaN,NaN,8.940763349740145e-5
unity,0.5,1.0,pv_ld868_load_a,b2190,AverageVoltageVoltVarWatt,NoUnbalanceControl,GridCurrentTarget,LOCALLY_SOLVED,true,2500.0,6000.0,6000.0,2499.8925624945955,7.07116656895046e-10,2501.6407479744976,5.244556440355289,0.0,241.85903913027303,245.45895093001963,0.20633260442249998,244.09111143909,2.360656699632201,0.00967121123630622,0.0,2499.9999999999973,0.0,2.7284841053187847e-12,0.10743750540450492,0.9999999999999989,0.9999738082978713,6000.0,10.0,NaN,3.4138790057477317,3.4138790057477317,3.4138790057477317,3.4138790057477317,0.3413879005747732,NaN,3.4138790057476998,4.146675226401663e-14,0.0,1.0,24.17698903995213,0.025652582098579686,0.002,750.0,562.5,0.022794283865097277,0.022794283865097277,NaN,NaN,8.94176440247722e-5
mean_vv,0.5,1.0,pv_ld1291_load_b,b828,AverageVoltageVoltVarWatt,NoUnbalanceControl,GridCurrentTarget,LOCALLY_SOLVED,true,2500.0,6000.0,6000.0,2499.892533473853,-802.6300685014614,2501.8222586616857,-796.8408929380302,0.0,241.72459207962177,245.32216340363067,0.15683874522910377,244.00691251474922,2.3958481200454584,0.009818771506731962,0.0,2499.9999999999973,-802.6645723315087,2.7284841053187847e-12,0.10746652614716368,0.9999999999999989,0.9999738082741745,6000.0,10.0,NaN,3.586758227901264,3.586758227901264,3.586758227901264,3.586758227901264,0.35867582279012644,NaN,3.5867582279012327,3.5250542327830314e-14,0.0,1.0,25.77998387213964,0.027353412440535546,0.002,750.0,562.5,0.02430560188649283,0.02430560188649283,NaN,NaN,9.394584871700306e-5
mean_vv,0.5,1.0,pv_ld1446_load_c,b260,AverageVoltageVoltVarWatt,NoUnbalanceControl,GridCurrentTarget,LOCALLY_SOLVED,true,2500.0,6000.0,6000.0,2499.8925350205354,-803.5227066730134,2501.822590441559,-797.7325404100104,0.0,241.74283288445378,245.3435264812941,0.1703350186512462,244.01140711303304,2.386345611154057,0.0097796477606829,0.0,2499.9999999999973,-803.5572483790994,2.7284841053187847e-12,0.10746497946456657,0.9999999999999989,0.999973808274131,6000.0,10.0,NaN,3.5870651151075976,3.5870651151075976,3.5870651151075976,3.5870651151075976,0.3587065115107598,NaN,3.587065115107566,3.637295923740268e-14,0.0,1.0,25.679931283093833,0.027247253346430758,0.002,750.0,562.5,0.024211271400907126,0.024211271400907126,NaN,NaN,9.395388698807384e-5
mean_vv,0.5,1.0,pv_ld1668_load_a,b605,AverageVoltageVoltVarWatt,NoUnbalanceControl,GridCurrentTarget,LOCALLY_SOLVED,true,2500.0,6000.0,6000.0,2499.89252751018,-799.1539035052762,2501.8209679301863,-793.368582245323,0.0,241.70049545857646,245.31036623666483,0.1542658227365394,243.9895840719377,2.39387285390536,0.009811373149435561,0.0,2499.9999999999973,-799.1882598068956,2.7284841053187847e-12,0.10747248981988378,0.9999999999999989,0.9999738082743428,6000.0,10.0,NaN,3.5855640374390925,3.5855640374390925,3.5855640374390925,3.5855640374390925,0.35855640374390924,NaN,3.585564037439061,3.620477789027478e-14,0.0,1.0,25.750153245504602,0.02732176116263919,0.002,750.0,562.5,0.0242774773019855,0.0242774773019855,NaN,NaN,9.391456938666393e-5
mean_vv,0.5,1.0,pv_ld1895_load_b,b1804,AverageVoltageVoltVarWatt,NoUnbalanceControl,GridCurrentTarget,LOCALLY_SOLVED,true,2500.0,6000.0,6000.0,2499.892540393083,-806.6317722916498,2501.82374993854,-800.8381436553451,0.0,241.79853897430786,245.40270641441256,0.20891876711450896,244.0270215423712,2.361130345910878,0.009675692187641225,0.0,2499.9999999999973,-806.6664459162969,2.7284841053187847e-12,0.10745960691701839,0.9999999999999989,0.9999738082739802,6000.0,10.0,NaN,3.588137442032224,3.588137442032224,3.588137442032224,3.588137442032224,0.3588137442032224,NaN,3.588137442032187,4.981775590077803e-14,0.0,1.0,25.416180599046527,0.026967405179030266,0.002,750.0,562.5,0.023962604871263418,0.023962604871263418,NaN,NaN,9.398197436071727e-5
mean_vv,0.5,1.0,pv_ld1970_load_c,b2492,AverageVoltageVoltVarWatt,NoUnbalanceControl,GridCurrentTarget,LOCALLY_SOLVED,true,2500.0,6000.0,6000.0,2499.8925454238706,-809.5599394198836,2501.8248478986666,-803.7630319955629,0.0,241.8261116496307,245.4238348627553,0.21863998779978708,244.04164573595168,2.35691244189468,0.009657828829940008,0.0,2499.9999999999973,-809.5947372846074,2.7284841053187847e-12,0.1074545761293848,0.9999999999999989,0.9999738082738374,6000.0,10.0,NaN,3.5891526156608737,3.5891526156608737,3.5891526156608737,3.5891526156608737,0.3589152615660874,NaN,3.589152615660836,4.9899706436072176e-14,0.0,1.0,25.377955367133136,0.026926846948298305,0.002,750.0,562.5,0.023926565776999236,0.023926565776999236,NaN,NaN,9.40085647152204e-5
mean_vv,0.5,1.0,pv_ld2050_load_a,b1821,AverageVoltageVoltVarWatt,NoUnbalanceControl,GridCurrentTarget,LOCALLY_SOLVED,true,2500.0,6000.0,6000.0,2499.8925403878443,-806.6332314844443,2501.8237508316747,-800.83960015302,0.0,241.79125993637328,245.39317138249737,0.20132211655645033,244.02700640933068,2.3666429315710245,0.009698282851534963,0.0,2499.9999999999973,-806.667905173472,2.7284841053187847e-12,0.10745961215570787,0.9999999999999989,0.9999738082739801,6000.0,10.0,NaN,3.588138276609248,3.588138276609248,3.588138276609248,3.588138276609248,0.3588138276609248,NaN,3.5881382766092127,4.46380654811399e-14,0.0,1.0,25.475526269515058,0.027030372891071713,0.002,750.0,562.5,0.024018556505960183,0.024018556505960183,NaN,NaN,9.398199621958391e-5
mean_vv,0.5,1.0,pv_ld2186_load_b,b1754,AverageVoltageVoltVarWatt,NoUnbalanceControl,GridCurrentTarget,LOCALLY_SOLVED,true,2500.0,6000.0,6000.0,2499.892544760642,-809.1716460349696,2501.8247018699853,-803.3751747070061,0.0,241.82474346295217,245.42562273287217,0.22051006701081594,244.0397175919785,2.355377322837638,0.009651614688293092,0.0,2499.9999999999973,-809.2064274241145,2.7284841053187847e-12,0.10745523935793244,0.9999999999999989,0.9999738082738565,6000.0,10.0,NaN,3.589017608690296,3.589017608690296,3.589017608690296,3.589017608690296,0.3589017608690296,NaN,3.5890176086902588,5.0051491675299015e-14,0.0,1.0,25.360472060324586,0.026908296583630562,0.002,750.0,562.5,0.02391008235726345,0.02391008235726345,NaN,NaN,9.400502849227681e-5
mean_vv,0.5,1.0,pv_ld248_load_b,b2560,AverageVoltageVoltVarWatt,NoUnbalanceControl,GridCurrentTarget,LOCALLY_SOLVED,true,2500.0,6000.0,6000.0,2499.8925315236042,-801.4879794818684,2501.8218334881944,-795.7000735881653,0.0,241.72364883343232,245.32894937058194,0.1634700537180973,244.00124525636568,2.389394262758248,0.009792549461162686,0.0,2499.9999999999973,-801.5224348406177,2.7284841053187847e-12,0.10746847639575208,0.9999999999999989,0.9999738082742294,6000.0,10.0,NaN,3.5863648862228694,3.5863648862228694,3.5863648862228694,3.5863648862228694,0.3586364886222869,NaN,3.586364886222838,3.651664244660999e-14,0.0,1.0,25.707719049906864,0.027276737082735956,0.002,750.0,562.5,0.02423746995870383,0.02423746995870383,NaN,NaN,9.393554595091561e-5
mean_vv,0.5,1.0,pv_ld24_load_a,b1044,AverageVoltageVoltVarWatt,NoUnbalanceControl,GridCurrentTarget,LOCALLY_SOLVED,true,2500.0,6000.0,6000.0,2499.8925377959717,-805.1274553653262,2501.8231881797233,-799.3355042141363,0.0,241.77389681851022,245.37684867717843,0.19238360738583937,244.01947305986752,2.3715622765053572,0.009718741896977707,0.0,2499.9999999999977,-805.162065162281,2.2737367544323206e-12,0.10746220402825202,0.999999999999999,0.9999738082740532,6000.0,10.0,NaN,3.587617950425359,3.587617950425359,3.587617950425359,3.587617950425359,0.3587617950425359,NaN,3.587617950425323,4.419871584350911e-14,0.0,1.0000000000000002,25.524778181232637,0.027082630792449082,0.002,750.0,562.5,0.024064991653642877,0.024064991653642877,NaN,NaN,9.396836735669172e-5
mean_vv,0.5,1.0,pv_ld2804_load_c,b2443,AverageVoltageVoltVarWatt,NoUnbalanceControl,GridCurrentTarget,LOCALLY_SOLVED,true,2500.0,6000.0,6000.0,2499.892539458782,-806.0951534363916,2501.823549765042,-800.3021225176758,0.0,241.78301355027688,245.38381194495696,0.1956147922353407,244.02430600794196,2.370144804450128,0.009712740682368706,0.0,2499.9999999999973,-806.1298042953204,2.7284841053187847e-12,0.10746054121818815,0.9999999999999989,0.9999738082740061,6000.0,10.0,NaN,3.587952346618541,3.587952346618541,3.587952346618541,3.587952346618541,0.3587952346618541,NaN,3.5879523466185046,4.425216478643437e-14,0.0,1.0,25.5118998388638,0.027068966446803355,0.002,750.0,562.5,0.024052849836016778,0.024052849836016778,NaN,NaN,9.397712616972357e-5
mean_vv,0.5,1.0,pv_ld626_load_c,b2055,AverageVoltageVoltVarWatt,NoUnbalanceControl,GridCurrentTarget,LOCALLY_SOLVED,true,2500.0,6000.0,6000.0,2499.8925457391388,-809.7402890060812,2501.824915426776,-803.9431799432367,0.0,241.83142192213379,245.4316965331929,0.223896725784093,244.0425622429064,2.3535169637287274,0.009643879092640273,0.0,2499.9999999999973,-809.7750945207965,2.7284841053187847e-12,0.10745426086123189,0.9999999999999989,0.9999738082738283,6000.0,10.0,NaN,3.589215037318524,3.589215037318524,3.589215037318524,3.589215037318524,0.3589215037318524,NaN,3.5892150373184863,5.119228422436055e-14,0.0,1.0,25.341835430399904,0.026888522505129953,0.002,750.0,562.5,0.023892511574065817,0.023892511574065817,NaN,NaN,9.401019972038167e-5
mean_vv,0.5,1.0,pv_ld868_load_a,b2190,AverageVoltageVoltVarWatt,NoUnbalanceControl,GridCurrentTarget,LOCALLY_SOLVED,true,2500.0,6000.0,6000.0,2499.892541662776,-807.3752580256252,2501.824028638737,-801.5807970978066,0.0,241.79824967166695,245.39851857639033,0.20379639438997704,244.03071230550623,2.365563383649898,0.009693711751692995,0.0,2499.9999999999973,-807.4099631994052,2.7284841053187847e-12,0.10745833722421594,0.9999999999999989,0.9999738082739441,6000.0,10.0,NaN,3.5883951621317998,3.5883951621317998,3.5883951621317998,3.5883951621317998,0.35883951621318,NaN,3.5883951621317642,4.473478302603257e-14,0.0,1.0,25.465728604821653,0.027019977245960277,0.002,750.0,562.5,0.024009319179100833,0.024009319179100833,NaN,NaN,9.398872479773302e-5
mean_vv_vw,0.5,1.0,pv_ld1291_load_b,b828,AverageVoltageVoltVarWatt,NoUnbalanceControl,GridCurrentTarget,LOCALLY_SOLVED,true,2500.0,6000.0,6000.0,2499.892533473853,-802.6300685014521,2501.8222586616853,-796.8408929380206,0.0,241.72459207962174,245.3221634036307,0.15683874522910377,244.00691251474922,2.395848120045472,0.00981877150673202,0.0,2499.9999999999973,-802.6645723315036,2.7284841053187847e-12,0.10746652614716368,0.9999999999999989,0.9999738082741745,6000.0,10.0,NaN,3.5867582279012593,3.5867582279012593,3.5867582279012593,3.5867582279012593,0.35867582279012594,NaN,3.5867582279012287,3.487401531043024e-14,0.0,1.0,25.779983872139297,0.027353412440535727,0.002,750.0,562.5,0.02430560188649299,0.02430560188649299,NaN,NaN,9.394584871952605e-5
mean_vv_vw,0.5,1.0,pv_ld1446_load_c,b260,AverageVoltageVoltVarWatt,NoUnbalanceControl,GridCurrentTarget,LOCALLY_SOLVED,true,2500.0,6000.0,6000.0,2499.892535020535,-803.5227066730026,2501.822590441558,-797.7325404099995,0.0,241.74283288445375,245.34352648129402,0.17033501865124415,244.01140711303304,2.38634561115405,0.009779647760682872,0.0,2499.9999999999977,-803.5572483790914,2.2737367544323206e-12,0.10746497946502132,0.999999999999999,0.9999738082741314,6000.0,10.0,NaN,3.5870651151075927,3.5870651151075927,3.5870651151075927,3.5870651151075927,0.3587065115107593,NaN,3.5870651151075603,3.637295923740268e-14,0.0,1.0,25.67993128309386,0.02724725334643075,0.002,750.0,562.5,0.02421127140090712,0.02421127140090712,NaN,NaN,9.395388698988294e-5
mean_vv_vw,0.5,1.0,pv_ld1668_load_a,b605,AverageVoltageVoltVarWatt,NoUnbalanceControl,GridCurrentTarget,LOCALLY_SOLVED,true,2500.0,6000.0,6000.0,2499.89252751018,-799.1539035052728,2501.8209679301863,-793.3685822453197,0.0,241.70049545857646,245.31036623666478,0.15426582273654155,243.9895840719377,2.393872853905346,0.009811373149435504,0.0,2499.9999999999973,-799.1882598068897,2.7284841053187847e-12,0.10747248981988378,0.9999999999999989,0.9999738082743426,6000.0,10.0,NaN,3.5855640374390916,3.5855640374390916,3.5855640374390916,3.5855640374390916,0.3585564037439092,NaN,3.5855640374390596,3.64713725280056e-14,0.0,1.0,25.75015324550478,0.02732176116263948,0.002,750.0,562.5,0.02427747730198576,0.02427747730198576,NaN,NaN,9.39145693903678e-5
mean_vv_vw,0.5,1.0,pv_ld1895_load_b,b1804,AverageVoltageVoltVarWatt,NoUnbalanceControl,GridCurrentTarget,LOCALLY_SOLVED,true,2500.0,6000.0,6000.0,2499.8925403930816,-806.6317722916542,2501.8237499385386,-800.8381436553499,0.0,241.79853897430783,245.40270641441253,0.20891876711452198,244.0270215423712,2.3611303459108774,0.009675692187641223,0.0,2499.9999999999973,-806.6664459162969,2.7284841053187847e-12,0.10745960691838263,0.9999999999999989,0.99997380827398,6000.0,10.0,NaN,3.588137442032224,3.588137442032224,3.588137442032224,3.588137442032224,0.3588137442032224,NaN,3.588137442032186,4.981775590077803e-14,0.0,1.0,25.416180599046463,0.026967405179030308,0.002,750.0,562.5,0.02396260487126346,0.02396260487126346,NaN,NaN,9.398197436160908e-5
mean_vv_vw,0.5,1.0,pv_ld1970_load_c,b2492,AverageVoltageVoltVarWatt,NoUnbalanceControl,GridCurrentTarget,LOCALLY_SOLVED,true,2500.0,6000.0,6000.0,2499.8925454238697,-809.5599394198682,2501.824847898666,-803.7630319955475,0.0,241.8261116496306,245.42383486275523,0.2186399877997921,244.04164573595168,2.3569124418946807,0.009657828829940011,0.0,2499.9999999999973,-809.5947372845927,2.7284841053187847e-12,0.1074545761302943,0.9999999999999989,0.9999738082738373,6000.0,10.0,NaN,3.589152615660866,3.589152615660866,3.589152615660866,3.589152615660866,0.3589152615660866,NaN,3.5891526156608275,4.9982186627509817e-14,0.0,1.0,25.37795536713319,0.026926846948298375,0.002,750.0,562.5,0.0239265657769993,0.0239265657769993,NaN,NaN,9.400856472088161e-5
mean_vv_vw,0.5,1.0,pv_ld2050_load_a,b1821,AverageVoltageVoltVarWatt,NoUnbalanceControl,GridCurrentTarget,LOCALLY_SOLVED,true,2500.0,6000.0,6000.0,2499.892540387845,-806.6332314844396,2501.8237508316747,-800.8396001530152,0.0,241.79125993637325,245.39317138249734,0.20132211655645033,244.02700640933068,2.3666429315710245,0.009698282851534963,0.0,2499.9999999999973,-806.6679051734654,2.7284841053187847e-12,0.10745961215479838,0.9999999999999989,0.9999738082739801,6000.0,10.0,NaN,3.588138276609247,3.588138276609247,3.588138276609247,3.588138276609247,0.3588138276609247,NaN,3.5881382766092114,4.4889902727665194e-14,0.0,1.0000000000000002,25.475526269515296,0.027030372891072015,0.002,750.0,562.5,0.02401855650596045,0.02401855650596045,NaN,NaN,9.398199622187209e-5
mean_vv_vw,0.5,1.0,pv_ld2186_load_b,b1754,AverageVoltageVoltVarWatt,NoUnbalanceControl,GridCurrentTarget,LOCALLY_SOLVED,true,2500.0,6000.0,6000.0,2499.892544760644,-809.1716460349692,2501.8247018699867,-803.3751747070054,0.0,241.82474346295217,245.42562273287214,0.22051006701081594,244.0397175919785,2.3553773228376516,0.00965161468829315,0.0,2499.9999999999973,-809.2064274241066,2.7284841053187847e-12,0.10745523935611345,0.9999999999999989,0.9999738082738563,6000.0,10.0,NaN,3.5890176086902974,3.5890176086902974,3.5890176086902974,3.5890176086902974,0.35890176086902975,NaN,3.58901760869026,5.0136517233269897e-14,0.0,1.0,25.360472060324803,0.026908296583630652,0.002,750.0,562.5,0.02391008235726353,0.02391008235726353,NaN,NaN,9.400502849678972e-5
mean_vv_vw,0.5,1.0,pv_ld248_load_b,b2560,AverageVoltageVoltVarWatt,NoUnbalanceControl,GridCurrentTarget,LOCALLY_SOLVED,true,2500.0,6000.0,6000.0,2499.8925315236042,-801.4879794818683,2501.821833488195,-795.700073588165,0.0,241.7236488334323,245.3289493705819,0.1634700537180973,244.00124525636568,2.389394262758262,0.009792549461162743,0.0,2499.9999999999973,-801.5224348406151,2.7284841053187847e-12,0.10746847639575208,0.9999999999999989,0.9999738082742294,6000.0,10.0,NaN,3.5863648862228694,3.5863648862228694,3.5863648862228694,3.5863648862228694,0.3586364886222869,NaN,3.586364886222838,3.6149631700227415e-14,0.0,1.0,25.707719049906625,0.027276737082735425,0.002,750.0,562.5,0.024237469958703357,0.024237469958703357,NaN,NaN,9.393554595200982e-5
mean_vv_vw,0.5,1.0,pv_ld24_load_a,b1044,AverageVoltageVoltVarWatt,NoUnbalanceControl,GridCurrentTarget,LOCALLY_SOLVED,true,2500.0,6000.0,6000.0,2499.8925377959713,-805.1274553653259,2501.8231881797233,-799.3355042141362,0.0,241.7738968185102,245.37684867717846,0.19238360738583937,244.01947305986752,2.3715622765053572,0.009718741896977707,0.0,2499.9999999999973,-805.1620651622783,2.7284841053187847e-12,0.10746220402870676,0.9999999999999989,0.9999738082740532,6000.0,10.0,NaN,3.587617950425358,3.587617950425358,3.587617950425358,3.587617950425358,0.3587617950425358,NaN,3.587617950425323,4.4137265625532e-14,0.0,1.0,25.524778181232776,0.027082630792448954,0.002,750.0,562.5,0.024064991653642762,0.024064991653642762,NaN,NaN,9.396836735911153e-5
mean_vv_vw,0.5,1.0,pv_ld2804_load_c,b2443,AverageVoltageVoltVarWatt,NoUnbalanceControl,GridCurrentTarget,LOCALLY_SOLVED,true,2500.0,6000.0,6000.0,2499.8925394587814,-806.0951534363793,2501.8235497650426,-800.3021225176635,0.0,241.7830135502769,245.3838119449608,0.19561479223535388,244.02430600794196,2.3701448044501277,0.009712740682368704,0.0,2499.9999999999973,-806.1298042953149,2.7284841053187847e-12,0.1074605412186429,0.9999999999999989,0.9999738082740061,6000.0,10.0,NaN,3.5879523466185357,3.5879523466185357,3.5879523466185357,3.5879523466185357,0.3587952346618536,NaN,3.5879523466185,4.4107511702275085e-14,0.0,1.0000000000000002,25.51189983886371,0.027068966446803622,0.002,750.0,562.5,0.024052849836017014,0.024052849836017014,NaN,NaN,9.397712617294393e-5
mean_vv_vw,0.5,1.0,pv_ld626_load_c,b2055,AverageVoltageVoltVarWatt,NoUnbalanceControl,GridCurrentTarget,LOCALLY_SOLVED,true,2500.0,6000.0,6000.0,2499.892545739138,-809.7402890060798,2501.824915426775,-803.9431799432354,0.0,241.83142192213376,245.43169653319288,0.223896725784093,244.0425622429064,2.3535169637287274,0.009643879092640273,0.0,2499.9999999999973,-809.7750945207906,2.7284841053187847e-12,0.10745426086214138,0.9999999999999989,0.9999738082738283,6000.0,10.0,NaN,3.5892150373185228,3.5892150373185228,3.5892150373185228,3.5892150373185228,0.3589215037318523,NaN,3.589215037318484,5.1219290548477446e-14,0.0,1.0,25.34183543040012,0.026888522505130078,0.002,750.0,562.5,0.02389251157406593,0.02389251157406593,NaN,NaN,9.401019972310688e-5
mean_vv_vw,0.5,1.0,pv_ld868_load_a,b2190,AverageVoltageVoltVarWatt,NoUnbalanceControl,GridCurrentTarget,LOCALLY_SOLVED,true,2500.0,6000.0,6000.0,2499.892541662776,-807.37525802562,2501.824028638737,-801.5807970978017,0.0,241.79824967166695,245.39851857639027,0.20379639438997704,244.03071230550623,2.365563383649898,0.009693711751692995,0.0,2499.9999999999973,-807.4099631994026,2.7284841053187847e-12,0.10745833722421594,0.9999999999999989,0.999973808273944,6000.0,10.0,NaN,3.588395162131798,3.588395162131798,3.588395162131798,3.588395162131798,0.3588395162131798,NaN,3.588395162131762,4.4902962588411217e-14,0.0,1.0000000000000002,25.465728604821624,0.027019977245960218,0.002,750.0,562.5,0.024009319179100784,0.024009319179100784,NaN,NaN,9.398872480047594e-5
worst_vv_vw,0.5,1.0,pv_ld1291_load_b,b828,WorstPhaseVoltVarWatt,NoUnbalanceControl,GridCurrentTarget,LOCALLY_SOLVED,true,2500.0,6000.0,6000.0,2499.8925311719563,-1063.3511215435922,2501.958551977819,-1057.1530591260741,0.0,241.71832257795265,245.31469918305635,0.15645976569074,244.00035364840454,2.3963014218856435,0.009820893232550905,0.0,2499.9999999999973,-1063.3968343488455,2.7284841053187847e-12,0.10746882804369307,0.9999999999999989,0.9999738082563012,6000.0,10.0,NaN,3.7112628630903908,3.7112628630903908,3.7112628630903908,3.7112628630903908,0.3711262863090391,NaN,3.71126286308962,7.512269518956363e-14,0.0,1.0,26.679913427484532,0.028308267354986594,0.002,750.0,562.5,0.025154063608059073,0.025154063608059073,NaN,NaN,0.0016881627046204716
worst_vv_vw,0.5,1.0,pv_ld1446_load_c,b260,WorstPhaseVoltVarWatt,NoUnbalanceControl,GridCurrentTarget,LOCALLY_SOLVED,true,2500.0,6000.0,6000.0,2499.8925311095954,-1066.7505706861907,2501.9605820640104,-1060.5464178230152,0.0,241.7317525959344,245.3317042524544,0.16982825910802404,244.00017422727527,2.3871984042249075,0.00978359303137767,0.0,2499.9999999999973,-1066.7964296598473,2.7284841053187847e-12,0.10746889040456153,0.9999999999999989,0.9999738082560345,6000.0,10.0,NaN,3.7130858275343974,3.7130858275343974,3.7130858275343974,3.7130858275343974,0.37130858275343975,NaN,3.713085827533627,7.976779110966442e-14,0.0,1.0,26.59161768676303,0.02821458266438805,0.002,750.0,562.5,0.02507081758537369,0.02507081758537369,NaN,NaN,0.0016165896777765717
worst_vv_vw,0.5,1.0,pv_ld1668_load_a,b605,WorstPhaseVoltVarWatt,NoUnbalanceControl,GridCurrentTarget,LOCALLY_SOLVED,true,2500.0,6000.0,6000.0,2499.8925239639652,-1060.3307584275433,2501.9571035086474,-1054.1370197935682,0.0,241.69050645334357,245.29959056595763,0.15375257745502174,243.9794118805464,2.394639779332089,0.00981492561554545,0.0,2499.9999999999973,-1060.3763444460203,2.7284841053187847e-12,0.10747603603476819,0.9999999999999989,0.9999738082564907,6000.0,10.0,NaN,3.7099681442136396,3.7099681442136396,3.7099681442136396,3.7099681442136396,0.37099681442136395,NaN,3.709968144212876,7.159151144290926e-14,0.0,1.0000000000000002,26.652111894601994,0.028278769012427884,0.002,750.0,562.5,0.025127852071487464,0.025127852071487464,NaN,NaN,0.0016835342736325298
worst_vv_vw,0.5,1.0,pv_ld1895_load_b,b1804,WorstPhaseVoltVarWatt,NoUnbalanceControl,GridCurrentTarget,LOCALLY_SOLVED,true,2500.0,6000.0,6000.0,2499.8925323886283,-1076.3646172211163,2501.966288022133,-1070.1433503206706,0.0,241.77517985849946,245.37979633110874,0.20800505999715718,244.00389556646152,2.3630394826417023,0.009684433427408375,0.0,2499.9999999999973,-1076.4108889442944,2.7284841053187847e-12,0.10746761137170324,0.9999999999999989,0.9999738082552838,6000.0,10.0,NaN,3.7182035388841963,3.7182035388841963,3.7182035388841963,3.7182035388841963,0.3718203538884196,NaN,3.718203538883424,9.5106727444684e-14,0.0,1.0,26.358785300692695,0.027967539830021867,0.002,750.0,562.5,0.02485130110661373,0.02485130110661373,NaN,NaN,0.0014889037572280465
worst_vv_vw,0.5,1.0,pv_ld1970_load_c,b2492,WorstPhaseVoltVarWatt,NoUnbalanceControl,GridCurrentTarget,LOCALLY_SOLVED,true,2500.0,6000.0,6000.0,2499.892537298927,-1080.514522845639,2501.9685557365583,-1074.286467532813,0.0,241.80239251867116,245.40055510225588,0.2177559522307799,244.01816655462648,2.358854030570661,0.009666714834703107,0.0,2499.9999999999973,-1080.560970845743,2.7284841053187847e-12,0.10746270107301825,0.9999999999999989,0.9999738082549865,6000.0,10.0,NaN,3.720231567713977,3.720231567713977,3.720231567713977,3.720231567713977,0.3720231567713977,NaN,3.7202315677132005,9.979811958152206e-14,0.0,1.0,26.326449684527173,0.02793323067568368,0.002,750.0,562.5,0.024820814795327377,0.024820814795327377,NaN,NaN,0.001467844733104856
worst_vv_vw,0.5,1.0,pv_ld2050_load_a,b1821,WorstPhaseVoltVarWatt,NoUnbalanceControl,GridCurrentTarget,LOCALLY_SOLVED,true,2500.0,6000.0,6000.0,2499.8925334399096,-1075.0278697128222,2501.9654321322455,-1068.8091736358845,0.0,241.77107479242207,245.3731095542811,0.20053122579547825,244.00694957272964,2.3682732292929005,0.009705761386878058,0.0,2499.9999999999973,-1075.0740835198085,2.7284841053187847e-12,0.10746656009041544,0.9999999999999989,0.9999738082553968,6000.0,10.0,NaN,3.717435220073428,3.717435220073428,3.717435220073428,3.717435220073428,0.3717435220073428,NaN,3.7174352200726557,9.174805409871998e-14,0.0,1.0,26.411706940038844,0.028023691433344943,0.002,750.0,562.5,0.024901196106684596,0.024901196106684596,NaN,NaN,0.0015094431741893514
worst_vv_vw,0.5,1.0,pv_ld2186_load_b,b1754,WorstPhaseVoltVarWatt,NoUnbalanceControl,GridCurrentTarget,LOCALLY_SOLVED,true,2500.0,6000.0,6000.0,2499.8925362197733,-1080.648536967145,2501.96868908616,-1074.4200783680526,0.0,241.799785670523,245.40122550504066,0.21957203002930062,244.01503052313103,2.357428341881384,0.009660996442831481,0.0,2499.9999999999973,-1080.6949911962226,2.7284841053187847e-12,0.10746378022668068,0.9999999999999989,0.9999738082549683,6000.0,10.0,NaN,3.7203520141405204,3.7203520141405204,3.7203520141405204,3.7203520141405204,0.37203520141405205,NaN,3.7203520141397446,9.980665498993375e-14,0.0,1.0,26.311389839783,0.027917251684128976,0.002,750.0,562.5,0.024806616237537903,0.024806616237537903,NaN,NaN,0.0014627441072324146
worst_vv_vw,0.5,1.0,pv_ld248_load_b,b2560,WorstPhaseVoltVarWatt,NoUnbalanceControl,GridCurrentTarget,LOCALLY_SOLVED,true,2500.0,6000.0,6000.0,2499.8925276949067,-1063.8866973071924,2501.959038537781,-1057.6871647786381,0.0,241.712814116901,245.31737838384865,0.16295127677698396,243.99025195108254,2.3902291921002043,0.00979641265577864,0.0,2499.9999999999973,-1063.9324346154724,2.7284841053187847e-12,0.1074723050933244,0.9999999999999989,0.9999738082562366,6000.0,10.0,NaN,3.711702972001864,3.711702972001864,3.711702972001864,3.711702972001864,0.3711702972001864,NaN,3.711702972001098,7.443465794283062e-14,0.0,1.0000000000000002,26.615462388289938,0.0282398826784851,0.002,750.0,562.5,0.025093298585567077,0.025093298585567077,NaN,NaN,0.0016426475931242972
worst_vv_vw,0.5,1.0,pv_ld24_load_a,b1044,WorstPhaseVoltVarWatt,NoUnbalanceControl,GridCurrentTarget,LOCALLY_SOLVED,true,2500.0,6000.0,6000.0,2499.8925314521944,-1072.0952565192558,2501.9637656087375,-1065.881554049695,0.0,241.75551691899258,245.35843987082498,0.19164040878746263,244.00117243404043,2.3730364020995895,0.009725512293352116,0.0,2499.9999999999973,-1072.141345109265,2.7284841053187847e-12,0.10746854780563808,0.9999999999999989,0.9999738082556158,6000.0,10.0,NaN,3.7159423717489553,3.7159423717489553,3.7159423717489553,3.7159423717489553,0.37159423717489554,NaN,3.7159423717481848,8.816116429563229e-14,0.0,1.0,26.454199548838865,0.028068777491580495,0.002,750.0,562.5,0.024941258522461308,0.024941258522461308,NaN,NaN,0.0015347343366182936
worst_vv_vw,0.5,1.0,pv_ld2804_load_c,b2443,WorstPhaseVoltVarWatt,NoUnbalanceControl,GridCurrentTarget,LOCALLY_SOLVED,true,2500.0,6000.0,6000.0,2499.8925330755123,-1073.4631130060022,2501.964508687502,-1067.2471861701022,0.0,241.7645156810029,245.3652822251148,0.19487992667341333,244.00588990586527,2.3716287428875744,0.009719555309925191,0.0,2499.9999999999973,-1073.5092597016892,2.7284841053187847e-12,0.10746692448765316,0.9999999999999989,0.9999738082555181,6000.0,10.0,NaN,3.716607424314417,3.716607424314417,3.716607424314417,3.716607424314417,0.3716607424314417,NaN,3.716607424313645,9.029570038633103e-14,0.0,1.0,26.443238980646562,0.02805714796753473,0.002,750.0,562.5,0.02493092479966894,0.02493092479966894,NaN,NaN,0.0015261495742996314
worst_vv_vw,0.5,1.0,pv_ld626_load_c,b2055,WorstPhaseVoltVarWatt,NoUnbalanceControl,GridCurrentTarget,LOCALLY_SOLVED,true,2500.0,6000.0,6000.0,2499.8925369683816,-1081.7370427029239,2501.969311634331,-1075.506718705144,0.0,241.80577536917406,245.4066704599559,0.2229402157062179,244.0172066020502,2.355629621907542,0.009653539005342217,0.0,2499.9999999999973,-1081.7835433992361,2.7284841053187847e-12,0.10746303161840842,0.9999999999999989,0.9999738082548869,6000.0,10.0,NaN,3.720909087781582,3.720909087781582,3.720909087781582,3.720909087781582,0.3720909087781582,NaN,3.7209090877808064,1.0156817276162737e-13,0.0,1.0,26.295251002862578,0.02790012784631788,0.002,750.0,562.5,0.02479140039616856,0.02479140039616856,NaN,NaN,0.0014555584408631925
worst_vv_vw,0.5,1.0,pv_ld868_load_a,b2190,WorstPhaseVoltVarWatt,NoUnbalanceControl,GridCurrentTarget,LOCALLY_SOLVED,true,2500.0,6000.0,6000.0,2499.892534684394,-1076.0781819875565,2501.966004357739,-1069.8577729675887,0.0,241.7779735755767,245.3783634648944,0.2030122148568065,244.01056636417678,2.3672014514714164,0.009701225183578547,0.0,2499.9999999999973,-1076.1244404081428,2.7284841053187847e-12,0.10746531560607764,0.9999999999999989,0.9999738082553215,6000.0,10.0,NaN,3.7179471695423487,3.7179471695423487,3.7179471695423487,3.7179471695423487,0.3717947169542349,NaN,3.717947169541576,9.258874934569086e-14,0.0,1.0000000000000002,26.40338980875221,0.028014866682967394,0.002,750.0,562.5,0.02489335464010741,0.02489335464010741,NaN,NaN,0.0015034456958928574
sequence_vv_vw,0.5,1.0,pv_ld1291_load_b,b828,PositiveSequenceVoltVarWatt,NoUnbalanceControl,GridCurrentTarget,LOCALLY_SOLVED,true,2500.0,6000.0,6000.0,2499.8925334849364,-801.3543874503832,2501.821685393495,-795.5669317247747,0.0,241.72462244101814,245.32219924678807,0.15684055821426512,244.0069441821866,2.3958459213196104,0.009818761221528038,0.0,2499.9999999999973,-801.3888364373134,2.7284841053187847e-12,0.1074665150636065,0.9999999999999989,0.9999738082742495,6000.0,10.0,NaN,3.586225414497564,3.586225414497564,3.586225414497564,3.586225414497564,0.3586225414497564,NaN,3.5862254144975303,3.500204645645251e-14,0.0,1.0000000000000002,25.77613059678503,0.027349323988403843,0.002,750.0,562.5,0.024301968983648944,0.024301968983648944,NaN,NaN,9.39318927780584e-5
sequence_vv_vw,0.5,1.0,pv_ld1446_load_c,b260,PositiveSequenceVoltVarWatt,NoUnbalanceControl,GridCurrentTarget,LOCALLY_SOLVED,true,2500.0,6000.0,6000.0,2499.8925350388226,-802.2574566169883,2501.822020917808,-796.4689989800985,0.0,241.74288479467484,245.34358182900186,0.17033742913720407,244.01145971963413,2.386341618111831,0.00977962928812321,0.0,2499.9999999999973,-802.2919439268419,2.7284841053187847e-12,0.1074649611773566,0.9999999999999989,0.9999738082742055,6000.0,10.0,NaN,3.5865358206914526,3.5865358206914526,3.5865358206914526,3.5865358206914526,0.35865358206914527,NaN,3.586535820691419,3.661557597810968e-14,0.0,1.0000000000000002,25.67609908130605,0.027243187254047528,0.002,750.0,562.5,0.024207658366412237,0.024207658366412237,NaN,NaN,9.394002321815332e-5
sequence_vv_vw,0.5,1.0,pv_ld1668_load_a,b605,PositiveSequenceVoltVarWatt,NoUnbalanceControl,GridCurrentTarget,LOCALLY_SOLVED,true,2500.0,6000.0,6000.0,2499.892527526774,-797.8920486033326,2501.8204029933945,-792.1084222035355,0.0,241.70054230108477,245.3104167180777,0.15426826330522586,243.98963175325724,2.3938692587361325,0.009811356497135968,0.0,2499.9999999999973,-797.926350651451,2.7284841053187847e-12,0.10747247322615294,0.9999999999999989,0.9999738082744165,6000.0,10.0,NaN,3.5850387878897947,3.5850387878897947,3.5850387878897947,3.5850387878897947,0.3585038787889795,NaN,3.585038787889761,3.639576376166242e-14,0.0,1.0000000000000002,25.746342437128718,0.02731771776937109,0.002,750.0,562.5,0.024273884437392878,0.024273884437392878,NaN,NaN,9.390081156866769e-5
sequence_vv_vw,0.5,1.0,pv_ld1895_load_b,b1804,PositiveSequenceVoltVarWatt,NoUnbalanceControl,GridCurrentTarget,LOCALLY_SOLVED,true,2500.0,6000.0,6000.0,2499.8925404302167,-805.3911689759285,2501.823188548204,-799.5992246220335,0.0,241.79864745622913,245.40281282618028,0.20892309455935223,244.02712894630213,2.3611214852311257,0.009675651618843935,0.0,2499.9999999999973,-805.4257892604212,2.7284841053187847e-12,0.10745956978325921,0.9999999999999989,0.9999738082740535,6000.0,10.0,NaN,3.5876158452536395,3.5876158452536395,3.5876158452536395,3.5876158452536395,0.35876158452536394,NaN,3.5876158452535996,4.978702670765239e-14,0.0,1.0,25.412390558954495,0.026963383821596087,0.002,750.0,562.5,0.023959031587196908,0.023959031587196908,NaN,NaN,9.39683122177936e-5
sequence_vv_vw,0.5,1.0,pv_ld1970_load_c,b2492,PositiveSequenceVoltVarWatt,NoUnbalanceControl,GridCurrentTarget,LOCALLY_SOLVED,true,2500.0,6000.0,6000.0,2499.892545461553,-808.316206550388,2501.824283100497,-802.5209936336215,0.0,241.82622177691135,245.42394296464497,0.2186441750472729,244.04175475471354,2.356903432306049,0.009657787597351829,0.0,2499.9999999999973,-808.3509509427113,2.7284841053187847e-12,0.10745453844720032,0.9999999999999989,0.9999738082739111,6000.0,10.0,NaN,3.5886280005264344,3.5886280005264344,3.5886280005264344,3.5886280005264344,0.3588628000526434,NaN,3.5886280005263944,4.9899706436072176e-14,0.0,1.0000000000000002,25.37414895513422,0.02692280821973103,0.002,750.0,562.5,0.023922977057350556,0.023922977057350556,NaN,NaN,9.399482351341032e-5
sequence_vv_vw,0.5,1.0,pv_ld2050_load_a,b1821,PositiveSequenceVoltVarWatt,NoUnbalanceControl,GridCurrentTarget,LOCALLY_SOLVED,true,2500.0,6000.0,6000.0,2499.892540420046,-805.3852737588928,2501.8231863467345,-799.5933359788925,0.0,241.79135358667247,245.39326448468103,0.2013258631628626,244.02709946896604,2.3666353719352005,0.009698248174425298,0.0,2499.9999999999973,-805.4198937932129,2.7284841053187847e-12,0.10745957995413846,0.9999999999999989,0.9999738082740539,6000.0,10.0,NaN,3.5876138092692784,3.5876138092692784,3.5876138092692784,3.5876138092692784,0.35876138092692783,NaN,3.5876138092692407,4.485407127260645e-14,0.0,1.0000000000000002,25.471721225584925,0.02702633561407039,0.002,750.0,562.5,0.024014969076139023,0.024014969076139023,NaN,NaN,9.396825888689797e-5
sequence_vv_vw,0.5,1.0,pv_ld2186_load_b,b1754,PositiveSequenceVoltVarWatt,NoUnbalanceControl,GridCurrentTarget,LOCALLY_SOLVED,true,2500.0,6000.0,6000.0,2499.892544800078,-807.9316124765269,2501.8241389273117,-802.1368300948916,0.0,241.82485880944736,245.4257355384282,0.22051449876541956,244.0398317027569,2.3553678502094755,0.00965157135937685,0.0,2499.9999999999973,-807.9663405513874,2.7284841053187847e-12,0.10745519992178743,0.9999999999999989,0.9999738082739303,6000.0,10.0,NaN,3.5884946957499984,3.5884946957499984,3.5884946957499984,3.5884946957499984,0.35884946957499986,NaN,3.5884946957499593,5.0463788695302936e-14,0.0,1.0,25.356675111053004,0.02690426789532856,0.002,750.0,562.5,0.023906502559159423,0.023906502559159423,NaN,NaN,9.399133187061881e-5
sequence_vv_vw,0.5,1.0,pv_ld248_load_b,b2560,PositiveSequenceVoltVarWatt,NoUnbalanceControl,GridCurrentTarget,LOCALLY_SOLVED,true,2500.0,6000.0,6000.0,2499.8925315414976,-800.2249424060658,2501.821266367935,-794.4387379268217,0.0,241.72369956940193,245.32900351692166,0.1634725207208637,244.0012967173104,2.3893903548597435,0.00979253137997865,0.0,2499.9999999999973,-800.2593434620763,2.7284841053187847e-12,0.10746845850235331,0.9999999999999989,0.9999738082743035,6000.0,10.0,NaN,3.58583772305895,3.58583772305895,3.58583772305895,3.58583772305895,0.358583772305895,NaN,3.5858377230589173,3.607580195133422e-14,0.0,1.0,25.70389820871852,0.02727268304432318,0.002,750.0,562.5,0.02423386763508488,0.02423386763508488,NaN,NaN,9.392173800876946e-5
sequence_vv_vw,0.5,1.0,pv_ld24_load_a,b1044,PositiveSequenceVoltVarWatt,NoUnbalanceControl,GridCurrentTarget,LOCALLY_SOLVED,true,2500.0,6000.0,6000.0,2499.8925378255035,-803.8771158303612,2501.8226237605913,-798.0868580251656,0.0,241.7739824930603,245.37693447620245,0.192387135484877,244.01955835934902,2.3715554083277386,0.009718710353681279,0.0,2499.9999999999973,-803.9116718698116,2.7284841053187847e-12,0.1074621744965043,0.9999999999999989,0.9999738082741267,6000.0,10.0,NaN,3.5870934706410447,3.5870934706410447,3.5870934706410447,3.5870934706410447,0.35870934706410446,NaN,3.5870934706410074,4.416766745159946e-14,0.0,1.0,25.520972761433626,0.027078593116638332,0.002,750.0,562.5,0.024061403869448997,0.024061403869448997,NaN,NaN,9.395462969432442e-5
sequence_vv_vw,0.5,1.0,pv_ld2804_load_c,b2443,PositiveSequenceVoltVarWatt,NoUnbalanceControl,GridCurrentTarget,LOCALLY_SOLVED,true,2500.0,6000.0,6000.0,2499.8925394884973,-804.8437720015594,2501.822984212957,-799.0524378282473,0.0,241.78309977421017,245.38389830717767,0.1956182809810739,244.02439184529476,2.3701378905851804,0.009712708933161843,0.0,2499.9999999999973,-804.878369058961,2.7284841053187847e-12,0.10746051150272251,0.9999999999999989,0.9999738082740802,6000.0,10.0,NaN,3.587426862845266,3.587426862845266,3.587426862845266,3.587426862845266,0.3587426862845266,NaN,3.5874268628452284,4.393830174674384e-14,0.0,1.0,25.508089012004085,0.027064923033923525,0.002,750.0,562.5,0.024049256953997632,0.024049256953997632,NaN,NaN,9.396336221650007e-5
sequence_vv_vw,0.5,1.0,pv_ld626_load_c,b2055,PositiveSequenceVoltVarWatt,NoUnbalanceControl,GridCurrentTarget,LOCALLY_SOLVED,true,2500.0,6000.0,6000.0,2499.892545779616,-808.5011256068323,2501.82435244909,-802.7057055984776,0.0,241.83154039538942,245.43181219289357,0.22390124322898267,244.04267938922408,2.3535072112002124,0.009643834500958744,0.0,2499.9999999999973,-808.5358778448049,2.7284841053187847e-12,0.10745422038417018,0.9999999999999989,0.9999738082739016,6000.0,10.0,NaN,3.5886921196574115,3.5886921196574115,3.5886921196574115,3.5886921196574115,0.3588692119657412,NaN,3.5886921196573716,5.086679998276012e-14,0.0,1.0000000000000002,25.338038347175313,0.02688449367469953,0.002,750.0,562.5,0.023888931649669806,0.023888931649669806,NaN,NaN,9.399650298448495e-5
sequence_vv_vw,0.5,1.0,pv_ld868_load_a,b2190,PositiveSequenceVoltVarWatt,NoUnbalanceControl,GridCurrentTarget,LOCALLY_SOLVED,true,2500.0,6000.0,6000.0,2499.892541695115,-806.1265039284782,2501.823463286654,-800.333739153929,0.0,241.79834374234392,245.39861210982613,0.20380010937508553,244.0308057770695,2.3655557880863998,0.00969367691326404,0.0,2499.9999999999973,-806.1611554139049,2.7284841053187847e-12,0.10745830488485808,0.9999999999999989,0.9999738082740176,6000.0,10.0,NaN,3.5878699265892933,3.5878699265892933,3.5878699265892933,3.5878699265892933,0.3587869926589293,NaN,3.587869926589256,4.486845660163522e-14,0.0,1.0,25.461919415239056,0.02701593557028538,0.002,750.0,562.5,0.02400572784072132,0.02400572784072132,NaN,NaN,9.397496734553025e-5
sequence_droop,0.5,1.0,pv_ld1291_load_b,b828,PositiveSequenceVoltVarWatt,NegativeSequenceAdmittanceDroop,GridCurrentTarget,LOCALLY_SOLVED,true,2500.0,6000.0,6000.0,2472.741888606031,-811.7386326003976,2478.2832844274085,-795.1144451363303,0.0,242.22106805296957,245.10113996208412,0.15875507705930064,244.01813991676414,1.9256577218942288,0.007891453162257039,0.007891376653266254,2499.9999999999973,-803.6279833528498,2.7284841053187847e-12,27.258111393969102,0.9999999999999989,0.9999738073908473,6000.0,10.0,NaN,8.18578223045429,8.18578223045429,8.18578223045429,8.18578223045429,0.818578223045429,NaN,3.5869957107605166,4.906740321235571,-2.641412124929046,2.2820719316459406,3575.1099895638704,3.793309512908696,0.002,750.0,562.5,3.3706460228111723,3.3706460228111723,NaN,NaN,0.00021853098562328748
sequence_droop,0.5,1.0,pv_ld1446_load_c,b260,PositiveSequenceVoltVarWatt,NegativeSequenceAdmittanceDroop,GridCurrentTarget,LOCALLY_SOLVED,true,2500.0,6000.0,6000.0,2474.884833874321,-813.3313963830012,2480.0747632911653,-797.7616081325349,0.0,242.29691175763796,245.07695538329656,0.17221957868585658,244.02931862096827,1.8670734177609465,0.007651020903192892,0.007650946419445915,2499.9999999999973,-805.8637241936772,2.7284841053187847e-12,25.115166125679025,0.9999999999999989,0.9999738075415007,6000.0,10.0,NaN,7.939106787787063,7.939106787787063,7.939106787787063,7.939106787787063,0.7939106787787062,NaN,3.5877671267352067,4.661271981960905,-2.649215336162611,2.212826671115517,3396.07294859015,3.603345312458604,0.002,750.0,562.5,3.2018482818030507,3.2018482818030507,NaN,NaN,0.00021193330370034328
sequence_droop,0.5,1.0,pv_ld1668_load_a,b605,PositiveSequenceVoltVarWatt,NegativeSequenceAdmittanceDroop,GridCurrentTarget,LOCALLY_SOLVED,true,2500.0,6000.0,6000.0,2471.7403054376605,-809.6297348181587,2477.4481347619776,-792.5062468452747,0.0,242.17463779642603,245.07701522213532,0.15576662134372599,244.00609254864807,1.9519865835576653,0.007999745265247805,0.007999667839796883,2499.9999999999973,-801.2185097296301,2.7284841053187847e-12,28.25969456233952,0.9999999999999989,0.9999738073194305,6000.0,10.0,NaN,8.27243541633107,8.27243541633107,8.27243541633107,8.27243541633107,0.8272435416331071,NaN,3.5861669100976314,5.019123667358058,-2.660598131157177,2.3067625193469548,3656.9787101457773,3.8801749233434935,0.002,750.0,562.5,3.44783259279855,3.44783259279855,NaN,NaN,0.00022085323300751226
sequence_droop,0.5,1.0,pv_ld1895_load_b,b1804,PositiveSequenceVoltVarWatt,NegativeSequenceAdmittanceDroop,GridCurrentTarget,LOCALLY_SOLVED,true,2500.0,6000.0,6000.0,2481.364057318014,-818.361508892557,2485.542002786682,-805.8276724866203,0.0,242.55199041028928,244.9907198330617,0.21021506988433214,244.06418947757317,1.666921957088177,0.006829850625182966,0.006829783053962598,2499.9999999999973,-812.8378955146461,2.7284841053187847e-12,18.635942681985853,0.9999999999999989,0.9999738078638908,6000.0,10.0,NaN,7.14908404602691,7.14908404602691,7.14908404602691,7.14908404602691,0.714908404602691,NaN,3.590188145668436,3.8682707854657274,-2.67287263663123,1.9912839539221217,2817.6594531488895,2.9896295327883493,0.002,750.0,562.5,2.6565148085279446,2.6565148085279446,NaN,NaN,0.00019077552609072195
sequence_droop,0.5,1.0,pv_ld1970_load_c,b2492,PositiveSequenceVoltVarWatt,NegativeSequenceAdmittanceDroop,GridCurrentTarget,LOCALLY_SOLVED,true,2500.0,6000.0,6000.0,2482.6222961598924,-820.9812725865401,2486.6140442309934,-809.0060283733037,0.0,242.61994297342702,244.9970981055107,0.22031949779313675,244.07917628193056,1.622923452526557,0.006649168016905929,0.006649101969776306,2499.9999999999973,-815.8352563861274,2.7284841053187847e-12,17.377703840107642,0.9999999999999989,0.9999738079094611,6000.0,10.0,NaN,7.001087194553483,7.001087194553483,7.001087194553483,7.001087194553483,0.7001087194553482,NaN,3.591235463087732,3.703333856927836,-2.6637140684155556,1.9494926652731301,2697.438475121897,2.8620711133460963,0.002,750.0,562.5,2.543169383456257,2.543169383456257,NaN,NaN,0.00018680364779989273
sequence_droop,0.5,1.0,pv_ld2050_load_a,b1821,PositiveSequenceVoltVarWatt,NegativeSequenceAdmittanceDroop,GridCurrentTarget,LOCALLY_SOLVED,true,2500.0,6000.0,6000.0,2479.968032601854,-817.6886552015407,2484.3572731952727,-804.5209334213481,0.0,242.4967715914574,245.0188684279263,0.20294126617505495,244.05873094375445,1.713525943216093,0.007020957359689748,0.007020888181498504,2499.9999999999977,-811.7461887509047,2.2737367544323206e-12,20.031967398146207,0.999999999999999,0.999973807806151,6000.0,10.0,NaN,7.330516202467407,7.330516202467407,7.330516202467407,7.330516202467407,0.7330516202467406,NaN,3.5898077053171225,4.0465892545257836,-2.663427849637234,2.0420358983611475,2947.7516815975564,3.1276616742246524,0.002,750.0,562.5,2.779166937748907,2.779166937748907,NaN,NaN,0.0001956377446430118
sequence_droop,0.5,1.0,pv_ld2186_load_b,b1754,PositiveSequenceVoltVarWatt,NegativeSequenceAdmittanceDroop,GridCurrentTarget,LOCALLY_SOLVED,true,2500.0,6000.0,6000.0,2482.663254228219,-820.7901609679574,2486.6489006331126,-808.8332217533435,0.0,242.61983818319496,244.9929758663316,0.22201160960472568,244.07828212346016,1.6214542924103397,0.00664317315864331,0.006643107161379994,2499.9999999999973,-815.6564246920409,2.7284841053187847e-12,17.336745771780897,0.9999999999999989,0.9999738079113176,6000.0,10.0,NaN,6.99189870460215,6.99189870460215,6.99189870460215,6.99189870460215,0.699189870460215,NaN,3.5911728622370016,3.6978985256525365,-2.667518140045687,1.9469680165302394,2693.461899510642,2.8578518355786975,0.002,750.0,562.5,2.539420232015432,2.539420232015432,NaN,NaN,0.00018655785493438664
sequence_droop,0.5,1.0,pv_ld248_load_b,b2560,PositiveSequenceVoltVarWatt,NegativeSequenceAdmittanceDroop,GridCurrentTarget,LOCALLY_SOLVED,true,2500.0,6000.0,6000.0,2473.5672320951876,-811.631858449843,2478.9721040615586,-795.4172425507949,0.0,242.24361201795,245.07531917230142,0.16516513133719365,244.018844090255,1.9034596074453831,0.007800461536246572,0.007800385791708454,2499.9999999999973,-803.768818051024,2.7284841053187847e-12,26.43276790481241,0.9999999999999989,0.9999738074561981,6000.0,10.0,NaN,8.079190906604607,8.079190906604607,8.079190906604607,8.079190906604607,0.8079190906604607,NaN,3.5870442368673516,4.813064867465864,-2.655175633825848,2.2523254170023193,3506.7373649282194,3.720763905022491,0.002,750.0,562.5,3.3061836941079834,3.3061836941079834,NaN,NaN,0.00021568297128946837
sequence_droop,0.5,1.0,pv_ld24_load_a,b1044,PositiveSequenceVoltVarWatt,NegativeSequenceAdmittanceDroop,GridCurrentTarget,LOCALLY_SOLVED,true,2500.0,6000.0,6000.0,2478.80410489681,-816.1219811333564,2483.3721716032987,-802.4177810139553,0.0,242.44433402536424,245.02370101878904,0.19396666749015204,244.04915128080066,1.7507649200752582,0.007173820973713793,0.007173750507239616,2499.9999999999973,-809.8302561601455,2.7284841053187847e-12,21.195895103190196,0.9999999999999989,0.9999738077548685,6000.0,10.0,NaN,7.46932471879083,7.46932471879083,7.46932471879083,7.46932471879083,0.746932471879083,NaN,3.5891413504478975,4.191878148233099,-2.664159566986582,2.081089594831179,3053.6879371138607,3.240063532345092,0.002,750.0,562.5,2.879044597281027,2.879044597281027,NaN,NaN,0.00019935772885233672
sequence_droop,0.5,1.0,pv_ld2804_load_c,b2443,PositiveSequenceVoltVarWatt,NegativeSequenceAdmittanceDroop,GridCurrentTarget,LOCALLY_SOLVED,true,2500.0,6000.0,6000.0,2479.300219098472,-816.9661106388161,2483.7917964485036,-803.4913785887891,0.0,242.46800008225958,245.0252863009112,0.19731137104835117,244.0541163075318,1.7350625688999266,0.007109335401307388,0.007109265478809467,2499.9999999999973,-810.8232615063838,2.7284841053187847e-12,20.6997809015279,0.9999999999999989,0.9999738077768204,6000.0,10.0,NaN,7.413383666505466,7.413383666505466,7.413383666505466,7.413383666505466,0.7413383666505466,NaN,3.589486505396858,4.130306965305123,-2.6612062279795845,2.0653047881259305,3008.804775361626,3.1924410186486836,0.002,750.0,562.5,2.8367283465662294,2.8367283465662294,NaN,NaN,0.00019785813679623398
sequence_droop,0.5,1.0,pv_ld626_load_c,b2055,PositiveSequenceVoltVarWatt,NegativeSequenceAdmittanceDroop,GridCurrentTarget,LOCALLY_SOLVED,true,2500.0,6000.0,6000.0,2483.1015091677455,-821.4208060549984,2487.023057665738,-809.6561605610877,0.0,242.64173905182085,244.98995571793697,0.2254084572650921,244.08209289085585,1.6056108351541056,0.006578159078110139,0.006578093628381436,2499.9999999999973,-816.4185781711835,2.7284841053187847e-12,16.898490832254538,0.9999999999999989,0.9999738079266496,6000.0,10.0,NaN,6.936097115524419,6.936097115524419,6.936097115524419,6.936097115524419,0.6936097115524419,NaN,3.591439758754656,3.6393979052016667,-2.667411190417629,1.9312859414171197,2650.8044270551704,2.8125908515713998,0.002,750.0,562.5,2.4992023812933755,2.4992023812933755,NaN,NaN,0.00018506043702693043
sequence_droop,0.5,1.0,pv_ld868_load_a,b2190,PositiveSequenceVoltVarWatt,NegativeSequenceAdmittanceDroop,GridCurrentTarget,LOCALLY_SOLVED,true,2500.0,6000.0,6000.0,2480.322692420526,-818.342774630279,2484.658044098756,-805.3367195956534,0.0,242.5145003798792,245.02022110475843,0.20550514905981965,244.06253368986748,1.7018980517296494,0.0069732048831889415,0.006973136107823804,2499.9999999999973,-812.5067379735116,2.7284841053187847e-12,19.677307579474018,0.9999999999999989,0.9999738078207053,6000.0,10.0,NaN,7.289893833578896,7.289893833578896,7.289893833578896,7.289893833578896,0.7289893833578895,NaN,3.5900726856951413,4.001714961467203,-2.6611651258889877,2.0305699833406203,2915.04116488797,3.092954738055181,0.002,750.0,562.5,2.748327166840288,2.748327166840288,NaN,NaN,0.00019454837310580136
unity,1.0,1.0,pv_ld1291_load_b,b828,AverageVoltageVoltVarWatt,NoUnbalanceControl,GridCurrentTarget,LOCALLY_SOLVED,true,5000.0,6000.0,6000.0,4999.785311482673,5.947499437386483e-10,5006.7621213686325,20.93042965834605,0.0,242.0664440502284,245.68720187967156,0.14425765897788428,244.3696611953406,2.4017551983557754,0.009828368982497775,0.0,4999.999999999982,0.0,1.8189894035458565e-11,0.21468851732697658,0.9999999999999962,0.9999738073562583,6000.0,10.0,NaN,6.819975506269381,6.819975506269381,6.819975506269381,6.819975506269381,0.6819975506269381,NaN,6.819975506269329,5.6784747985398894e-14,0.0,1.0,49.13973487456064,0.05213887805007679,0.002,750.0,562.5,0.04632938634068117,0.04632938634068117,NaN,NaN,0.00017863786778713871
unity,1.0,1.0,pv_ld1446_load_c,b260,AverageVoltageVoltVarWatt,NoUnbalanceControl,GridCurrentTarget,LOCALLY_SOLVED,true,5000.0,6000.0,6000.0,4999.785360793595,6.361230986406952e-10,5006.75806216378,20.91810411106749,0.0,242.1437172719034,245.77425519838542,0.15489237756339336,244.4416478130036,2.396957825859644,0.009805848746745898,0.0,4999.999999999982,0.0,1.8189894035458565e-11,0.2146392064050815,0.9999999999999962,0.9999738073574077,6000.0,10.0,NaN,6.817967131114575,6.817967131114575,6.817967131114575,6.817967131114575,0.6817967131114575,NaN,6.817967131114524,5.440016677431456e-14,0.0,1.0,49.02713901416902,0.052019410131723114,0.002,750.0,562.5,0.04622322994545901,0.04622322994545901,NaN,NaN,0.0001785852539161132
unity,1.0,1.0,pv_ld1668_load_a,b605,AverageVoltageVoltVarWatt,NoUnbalanceControl,GridCurrentTarget,LOCALLY_SOLVED,true,5000.0,6000.0,6000.0,4999.785299525183,6.257147577848343e-10,5006.763105692331,20.933418501946615,0.0,242.03554171439407,245.67372074492624,0.13966782555991292,244.35221461274548,2.4035742827713165,0.009836515239203179,0.0,4999.999999999982,0.0,1.8189894035458565e-11,0.21470047481670917,0.9999999999999962,0.9999738073559795,6000.0,10.0,NaN,6.820462431588742,6.820462431588742,6.820462431588742,6.820462431588742,0.6820462431588742,NaN,6.820462431588691,5.34887823669193e-14,0.0,1.0,49.180464291555076,0.0521820933037035,0.002,750.0,562.5,0.04636778640328243,0.04636778640328243,NaN,NaN,0.00017865062388111352
unity,1.0,1.0,pv_ld1895_load_b,b1804,AverageVoltageVoltVarWatt,NoUnbalanceControl,GridCurrentTarget,LOCALLY_SOLVED,true,5000.0,6000.0,6000.0,4999.7854976365015,7.399462986779071e-10,5006.746797449101,20.883899438413344,0.0,242.3621316288833,246.01360197212904,0.1867614758121605,244.64175185805746,2.3835950195930615,0.009743206143226267,0.0,4999.999999999982,0.0,1.8189894035458565e-11,0.21450236349846818,0.9999999999999962,0.9999738073605914,6000.0,10.0,NaN,6.812390580189329,6.812390580189329,6.812390580189329,6.812390580189329,0.6812390580189329,NaN,6.812390580189278,5.134470131351518e-14,0.0,1.0,48.71394077540738,0.05168709647927947,0.002,750.0,562.5,0.04592794381414721,0.04592794381414721,NaN,NaN,0.00017843916379662304
unity,1.0,1.0,pv_ld1970_load_c,b2492,AverageVoltageVoltVarWatt,NoUnbalanceControl,GridCurrentTarget,LOCALLY_SOLVED,true,5000.0,6000.0,6000.0,4999.785535559337,7.441963711940502e-10,5006.74367569384,20.8744204041233,0.0,242.43008663548076,246.07560674864266,0.19600298011113013,244.69729308499709,2.3795534577490196,0.00972447805919319,0.0,4999.999999999982,0.0,1.8189894035458565e-11,0.21446444066259573,0.9999999999999962,0.9999738073614717,6000.0,10.0,NaN,6.810844360018685,6.810844360018685,6.810844360018685,6.810844360018685,0.6810844360018685,NaN,6.810844360018633,5.199786199573031e-14,0.0,1.0,48.62030474124127,0.051587745561352094,0.002,750.0,562.5,0.04583966291451723,0.04583966291451723,NaN,NaN,0.00017839865715201355
unity,1.0,1.0,pv_ld2050_load_a,b1821,AverageVoltageVoltVarWatt,NoUnbalanceControl,GridCurrentTarget,LOCALLY_SOLVED,true,5000.0,6000.0,6000.0,4999.785471723248,7.13925446538255e-10,5006.748930591619,20.89037660570536,0.0,242.32265320681122,245.9672730511796,0.18078051359470992,244.60382144149492,2.386002748198315,0.00975456039131836,0.0,4999.999999999982,0.0,1.8189894035458565e-11,0.2145282767523895,0.9999999999999962,0.9999738073599891,6000.0,10.0,NaN,6.813446933983066,6.813446933983066,6.813446933983066,6.813446933983066,0.6813446933983066,NaN,6.8134469339830135,5.1116662752566433e-14,0.0,1.0,48.7707093275854,0.0517473297838885,0.002,750.0,562.5,0.04598146571841848,0.04598146571841848,NaN,NaN,0.0001784668373176581
unity,1.0,1.0,pv_ld2186_load_b,b1754,AverageVoltageVoltVarWatt,NoUnbalanceControl,GridCurrentTarget,LOCALLY_SOLVED,true,5000.0,6000.0,6000.0,4999.785540529328,7.547781843975088e-10,5006.743266570762,20.87317812493163,0.0,242.4358305916006,246.0860688112829,0.1973030946796473,244.70457486997748,2.37916156751953,0.009722587200438264,0.0,4999.999999999982,0.0,1.8189894035458565e-11,0.21445947067240922,0.9999999999999962,0.999973807361587,6000.0,10.0,NaN,6.810641693405168,6.810641693405168,6.810641693405168,6.810641693405168,0.6810641693405168,NaN,6.810641693405116,5.163804633715391e-14,0.0,1.0,48.6108509013083,0.05157771472564241,0.002,750.0,562.5,0.045830749748751225,0.045830749748751225,NaN,NaN,0.00017839334785354642
unity,1.0,1.0,pv_ld248_load_b,b2560,AverageVoltageVoltVarWatt,NoUnbalanceControl,GridCurrentTarget,LOCALLY_SOLVED,true,5000.0,6000.0,6000.0,4999.785334361915,6.336077496005288e-10,5006.760237981993,20.92471086074287,0.0,242.09646340152597,245.73125999616462,0.14827743027950716,244.4030535796733,2.399841065709214,0.009819194279939249,0.0,4999.999999999982,0.0,1.8189894035458565e-11,0.21466563808462524,0.9999999999999962,0.9999738073567919,6000.0,10.0,NaN,6.819043735518172,6.819043735518172,6.819043735518172,6.819043735518172,0.6819043735518172,NaN,6.819043735518122,5.311379656238469e-14,0.0,1.0,49.09386355612281,0.05209020706957319,0.002,750.0,562.5,0.04628613844690859,0.04628613844690859,NaN,NaN,0.0001786134579692165
unity,1.0,1.0,pv_ld24_load_a,b1044,AverageVoltageVoltVarWatt,NoUnbalanceControl,GridCurrentTarget,LOCALLY_SOLVED,true,5000.0,6000.0,6000.0,4999.785439369617,6.979659905592683e-10,5006.751593897463,20.898463584110953,0.0,242.26856579701928,245.9118056985297,0.17289328771748505,244.5564886946578,2.389292335743379,0.009769899578197419,0.0,4999.999999999982,0.0,1.8189894035458565e-11,0.21456063038294815,0.9999999999999962,0.9999738073592369,6000.0,10.0,NaN,6.8147656001775,6.8147656001775,6.8147656001775,6.8147656001775,0.68147656001775,NaN,6.814765600177448,5.190586850192639e-14,0.0,1.0000000000000002,48.84740165520111,0.051828702870803066,0.002,750.0,562.5,0.046053771938314086,0.046053771938314086,NaN,NaN,0.00017850138269585503
unity,1.0,1.0,pv_ld2804_load_c,b2443,AverageVoltageVoltVarWatt,NoUnbalanceControl,GridCurrentTarget,LOCALLY_SOLVED,true,5000.0,6000.0,6000.0,4999.785451917725,6.993537693400498e-10,5006.750560954863,20.895327111985704,0.0,242.29102910054092,245.9322794587079,0.1759808122135013,244.5748430730295,2.387941548211136,0.009763643382970921,0.0,4999.999999999982,0.0,1.8189894035458565e-11,0.21454808227463218,0.9999999999999962,0.9999738073595286,6000.0,10.0,NaN,6.814254195970649,6.814254195970649,6.814254195970649,6.814254195970649,0.6814254195970648,NaN,6.814254195970596,5.225565486846421e-14,0.0,1.0,48.81612214391674,0.05179551427854731,0.002,750.0,562.5,0.046024281332259165,0.046024281332259165,NaN,NaN,0.00017848798533218665
unity,1.0,1.0,pv_ld626_load_c,b2055,AverageVoltageVoltVarWatt,NoUnbalanceControl,GridCurrentTarget,LOCALLY_SOLVED,true,5000.0,6000.0,6000.0,4999.785552867758,7.604160356944334e-10,5006.742250888299,20.870094062259028,0.0,242.4565479220999,246.10713857025684,0.2002864161363913,244.72265532456436,2.3779208638466054,0.00971679904622185,0.0,4999.999999999982,0.0,1.8189894035458565e-11,0.2144471322417303,0.9999999999999962,0.9999738073618738,6000.0,10.0,NaN,6.810138530406747,6.810138530406747,6.810138530406747,6.810138530406747,0.6810138530406747,NaN,6.810138530406694,5.1385767087503374e-14,0.0,1.0,48.581911491440344,0.05154700905810457,0.002,750.0,562.5,0.0458034654114695,0.0458034654114695,NaN,NaN,0.0001783801663896499
unity,1.0,1.0,pv_ld868_load_a,b2190,AverageVoltageVoltVarWatt,NoUnbalanceControl,GridCurrentTarget,LOCALLY_SOLVED,true,5000.0,6000.0,6000.0,4999.785481340872,7.140989188858526e-10,5006.74813888189,20.887972623641772,0.0,242.33987796777805,245.9829810450739,0.18314156331227574,244.6178971478802,2.3849721492835134,0.009749786001314995,0.0,4999.999999999982,0.0,1.8189894035458565e-11,0.2145186591278616,0.9999999999999962,0.9999738073602125,6000.0,10.0,NaN,6.813054890417336,6.813054890417336,6.813054890417336,6.813054890417336,0.6813054890417336,NaN,6.813054890417283,5.1325162005807046e-14,0.0,1.0,48.74683849558036,0.051722002044492565,0.002,750.0,562.5,0.04595896008217362,0.04595896008217362,NaN,NaN,0.00017845656687219823
mean_vv,1.0,1.0,pv_ld1291_load_b,b828,AverageVoltageVoltVarWatt,NoUnbalanceControl,GridCurrentTarget,LOCALLY_SOLVED,true,5000.0,6000.0,6000.0,4999.785296174465,-870.79172025759,5006.975026867823,-849.222528177645,0.0,242.04553409134016,245.66224650119204,0.1427663346318745,244.34776881508733,2.403267416997338,0.009835438353505225,0.0,4999.99999999998,-870.8291143267343,2.000888343900442e-11,0.2147038255352527,0.999999999999996,0.9999738072951346,6000.0,10.0,NaN,6.923260644772042,6.923260644772042,6.923260644772042,6.923260644772042,0.6923260644772042,NaN,6.923260644771991,6.379785605255703e-14,0.0,1.0000000000000002,49.91534018092382,0.052961820839383694,0.002,750.0,562.5,0.047060634036219594,0.047060634036219594,NaN,NaN,0.00018134367268167698
mean_vv,1.0,1.0,pv_ld1446_load_c,b260,AverageVoltageVoltVarWatt,NoUnbalanceControl,GridCurrentTarget,LOCALLY_SOLVED,true,5000.0,6000.0,6000.0,4999.785334590474,-882.0027685655766,5006.9772496593305,-860.4270233591418,0.0,242.10642271434946,245.73445966560948,0.1528598512051031,244.4038411163649,2.399820648557679,0.009819079101195807,0.0,4999.999999999979,-882.0406372892511,2.091837814077735e-11,0.2146654095258782,0.9999999999999959,0.9999738072944909,6000.0,10.0,NaN,6.924312273342411,6.924312273342411,6.924312273342411,6.924312273342411,0.6924312273342411,NaN,6.924312273342362,6.085075580383068e-14,0.0,1.0000000000000002,49.85132271192311,0.05289389619514581,0.002,750.0,562.5,0.04700027778762659,0.04700027778762659,NaN,NaN,0.00018137122285880302
mean_vv,1.0,1.0,pv_ld1668_load_a,b605,AverageVoltageVoltVarWatt,NoUnbalanceControl,GridCurrentTarget,LOCALLY_SOLVED,true,5000.0,6000.0,6000.0,4999.785275802833,-864.84050894741,5006.973871630782,-843.274721463696,0.0,242.00199487678117,245.63751590236956,0.1376001646629148,244.3180499048315,2.406144023908938,0.009848408764093345,0.0,4999.999999999981,-864.8776509799872,1.9099388737231493e-11,0.21472419716701552,0.9999999999999961,0.9999738072954687,6000.0,10.0,NaN,6.922714221029705,6.922714221029705,6.922714221029705,6.922714221029705,0.6922714221029704,NaN,6.922714221029654,6.085754285437167e-14,0.0,1.0,49.971142356517255,0.05302102878659027,0.002,750.0,562.5,0.04711324483190908,0.04711324483190908,NaN,NaN,0.00018132935767917706
mean_vv,1.0,1.0,pv_ld1895_load_b,b1804,AverageVoltageVoltVarWatt,NoUnbalanceControl,GridCurrentTarget,LOCALLY_SOLVED,true,5000.0,6000.0,6000.0,4999.78544400205,-913.9780700180596,5006.983959678485,-892.3825229888868,0.0,242.28332801051937,245.93632981280072,0.18301179988292657,244.56375167428408,2.3899631732801905,0.009772352431292439,0.0,4999.999999999979,-914.0172915973924,2.091837814077735e-11,0.2145559979499012,0.9999999999999959,0.9999738072925447,6000.0,10.0,NaN,6.92748904793724,6.92748904793724,6.92748904793724,6.92748904793724,0.6927489047937241,NaN,6.927489047937187,6.121304716612055e-14,0.0,1.0000000000000002,49.6693311236427,0.052700797122638914,0.002,750.0,562.5,0.04682869447270358,0.04682869447270358,NaN,NaN,0.00018145444684155885
mean_vv,1.0,1.0,pv_ld1970_load_c,b2492,AverageVoltageVoltVarWatt,NoUnbalanceControl,GridCurrentTarget,LOCALLY_SOLVED,true,5000.0,6000.0,6000.0,4999.785481132021,-924.8488590667959,5006.986366807163,-903.2462020415032,0.0,242.3500579916631,245.9970756528481,0.19238581471896757,244.61809069384216,2.3860303012047708,0.009754104017560444,0.0,4999.99999999998,-924.8885402762481,2.000888343900442e-11,0.21451886797876796,0.999999999999996,0.9999738072918448,6000.0,10.0,NaN,6.928629337803199,6.928629337803199,6.928629337803199,6.928629337803199,0.6928629337803198,NaN,6.928629337803144,6.226146055613624e-14,0.0,1.0000000000000002,49.59575863747256,0.05262273429030882,0.002,750.0,562.5,0.046759329667530845,0.046759329667530845,NaN,NaN,0.00018148431975064842
mean_vv,1.0,1.0,pv_ld2050_load_a,b1821,AverageVoltageVoltVarWatt,NoUnbalanceControl,GridCurrentTarget,LOCALLY_SOLVED,true,5000.0,6000.0,6000.0,4999.785425088554,-908.4474911804821,5006.982760406517,-886.855485226725,0.0,242.25446893965864,245.8995269528624,0.17755115075442476,244.53608612503155,2.3914606344642686,0.009779581706568709,0.0,4999.999999999981,-908.4864788625043,1.9099388737231493e-11,0.21457491144610685,0.9999999999999961,0.9999738072928929,6000.0,10.0,NaN,6.926921065871255,6.926921065871255,6.926921065871255,6.926921065871255,0.6926921065871255,NaN,6.926921065871203,6.063195265461748e-14,0.0,1.0,49.69637714124757,0.052729493838590755,0.002,750.0,562.5,0.0468541937026403,0.0468541937026403,NaN,NaN,0.00018143956705446123
mean_vv,1.0,1.0,pv_ld2186_load_b,b1754,AverageVoltageVoltVarWatt,NoUnbalanceControl,GridCurrentTarget,LOCALLY_SOLVED,true,5000.0,6000.0,6000.0,4999.785483183923,-925.4478807428934,5006.986500716236,-903.8448281460845,0.0,242.3514119130115,246.0035786139404,0.19345150510490475,244.62109467022165,2.386016122778082,0.009753926275224612,0.0,4999.999999999978,-925.4875872739299,2.1827872842550278e-11,0.21451681607686623,0.9999999999999956,0.999973807291806,6000.0,10.0,NaN,6.928692773422803,6.928692773422803,6.928692773422803,6.928692773422803,0.6928692773422803,NaN,6.928692773422749,6.130551114757699e-14,0.0,1.0000000000000002,49.59591800151568,0.052622903380810326,0.002,750.0,562.5,0.04675947991739167,0.04675947991739167,NaN,NaN,0.00018148598162081672
mean_vv,1.0,1.0,pv_ld248_load_b,b2560,AverageVoltageVoltVarWatt,NoUnbalanceControl,GridCurrentTarget,LOCALLY_SOLVED,true,5000.0,6000.0,6000.0,4999.785308706579,-874.4437417729456,5006.975742266448,-852.8724410934705,0.0,242.05999870391503,245.6923138695075,0.14619071643695208,244.36605651399162,2.402643800250249,0.009832150317950076,0.0,4999.999999999979,-874.4812904775542,2.091837814077735e-11,0.21469129342131055,0.9999999999999959,0.9999738072949272,6000.0,10.0,NaN,6.9235990447298175,6.9235990447298175,6.9235990447298175,6.9235990447298175,0.6923599044729818,NaN,6.923599044729768,6.037181166872912e-14,0.0,1.0,49.90482696075282,0.052950665966329614,0.002,750.0,562.5,0.047050722077185726,0.047050722077185726,NaN,NaN,0.00018135253796033624
mean_vv,1.0,1.0,pv_ld24_load_a,b1044,AverageVoltageVoltVarWatt,NoUnbalanceControl,GridCurrentTarget,LOCALLY_SOLVED,true,5000.0,6000.0,6000.0,4999.785396885226,-900.200184734562,5006.981001275125,-878.6133715649921,0.0,242.20665032900865,245.84979729908684,0.16986599462902893,244.4948494290235,2.394218517335128,0.00979251106077049,0.0,4999.99999999998,-900.238823546515,2.000888343900442e-11,0.21460311477403593,0.999999999999996,0.999973807293404,6000.0,10.0,NaN,6.926088068483886,6.926088068483886,6.926088068483886,6.926088068483886,0.6926088068483887,NaN,6.926088068483834,5.997542673922054e-14,0.0,1.0,49.74770491880505,0.05278395430203217,0.002,750.0,562.5,0.046902585995405914,0.046902585995405914,NaN,NaN,0.000181417744483688
mean_vv,1.0,1.0,pv_ld2804_load_c,b2443,AverageVoltageVoltVarWatt,NoUnbalanceControl,GridCurrentTarget,LOCALLY_SOLVED,true,5000.0,6000.0,6000.0,4999.78540917241,-903.7937340994556,5006.981763597482,-882.2046708243703,0.0,242.2287136596897,245.86986084985176,0.17299084962687708,244.51281221164177,2.3929006216647997,0.009786401784106055,0.0,4999.99999999998,-903.832524934209,2.000888343900442e-11,0.21459082758974546,0.999999999999996,0.9999738072931822,6000.0,10.0,NaN,6.926449030121629,6.926449030121629,6.926449030121629,6.926449030121629,0.6926449030121629,NaN,6.926449030121574,6.10666010852549e-14,0.0,1.0,49.72291257035477,0.05275764880332079,0.002,750.0,562.5,0.046879211545125005,0.046879211545125005,NaN,NaN,0.00018142720083006575
mean_vv,1.0,1.0,pv_ld626_load_c,b2055,AverageVoltageVoltVarWatt,NoUnbalanceControl,GridCurrentTarget,LOCALLY_SOLVED,true,5000.0,6000.0,6000.0,4999.7854939788485,-928.6090309246282,5006.987213279017,-907.0038730242508,0.0,242.36978493447498,246.02250833190374,0.19635711482803148,244.63690024263596,2.384979614703003,0.009749059166207268,0.0,4999.999999999979,-928.6488710804483,2.091837814077735e-11,0.21450602115146467,0.9999999999999957,0.9999738072915988,6000.0,10.0,NaN,6.929030379559359,6.929030379559359,6.929030379559359,6.929030379559359,0.6929030379559359,NaN,6.929030379559306,6.197198732380249e-14,0.0,1.0,49.57678861474746,0.05260260647106031,0.002,750.0,562.5,0.04674144455858653,0.04674144455858653,NaN,NaN,0.00018149482610391548
mean_vv,1.0,1.0,pv_ld868_load_a,b2190,AverageVoltageVoltVarWatt,NoUnbalanceControl,GridCurrentTarget,LOCALLY_SOLVED,true,5000.0,6000.0,6000.0,4999.785434504909,-911.2027555582724,5006.983356415891,-889.6089898254605,0.0,242.27138430329333,245.91491740442365,0.17994219642307013,244.54985865041402,2.390456134607677,0.009774923395170934,0.0,4999.99999999998,-911.2418597713074,2.000888343900442e-11,0.21456549509093747,0.999999999999996,0.9999738072927201,6000.0,10.0,NaN,6.927203337056968,6.927203337056968,6.927203337056968,6.927203337056968,0.6927203337056967,NaN,6.927203337056916,6.078090215371472e-14,0.0,1.0,49.67752713825799,0.05270949336423686,0.002,750.0,562.5,0.0468364217493879,0.0468364217493879,NaN,NaN,0.00018144696189079096
mean_vv_vw,1.0,1.0,pv_ld1291_load_b,b828,AverageVoltageVoltVarWatt,NoUnbalanceControl,GridCurrentTarget,LOCALLY_SOLVED,true,5000.0,6000.0,6000.0,4999.785296174463,-870.7917202575927,5006.975026867822,-849.222528177648,0.0,242.04553409134013,245.66224650119207,0.14276633463187074,244.34776881508736,2.4032674169973522,0.009835438353505283,0.0,4999.999999999979,-870.8291143267314,2.091837814077735e-11,0.21470382553707168,0.9999999999999959,0.9999738072951344,6000.0,10.0,NaN,6.92326064477204,6.92326064477204,6.92326064477204,6.92326064477204,0.692326064477204,NaN,6.923260644771991,6.406273559759215e-14,0.0,1.0,49.91534018092389,0.05296182083938377,0.002,750.0,562.5,0.047060634036219656,0.047060634036219656,NaN,NaN,0.00018134367268395795
mean_vv_vw,1.0,1.0,pv_ld1446_load_c,b260,AverageVoltageVoltVarWatt,NoUnbalanceControl,GridCurrentTarget,LOCALLY_SOLVED,true,5000.0,6000.0,6000.0,4999.785334590471,-882.0027685655749,5006.977249659327,-860.42702335914,0.0,242.10642271434946,245.7344596656146,0.15285985120510084,244.4038411163649,2.399820648557679,0.009819079101195807,0.0,4999.99999999998,-882.040637289246,2.000888343900442e-11,0.2146654095286067,0.999999999999996,0.9999738072944908,6000.0,10.0,NaN,6.924312273342405,6.924312273342405,6.924312273342405,6.924312273342405,0.6924312273342406,NaN,6.9243122733423546,6.157751887483644e-14,0.0,1.0,49.85132271192346,0.05289389619514603,0.002,750.0,562.5,0.04700027778762678,0.04700027778762678,NaN,NaN,0.0001813712228600889
mean_vv_vw,1.0,1.0,pv_ld1668_load_a,b605,AverageVoltageVoltVarWatt,NoUnbalanceControl,GridCurrentTarget,LOCALLY_SOLVED,true,5000.0,6000.0,6000.0,4999.785275802835,-864.8405089474128,5006.973871630781,-843.2747214636989,0.0,242.0019948767812,245.63751590236959,0.13760016466291244,244.3180499048315,2.406144023908938,0.009848408764093345,0.0,4999.999999999978,-864.8776509799892,2.1827872842550278e-11,0.21472419716519653,0.9999999999999956,0.9999738072954688,6000.0,10.0,NaN,6.9227142210297075,6.9227142210297075,6.9227142210297075,6.9227142210297075,0.6922714221029708,NaN,6.922714221029657,6.061078334144194e-14,0.0,1.0,49.971142356517305,0.05302102878659012,0.002,750.0,562.5,0.04711324483190894,0.04711324483190894,NaN,NaN,0.00018132935768108002
mean_vv_vw,1.0,1.0,pv_ld1895_load_b,b1804,AverageVoltageVoltVarWatt,NoUnbalanceControl,GridCurrentTarget,LOCALLY_SOLVED,true,5000.0,6000.0,6000.0,4999.785444002049,-913.9780700180557,5006.983959678484,-892.3825229888827,0.0,242.2833280105193,245.93632981280064,0.18301179988292657,244.56375167428408,2.389963173280191,0.00977235243129244,0.0,4999.99999999998,-914.0172915973899,2.000888343900442e-11,0.2145559979508107,0.999999999999996,0.9999738072925446,6000.0,10.0,NaN,6.9274890479372395,6.9274890479372395,6.9274890479372395,6.9274890479372395,0.692748904793724,NaN,6.927489047937186,6.078090215371472e-14,0.0,1.0,49.669331123642266,0.05270079712263887,0.002,750.0,562.5,0.04682869447270354,0.04682869447270354,NaN,NaN,0.0001814544468414304
mean_vv_vw,1.0,1.0,pv_ld1970_load_c,b2492,AverageVoltageVoltVarWatt,NoUnbalanceControl,GridCurrentTarget,LOCALLY_SOLVED,true,5000.0,6000.0,6000.0,4999.785481132025,-924.8488590667963,5006.986366807166,-903.2462020415041,0.0,242.3500579916631,245.9970756528481,0.19238581471896204,244.61809069384216,2.3860303012047637,0.009754104017560414,0.0,4999.999999999978,-924.8885402762476,2.1827872842550278e-11,0.21451886797512998,0.9999999999999956,0.9999738072918452,6000.0,10.0,NaN,6.928629337803201,6.928629337803201,6.928629337803201,6.928629337803201,0.6928629337803202,NaN,6.928629337803148,6.166632683839405e-14,0.0,1.0000000000000002,49.59575863747182,0.052622734290308275,0.002,750.0,562.5,0.04675932966753035,0.04675932966753035,NaN,NaN,0.0001814843197513406
mean_vv_vw,1.0,1.0,pv_ld2050_load_a,b1821,AverageVoltageVoltVarWatt,NoUnbalanceControl,GridCurrentTarget,LOCALLY_SOLVED,true,5000.0,6000.0,6000.0,4999.785425088552,-908.4474911804846,5006.982760406515,-886.8554852267273,0.0,242.25446893965864,245.89952695286237,0.17755115075442476,244.53608612503157,2.391460634464269,0.009779581706568709,0.0,4999.999999999979,-908.486478862504,2.091837814077735e-11,0.21457491144792584,0.9999999999999959,0.999973807292893,6000.0,10.0,NaN,6.926921065871253,6.926921065871253,6.926921065871253,6.926921065871253,0.6926921065871252,NaN,6.9269210658712,6.0185833451835e-14,0.0,1.0,49.69637714124752,0.05272949383859045,0.002,750.0,562.5,0.046854193702640025,0.046854193702640025,NaN,NaN,0.00018143956705559593
mean_vv_vw,1.0,1.0,pv_ld2186_load_b,b1754,AverageVoltageVoltVarWatt,NoUnbalanceControl,GridCurrentTarget,LOCALLY_SOLVED,true,5000.0,6000.0,6000.0,4999.785483183921,-925.4478807428843,5006.986500716236,-903.8448281460757,0.0,242.35141191301148,246.0035786139404,0.193451505104899,244.62109467022165,2.3860161227780896,0.009753926275224641,0.0,4999.999999999981,-925.4875872739276,1.9099388737231493e-11,0.21451681607868522,0.9999999999999961,0.9999738072918064,6000.0,10.0,NaN,6.928692773422801,6.928692773422801,6.928692773422801,6.928692773422801,0.6928692773422801,NaN,6.928692773422746,6.172872704086257e-14,0.0,1.0,49.59591800151569,0.05262290338081042,0.002,750.0,562.5,0.04675947991739175,0.04675947991739175,NaN,NaN,0.00018148598161668258
mean_vv_vw,1.0,1.0,pv_ld248_load_b,b2560,AverageVoltageVoltVarWatt,NoUnbalanceControl,GridCurrentTarget,LOCALLY_SOLVED,true,5000.0,6000.0,6000.0,4999.78530870658,-874.443741772949,5006.975742266448,-852.8724410934739,0.0,242.05999870391497,245.69231386950747,0.14619071643693654,244.36605651399162,2.402643800250242,0.009832150317950048,0.0,4999.999999999979,-874.481290477554,2.091837814077735e-11,0.21469129342040105,0.9999999999999957,0.9999738072949275,6000.0,10.0,NaN,6.923599044729818,6.923599044729818,6.923599044729818,6.923599044729818,0.6923599044729818,NaN,6.9235990447297695,6.048775767942464e-14,0.0,1.0,49.90482696075282,0.05295066596633003,0.002,750.0,562.5,0.047050722077186094,0.047050722077186094,NaN,NaN,0.00018135253795965587
mean_vv_vw,1.0,1.0,pv_ld24_load_a,b1044,AverageVoltageVoltVarWatt,NoUnbalanceControl,GridCurrentTarget,LOCALLY_SOLVED,true,5000.0,6000.0,6000.0,4999.785396885227,-900.200184734555,5006.981001275127,-878.613371564985,0.0,242.20665032900868,245.84979729908682,0.1698659946290263,244.4948494290235,2.394218517335128,0.00979251106077049,0.0,4999.999999999979,-900.2388235465121,2.091837814077735e-11,0.21460311477312644,0.9999999999999957,0.9999738072934039,6000.0,10.0,NaN,6.926088068483887,6.926088068483887,6.926088068483887,6.926088068483887,0.6926088068483887,NaN,6.9260880684838355,6.074084563701564e-14,0.0,1.0,49.747704918805375,0.05278395430203241,0.002,750.0,562.5,0.04690258599540613,0.04690258599540613,NaN,NaN,0.00018141774448804526
mean_vv_vw,1.0,1.0,pv_ld2804_load_c,b2443,AverageVoltageVoltVarWatt,NoUnbalanceControl,GridCurrentTarget,LOCALLY_SOLVED,true,5000.0,6000.0,6000.0,4999.7854091724075,-903.7937340994546,5006.981763597481,-882.2046708243698,0.0,242.22871365968967,245.8698608498518,0.17299084962687183,244.5128122116418,2.3929006216648143,0.009786401784106113,0.0,4999.99999999998,-903.832524934209,2.000888343900442e-11,0.21459082759247394,0.999999999999996,0.9999738072931821,6000.0,10.0,NaN,6.926449030121625,6.926449030121625,6.926449030121625,6.926449030121625,0.6926449030121625,NaN,6.926449030121571,6.128337102679192e-14,0.0,1.0,49.72291257035544,0.05275764880332103,0.002,750.0,562.5,0.04687921154512521,0.04687921154512521,NaN,NaN,0.00018142720082963787
mean_vv_vw,1.0,1.0,pv_ld626_load_c,b2055,AverageVoltageVoltVarWatt,NoUnbalanceControl,GridCurrentTarget,LOCALLY_SOLVED,true,5000.0,6000.0,6000.0,4999.785493978848,-928.6090309246181,5006.987213279017,-907.0038730242404,0.0,242.36978493447492,246.02250833190368,0.19635711482803148,244.63690024263596,2.3849796147030036,0.00974905916620727,0.0,4999.999999999979,-928.6488710804393,2.091837814077735e-11,0.21450602115237416,0.9999999999999959,0.9999738072915989,6000.0,10.0,NaN,6.929030379559356,6.929030379559356,6.929030379559356,6.929030379559356,0.6929030379559357,NaN,6.929030379559303,6.225956520124285e-14,0.0,1.0,49.5767886147474,0.05260260647106046,0.002,750.0,562.5,0.04674144455858666,0.04674144455858666,NaN,NaN,0.00018149482610422117
mean_vv_vw,1.0,1.0,pv_ld868_load_a,b2190,AverageVoltageVoltVarWatt,NoUnbalanceControl,GridCurrentTarget,LOCALLY_SOLVED,true,5000.0,6000.0,6000.0,4999.785434504909,-911.2027555582699,5006.983356415891,-889.6089898254578,0.0,242.2713843032933,245.91491740442365,0.17994219642306478,244.54985865041402,2.3904561346076703,0.009774923395170906,0.0,4999.99999999998,-911.2418597712981,2.000888343900442e-11,0.21456549509093747,0.999999999999996,0.9999738072927199,6000.0,10.0,NaN,6.927203337056968,6.927203337056968,6.927203337056968,6.927203337056968,0.6927203337056967,NaN,6.927203337056916,6.09299717168077e-14,0.0,1.0000000000000002,49.677527138258284,0.05270949336423771,0.002,750.0,562.5,0.046836421749388665,0.046836421749388665,NaN,NaN,0.00018144696189311058
worst_vv_vw,1.0,1.0,pv_ld1291_load_b,b828,WorstPhaseVoltVarWatt,NoUnbalanceControl,GridCurrentTarget,LOCALLY_SOLVED,true,5000.0,6000.0,6000.0,4999.785291469472,-1131.3416530811555,5007.121033462886,-1109.334427101047,0.0,242.03927637028949,245.65480011616341,0.14235671362672417,244.34122329212536,2.4037189355649216,0.009837549731389877,0.0,4999.999999999978,-1131.3902369073023,2.1827872842550278e-11,0.21470853052778693,0.9999999999999956,0.9999738072513554,6000.0,10.0,NaN,6.993207177148046,6.993207177148046,6.993207177148046,6.993207177148046,0.6993207177148046,NaN,6.993207177145794,1.7647393482913708e-13,0.0,1.0000000000000002,50.42911353621394,0.05350695130020551,0.002,750.0,562.5,0.047545024200910724,0.047545024200910724,NaN,NaN,0.001659325852080429
worst_vv_vw,1.0,1.0,pv_ld1446_load_c,b260,WorstPhaseVoltVarWatt,NoUnbalanceControl,GridCurrentTarget,LOCALLY_SOLVED,true,5000.0,6000.0,6000.0,4999.785326696805,-1144.911221677182,5007.1266012595715,-1122.8873979890166,0.0,242.0953763411419,245.7226758391242,0.1523055068422599,244.3926437756133,2.4006671559416697,0.009822992700818845,0.0,4999.999999999978,-1144.9603801642254,2.1827872842550278e-11,0.21467330319501343,0.9999999999999956,0.9999738072496654,6000.0,10.0,NaN,6.995843796011853,6.995843796011853,6.995843796011853,6.995843796011853,0.6995843796011852,NaN,6.9958437960095905,1.9481957577323298e-13,0.0,1.0,50.38407728766104,0.053459166356369235,0.002,750.0,562.5,0.047502563618576514,0.047502563618576514,NaN,NaN,0.0015839355806367787
worst_vv_vw,1.0,1.0,pv_ld1668_load_a,b605,WorstPhaseVoltVarWatt,NoUnbalanceControl,GridCurrentTarget,LOCALLY_SOLVED,true,5000.0,6000.0,6000.0,4999.785268629933,-1125.738433283354,5007.119479964102,-1103.7357992809762,0.0,241.99203350328995,245.62677251184343,0.1370352666184924,244.30790684482835,2.406905719077504,0.009851935412824133,0.0,4999.999999999978,-1125.7867816307137,2.1827872842550278e-11,0.21473137006705656,0.9999999999999956,0.9999738072518224,6000.0,10.0,NaN,6.992477545731385,6.992477545731385,6.992477545731385,6.992477545731385,0.6992477545731385,NaN,6.992477545729145,1.723771499383251e-13,0.0,1.0,50.49070258612131,0.05357229931175957,0.002,750.0,562.5,0.047603090914025946,0.047603090914025946,NaN,NaN,0.0016708123708224268
worst_vv_vw,1.0,1.0,pv_ld1895_load_b,b1804,WorstPhaseVoltVarWatt,NoUnbalanceControl,GridCurrentTarget,LOCALLY_SOLVED,true,5000.0,6000.0,6000.0,4999.785428017632,-1183.0635341237835,5007.142568841164,-1160.992111653321,0.0,242.26006025316235,245.91351281671643,0.1819891356522799,244.5407204569029,2.3918463295346633,0.009780973594359695,0.0,4999.999999999978,-1183.1143067613507,2.1827872842550278e-11,0.21457198236839758,0.9999999999999956,0.9999738072448051,6000.0,10.0,NaN,7.003399566636872,7.003399566636872,7.003399566636872,7.003399566636872,0.7003399566636872,NaN,7.003399566634583,2.4635366922825383e-13,0.0,1.0000000000000002,50.25316664332032,0.053320265848700976,0.002,750.0,562.5,0.047379139879452345,0.047379139879452345,NaN,NaN,0.0014330402546856693
worst_vv_vw,1.0,1.0,pv_ld1970_load_c,b2492,WorstPhaseVoltVarWatt,NoUnbalanceControl,GridCurrentTarget,LOCALLY_SOLVED,true,5000.0,6000.0,6000.0,4999.785464916602,-1195.1352543206392,5007.147356038144,-1173.0495809561505,0.0,242.32643546514294,245.97389435284853,0.19140071194365407,244.59471160333706,2.387945155576613,0.009762865026489943,0.0,4999.999999999976,-1195.1865362094154,2.3646862246096134e-11,0.21453508339800464,0.9999999999999953,0.9999738072433467,6000.0,10.0,NaN,7.00566015043276,7.00566015043276,7.00566015043276,7.00566015043276,0.700566015043276,NaN,7.005660150430457,2.6017686786427144e-13,0.0,1.0,50.18739665367998,0.05325048172231219,0.002,750.0,562.5,0.04731713133855494,0.04731713133855494,NaN,NaN,0.0014017146292918477
worst_vv_vw,1.0,1.0,pv_ld2050_load_a,b1821,WorstPhaseVoltVarWatt,NoUnbalanceControl,GridCurrentTarget,LOCALLY_SOLVED,true,5000.0,6000.0,6000.0,4999.785411190797,-1176.2725246872594,5007.139566671753,-1154.2100582445275,0.0,242.23436102020815,245.87954463118052,0.1766719466376529,244.51610923510938,2.393071234490336,0.00978696758252982,0.0,4999.999999999976,-1176.3230098396148,2.3646862246096134e-11,0.2145888092027235,0.9999999999999953,0.9999738072457215,6000.0,10.0,NaN,7.001978520827084,7.001978520827084,7.001978520827084,7.001978520827084,0.7001978520827083,NaN,7.001978520824798,2.360250798612267e-13,0.0,1.0,50.2687001482699,0.053336747409343147,0.002,750.0,562.5,0.04739378500836661,0.04739378500836661,NaN,NaN,0.0014572509964773139
worst_vv_vw,1.0,1.0,pv_ld2186_load_b,b1754,WorstPhaseVoltVarWatt,NoUnbalanceControl,GridCurrentTarget,LOCALLY_SOLVED,true,5000.0,6000.0,6000.0,4999.785466149096,-1196.2135792473064,5007.147966976122,-1174.1260767663582,0.0,242.3265594905218,245.9792880359262,0.19240379786339576,244.5965166359324,2.3880374416079153,0.009763170279167831,0.0,4999.999999999978,-1196.2649071110518,2.1827872842550278e-11,0.214533850904445,0.9999999999999956,0.9999738072431593,6000.0,10.0,NaN,7.005950245798596,7.005950245798596,7.005950245798596,7.005950245798596,0.7005950245798596,NaN,7.005950245796295,2.6189675152332713e-13,0.0,1.0000000000000002,50.1914145031836,0.0532547447930396,0.002,750.0,562.5,0.04732091940339473,0.04732091940339473,NaN,NaN,0.0013964919031694255
worst_vv_vw,1.0,1.0,pv_ld248_load_b,b2560,WorstPhaseVoltVarWatt,NoUnbalanceControl,GridCurrentTarget,LOCALLY_SOLVED,true,5000.0,6000.0,6000.0,4999.785300974787,-1136.5353544502468,5007.123497801991,-1114.5207639687665,0.0,242.0491960950853,245.68077943924553,0.14562130254649777,244.35509689210522,2.4034726533760686,0.009835983304401136,0.0,4999.999999999979,-1136.5841591524054,2.091837814077735e-11,0.21469902521312179,0.9999999999999957,0.9999738072506057,6000.0,10.0,NaN,6.99437718321794,6.99437718321794,6.99437718321794,6.99437718321794,0.699437718321794,NaN,6.994377183215689,1.8573910655302814e-13,0.0,1.0,50.43238286188968,0.053510420162484446,0.002,750.0,562.5,0.047548106550717506,0.047548106550717506,NaN,NaN,0.0016187535193960482
worst_vv_vw,1.0,1.0,pv_ld24_load_a,b1044,WorstPhaseVoltVarWatt,NoUnbalanceControl,GridCurrentTarget,LOCALLY_SOLVED,true,5000.0,6000.0,6000.0,4999.785384177592,-1166.658701949156,5007.135634726679,-1144.607950302027,0.0,242.1883358748904,245.83145674847285,0.16904027722440276,244.4766167352902,2.395676296494335,0.00979920422855115,0.0,4999.999999999977,-1166.7087807821258,2.2737367544323206e-11,0.2146158224077226,0.9999999999999954,0.9999738072469188,6000.0,10.0,NaN,7.000119308055127,7.000119308055127,7.000119308055127,7.000119308055127,0.7000119308055127,NaN,7.00011930805285,2.2411157575735773e-13,0.0,1.0,50.310059696949665,0.05338063125345251,0.002,750.0,562.5,0.04743277916481746,0.04743277916481746,NaN,NaN,0.0014899640345189436
worst_vv_vw,1.0,1.0,pv_ld2804_load_c,b2443,WorstPhaseVoltVarWatt,NoUnbalanceControl,GridCurrentTarget,LOCALLY_SOLVED,true,5000.0,6000.0,6000.0,4999.785396388244,-1170.6459529417925,5007.137172198615,-1148.590625510817,0.0,242.21028261282126,245.85140080324118,0.17217565200581086,244.49446544525946,2.394368029429471,0.00979313795536837,0.0,4999.999999999977,-1170.6962000695034,2.2737367544323206e-11,0.21460361175559228,0.9999999999999954,0.9999738072464512,6000.0,10.0,NaN,7.00084557289716,7.00084557289716,7.00084557289716,7.00084557289716,0.700084557289716,NaN,7.000845572894877,2.2834939151916223e-13,0.0,1.0,50.287802456286194,0.05335701558764485,0.002,750.0,562.5,0.04741179483707945,0.04741179483707945,NaN,NaN,0.0014776577310803784
worst_vv_vw,1.0,1.0,pv_ld626_load_c,b2055,WorstPhaseVoltVarWatt,NoUnbalanceControl,GridCurrentTarget,LOCALLY_SOLVED,true,5000.0,6000.0,6000.0,4999.785476492423,-1199.8732664411757,5007.149508419179,-1177.7811706610446,0.0,242.34424831455965,245.9975933494485,0.19528848734635101,244.61165835763413,2.3870609591872256,0.009758573958471049,0.0,4999.999999999978,-1199.9247488549397,2.1827872842550278e-11,0.21452350757681415,0.9999999999999956,0.9999738072426887,6000.0,10.0,NaN,7.006678683807547,7.006678683807547,7.006678683807547,7.006678683807547,0.7006678683807548,NaN,7.006678683805242,2.667540327056155e-13,0.0,1.0000000000000002,50.176107419218155,0.0532385034725233,0.002,750.0,562.5,0.047306487746231723,0.047306487746231723,NaN,NaN,0.0013866666527434914
worst_vv_vw,1.0,1.0,pv_ld868_load_a,b2190,WorstPhaseVoltVarWatt,NoUnbalanceControl,GridCurrentTarget,LOCALLY_SOLVED,true,5000.0,6000.0,6000.0,4999.7854205483845,-1179.3310149192398,5007.140761100984,-1157.264993261576,0.0,242.25118658643893,245.89484298745404,0.1790714489900952,244.52979383191345,2.3920743462638554,0.009782343119743256,0.0,4999.999999999978,-1179.3816291324042,2.1827872842550278e-11,0.21457945161546377,0.9999999999999956,0.9999738072453582,6000.0,10.0,NaN,7.002542658474212,7.002542658474212,7.002542658474212,7.002542658474212,0.7002542658474212,NaN,7.002542658471923,2.396554500293079e-13,0.0,1.0,50.25180795600335,0.05331882423668362,0.002,750.0,562.5,0.047377858896765275,0.047377858896765275,NaN,NaN,0.0014485342637689073
sequence_vv_vw,1.0,1.0,pv_ld1291_load_b,b828,PositiveSequenceVoltVarWatt,NoUnbalanceControl,GridCurrentTarget,LOCALLY_SOLVED,true,5000.0,6000.0,6000.0,4999.785296196978,-869.5227288840795,5006.97440855609,-847.9553918068736,0.0,242.0455643074245,245.66228220678911,0.14276829899810148,244.34780034227737,2.4032652337235234,0.009835428149371835,0.0,4999.999999999979,-869.5600684555011,2.091837814077735e-11,0.21470380302162084,0.9999999999999959,0.9999738072953165,6000.0,10.0,NaN,6.92296292978232,6.92296292978232,6.92296292978232,6.92296292978232,0.6922962929782319,NaN,6.922962929782265,6.43913865020743e-14,0.0,1.0,49.913148370549706,0.05295949525634778,0.002,750.0,562.5,0.047058567577581284,0.047058567577581284,NaN,NaN,0.0001813358732527753
sequence_vv_vw,1.0,1.0,pv_ld1446_load_c,b260,PositiveSequenceVoltVarWatt,NoUnbalanceControl,GridCurrentTarget,LOCALLY_SOLVED,true,5000.0,6000.0,6000.0,4999.785334627412,-880.7409270006151,5006.97662598017,-859.1670529424728,0.0,242.1064746118126,245.73451499622405,0.15286249713144795,244.40389370770342,2.3998166731742137,0.009819060722675277,0.0,4999.999999999981,-880.7787415407103,1.9099388737231493e-11,0.21466537258766039,0.9999999999999961,0.9999738072946747,6000.0,10.0,NaN,6.92401201265889,6.92401201265889,6.92401201265889,6.92401201265889,0.692401201265889,NaN,6.924012012658833,6.146698842506981e-14,0.0,1.0,49.84907841975001,0.052891514927191435,0.002,750.0,562.5,0.04699816184867346,0.04699816184867346,NaN,NaN,0.00018136335673503255
sequence_vv_vw,1.0,1.0,pv_ld1668_load_a,b605,PositiveSequenceVoltVarWatt,NoUnbalanceControl,GridCurrentTarget,LOCALLY_SOLVED,true,5000.0,6000.0,6000.0,4999.785275836416,-863.5824291662151,5006.973261709065,-842.0184715484033,0.0,242.00204172052682,245.63756638142317,0.13760286027468194,244.31809758581306,2.4061404428372146,0.009848392184668571,0.0,4999.999999999978,-863.6195171626321,2.1827872842550278e-11,0.21472416358392366,0.9999999999999956,0.9999738072956479,6000.0,10.0,NaN,6.9224205172306315,6.9224205172306315,6.9224205172306315,6.9224205172306315,0.6922420517230632,NaN,6.922420517230577,5.928675904616224e-14,0.0,1.0000000000000002,49.968947906540386,0.05301870040284943,0.002,750.0,562.5,0.04711117588462995,0.04711117588462995,NaN,NaN,0.00018132166333618754
sequence_vv_vw,1.0,1.0,pv_ld1895_load_b,b1804,PositiveSequenceVoltVarWatt,NoUnbalanceControl,GridCurrentTarget,LOCALLY_SOLVED,true,5000.0,6000.0,6000.0,4999.785444076432,-912.7326544982533,5006.9833194882185,-891.139028263027,0.0,242.28343654911137,245.93643626062723,0.18301666296376637,244.5638591130971,2.3899543938145764,0.009772312239762933,0.0,4999.99999999998,-912.7718226194398,2.000888343900442e-11,0.21455592356778652,0.999999999999996,0.9999738072927339,6000.0,10.0,NaN,6.927180961855863,6.927180961855863,6.927180961855863,6.927180961855863,0.6927180961855863,NaN,6.927180961855803,6.123256290699119e-14,0.0,1.0,49.66693972963529,0.0526982597747915,0.002,750.0,562.5,0.04682643984481168,0.04682643984481168,NaN,NaN,0.0001814463757062381
sequence_vv_vw,1.0,1.0,pv_ld1970_load_c,b2492,PositiveSequenceVoltVarWatt,NoUnbalanceControl,GridCurrentTarget,LOCALLY_SOLVED,true,5000.0,6000.0,6000.0,4999.785481207468,-923.6003189992117,5006.985717655272,-901.9996096559308,0.0,242.35016816189332,245.9971837767503,0.19239049995521243,244.6181997331266,2.386021375439426,0.009754063181081891,0.0,4999.999999999979,-923.6399466253483,2.091837814077735e-11,0.21451879253163497,0.9999999999999959,0.9999738072920369,6000.0,10.0,NaN,6.928316990324498,6.928316990324498,6.928316990324498,6.928316990324498,0.6928316990324498,NaN,6.928316990324438,6.1980317547826e-14,0.0,1.0000000000000002,49.59333730423098,0.05262016517594743,0.002,750.0,562.5,0.046757046812658354,0.046757046812658354,NaN,NaN,0.00018147613697774544
sequence_vv_vw,1.0,1.0,pv_ld2050_load_a,b1821,PositiveSequenceVoltVarWatt,NoUnbalanceControl,GridCurrentTarget,LOCALLY_SOLVED,true,5000.0,6000.0,6000.0,4999.785425153157,-907.1969121114031,5006.982122135276,-885.6068211651781,0.0,242.25456265208854,245.89962010002967,0.1775553324095047,244.53617923055396,2.3914531319716774,0.009779547302556667,0.0,4999.999999999979,-907.2358461108173,2.091837814077735e-11,0.2145748468428792,0.9999999999999957,0.9999738072930814,6000.0,10.0,NaN,6.926613882736426,6.926613882736426,6.926613882736426,6.926613882736426,0.6926613882736425,NaN,6.926613882736368,5.984370093096738e-14,0.0,1.0,49.69401739151552,0.05272699006636202,0.002,750.0,562.5,0.04685196890925709,0.04685196890925709,NaN,NaN,0.00018143151957409598
sequence_vv_vw,1.0,1.0,pv_ld2186_load_b,b1754,PositiveSequenceVoltVarWatt,NoUnbalanceControl,GridCurrentTarget,LOCALLY_SOLVED,true,5000.0,6000.0,6000.0,4999.785483262881,-924.2021192921117,5006.98585229418,-902.6010121983475,0.0,242.35152736650804,246.00369149876533,0.19345647688064224,244.62120886179443,2.3860067384735855,0.009753883359400887,0.0,4999.999999999979,-924.2417723589065,2.091837814077735e-11,0.2145167371190837,0.9999999999999959,0.9999738072919976,6000.0,10.0,NaN,6.9283807782469315,6.9283807782469315,6.9283807782469315,6.9283807782469315,0.6928380778246932,NaN,6.928380778246871,6.143722395459791e-14,0.0,1.0,49.59348967085093,0.052620326841952086,0.002,750.0,562.5,0.04675719046528511,0.04675719046528511,NaN,NaN,0.00018147780807116408
sequence_vv_vw,1.0,1.0,pv_ld248_load_b,b2560,PositiveSequenceVoltVarWatt,NoUnbalanceControl,GridCurrentTarget,LOCALLY_SOLVED,true,5000.0,6000.0,6000.0,4999.785308742745,-873.1840993968007,5006.975124857827,-851.6146510516855,0.0,242.0600494372822,245.6923680091039,0.14619343359986606,244.36610797002953,2.4026399089554684,0.009832132323563225,0.0,4999.999999999981,-873.221594005918,1.9099388737231493e-11,0.21469125725525373,0.9999999999999961,0.9999738072951095,6000.0,10.0,NaN,6.923301772536408,6.923301772536408,6.923301772536408,6.923301772536408,0.6923301772536408,NaN,6.923301772536353,6.01250213363083e-14,0.0,1.0,49.9026034213514,0.052948306717750956,0.002,750.0,562.5,0.04704862570413433,0.04704862570413433,NaN,NaN,0.00018134475012623565
sequence_vv_vw,1.0,1.0,pv_ld24_load_a,b1044,PositiveSequenceVoltVarWatt,NoUnbalanceControl,GridCurrentTarget,LOCALLY_SOLVED,true,5000.0,6000.0,6000.0,4999.785396944524,-898.948362261498,5006.980368372383,-877.363447978053,0.0,242.20673602411628,245.84988310715073,0.1698699291360321,244.49493473665729,2.394211698977837,0.009792479756509537,0.0,4999.99999999998,-898.9869473314869,2.000888343900442e-11,0.21460305547589087,0.999999999999996,0.9999738072935903,6000.0,10.0,NaN,6.9257834347783005,6.9257834347783005,6.9257834347783005,6.9257834347783005,0.6925783434778301,NaN,6.925783434778243,6.041577528852246e-14,0.0,1.0,49.74537517243072,0.05278148236435433,0.002,750.0,562.5,0.0469003894894593,0.0469003894894593,NaN,NaN,0.0001814097637975376
sequence_vv_vw,1.0,1.0,pv_ld2804_load_c,b2443,PositiveSequenceVoltVarWatt,NoUnbalanceControl,GridCurrentTarget,LOCALLY_SOLVED,true,5000.0,6000.0,6000.0,4999.785409232058,-902.5408734129093,5006.9811277253075,-880.953717933293,0.0,242.2287998995143,245.86994721630302,0.17299473430749265,244.51289805232034,2.39289375832614,0.009786370278978551,0.0,4999.999999999979,-902.5796104641034,2.091837814077735e-11,0.21459076794235443,0.9999999999999959,0.9999738072933698,6000.0,10.0,NaN,6.926142983030758,6.926142983030758,6.926142983030758,6.926142983030758,0.6926142983030757,NaN,6.926142983030699,6.088759069853175e-14,0.0,1.0,49.720572940137345,0.05275516637856,0.002,750.0,562.5,0.04687700572060201,0.04687700572060201,NaN,NaN,0.00018141918311130492
sequence_vv_vw,1.0,1.0,pv_ld626_load_c,b2055,PositiveSequenceVoltVarWatt,NoUnbalanceControl,GridCurrentTarget,LOCALLY_SOLVED,true,5000.0,6000.0,6000.0,4999.785494059872,-927.3637078803413,5006.9865627959025,-905.7605016723804,0.0,242.3699035195007,246.02262407404484,0.19636218440857758,244.63701747296477,2.384969955694722,0.00974901501142724,0.0,4999.99999999998,-927.4034945929807,2.000888343900442e-11,0.21450594012821966,0.999999999999996,0.999973807291791,6000.0,10.0,NaN,6.928717407038455,6.928717407038455,6.928717407038455,6.928717407038455,0.6928717407038455,NaN,6.928717407038395,6.232492163671408e-14,0.0,1.0000000000000002,49.574348541883616,0.05260001747334187,0.002,750.0,562.5,0.046739144035828496,0.046739144035828496,NaN,NaN,0.00018148662695191694
sequence_vv_vw,1.0,1.0,pv_ld868_load_a,b2190,PositiveSequenceVoltVarWatt,NoUnbalanceControl,GridCurrentTarget,LOCALLY_SOLVED,true,5000.0,6000.0,6000.0,4999.785434569789,-909.9513823393595,5006.982715868745,-888.3595384426218,0.0,242.27147843256336,245.91501097919286,0.17994633810834165,244.54995216418973,2.3904485967643687,0.009774888833997531,0.0,4999.99999999998,-909.9904328379744,2.000888343900442e-11,0.21456543021122343,0.999999999999996,0.9999738072929093,6000.0,10.0,NaN,6.926895071105186,6.926895071105186,6.926895071105186,6.926895071105186,0.6926895071105186,NaN,6.926895071105127,6.095248220959645e-14,0.0,1.0,49.67515980800361,0.05270698154882364,0.002,750.0,562.5,0.04683418980901926,0.04683418980901926,NaN,NaN,0.00018143888604340644
sequence_droop,1.0,1.0,pv_ld1291_load_b,b828,PositiveSequenceVoltVarWatt,NegativeSequenceAdmittanceDroop,GridCurrentTarget,LOCALLY_SOLVED,true,5000.0,6000.0,6000.0,4214.588054395616,-731.9105105571742,4222.577844788304,-707.9411393791122,0.0,242.41438484866637,245.3789186176155,0.14705181105735765,244.2727318986042,1.9755920061152161,0.008087648550699754,0.008087570546431616,4999.999999999979,-854.5463797208386,2.091837814077735e-11,785.4119456043836,0.9999999999999959,0.8478577444854194,6000.0,10.0,NaN,9.999705536661091,9.999705536661091,9.999705536661091,9.999705536661091,0.9999705536661091,NaN,5.868694030508345,4.338628776567455,-2.5031506289103644,1.7039064372204933,3151.95062646839,3.3443234838936027,0.002,750.0,562.5,2.971687549254646,2.971687549254646,NaN,NaN,0.00029446458588151385
sequence_droop,1.0,1.0,pv_ld1446_load_c,b260,PositiveSequenceVoltVarWatt,NegativeSequenceAdmittanceDroop,GridCurrentTarget,LOCALLY_SOLVED,true,5000.0,6000.0,6000.0,4315.413645810322,-760.4535920034625,4323.484325421575,-736.2415531697042,0.0,242.54929704396588,245.40856328016082,0.15726113894479038,244.34194508882348,1.9134004245758809,0.00783083078052898,0.007830754968314502,4999.99999999998,-868.3890177646933,2.000888343900442e-11,684.5863541896779,0.999999999999996,0.8677257376308565,6000.0,10.0,NaN,9.999705535379881,9.999705535379881,9.999705535379881,9.999705535379881,0.9999705535379881,NaN,6.007297057388679,4.209146327460499,-2.513735546542243,1.6645931506053124,3058.1578404394195,3.244806247074462,0.002,750.0,562.5,2.8832588625513607,2.8832588625513607,NaN,NaN,0.00029446596521837955
sequence_droop,1.0,1.0,pv_ld1668_load_a,b605,PositiveSequenceVoltVarWatt,NegativeSequenceAdmittanceDroop,GridCurrentTarget,LOCALLY_SOLVED,true,5000.0,6000.0,6000.0,4195.345718987137,-727.7753826395693,4203.3520057167425,-703.7565224507479,0.0,242.37982592412837,245.3546012821011,0.1415127074265499,244.26632498978145,1.993793312802142,0.008162374870484294,0.00816229623619543,4999.99999999998,-853.2649979562767,2.000888343900442e-11,804.6542810128631,0.999999999999996,0.844109095950401,6000.0,10.0,NaN,9.999705536846987,9.999705536846987,9.999705536846987,9.999705536846987,0.9999705536846987,NaN,5.842651439870802,4.386190718177154,-2.5229529304381186,1.7115013003527761,3186.599054094406,3.3810866074072177,0.002,750.0,562.5,3.0043544000970552,3.0043544000970552,NaN,NaN,0.0002944645165899996
sequence_droop,1.0,1.0,pv_ld1895_load_b,b1804,PositiveSequenceVoltVarWatt,NegativeSequenceAdmittanceDroop,GridCurrentTarget,LOCALLY_SOLVED,true,5000.0,6000.0,6000.0,4638.830047955252,-847.1357307569745,4647.225724480847,-821.9487011801876,0.0,242.9317324017913,245.46228374444834,0.18751852538684557,244.5169847319611,1.719610050645491,0.007032681400560061,0.0070326123642142175,4999.99999999998,-903.3969463922084,2.000888343900442e-11,361.16995204474824,0.999999999999996,0.9315241053053493,6000.0,10.0,NaN,9.999705526248539,9.999705526248539,9.999705526248539,9.999705526248539,0.9999705526248539,NaN,6.452114769755564,3.787003014945446,-2.5434738240254604,1.5498337960635393,2751.6013548124793,2.919539713578415,0.002,750.0,562.5,2.59423463614666,2.59423463614666,NaN,NaN,0.00029447539277875
sequence_droop,1.0,1.0,pv_ld1970_load_c,b2492,PositiveSequenceVoltVarWatt,NegativeSequenceAdmittanceDroop,GridCurrentTarget,LOCALLY_SOLVED,true,5000.0,6000.0,6000.0,4707.925526902527,-869.0168268769156,4716.387721643528,-843.6302426539127,0.0,243.03725995948153,245.505786588567,0.1973599015369857,244.56923569291052,1.675028954096725,0.00684889474896977,0.00684882727622851,4999.999999999979,-913.8471385820968,2.091837814077735e-11,292.07447309747295,0.9999999999999959,0.9451437872312985,6000.0,10.0,NaN,9.99970552157212,9.99970552157212,9.99970552157212,9.99970552157212,0.999970552157212,NaN,6.547458510476102,3.680410121204894,-2.535597995026698,1.527265198484402,2674.267762887998,2.83748622409953,0.002,750.0,562.5,2.521323826462241,2.521323826462241,NaN,NaN,0.0002944800253187235
sequence_droop,1.0,1.0,pv_ld2050_load_a,b1821,PositiveSequenceVoltVarWatt,NegativeSequenceAdmittanceDroop,GridCurrentTarget,LOCALLY_SOLVED,true,5000.0,6000.0,6000.0,4563.960881499862,-828.5386415580354,4572.266977343635,-803.6203540267154,0.0,242.8571602177996,245.46462638148066,0.18213969631116067,244.48686033712488,1.7625335221615215,0.007209113486635437,0.007209042958727585,4999.999999999979,-897.3720674249641,2.091837814077735e-11,436.0391185001381,0.9999999999999959,0.9167386669972423,6000.0,10.0,NaN,9.999705529610958,9.999705529610958,9.999705529610958,9.999705529610958,0.9999705529610958,NaN,6.349152603136437,3.881009342156712,-2.532870630294319,1.5749669530185202,2819.9909566360157,2.9921033348204307,0.002,750.0,562.5,2.658712971096087,2.658712971096087,NaN,NaN,0.00029447193494113784
sequence_droop,1.0,1.0,pv_ld2186_load_b,b1754,PositiveSequenceVoltVarWatt,NegativeSequenceAdmittanceDroop,GridCurrentTarget,LOCALLY_SOLVED,true,5000.0,6000.0,6000.0,4714.91857184327,-871.8749134060314,4723.394635691507,-846.4467218613249,0.0,243.04725720515768,245.50884078435712,0.19805531113807764,244.57771799356445,1.6721909419519896,0.006837053496410453,0.0068369861269717645,4999.999999999979,-915.5435987128835,2.091837814077735e-11,285.08142815673,0.9999999999999959,0.946531748709466,6000.0,10.0,NaN,9.999705520950052,9.999705520950052,9.999705520950052,9.999705520950052,0.9999705520950052,NaN,6.5572399902899114,3.6755538400780976,-2.540430309655711,1.5249869664303422,2670.8021939545365,2.8338091412569573,0.002,750.0,562.5,2.5180564567375483,2.5180564567375483,NaN,NaN,0.00029448068484274703
sequence_droop,1.0,1.0,pv_ld248_load_b,b2560,PositiveSequenceVoltVarWatt,NegativeSequenceAdmittanceDroop,GridCurrentTarget,LOCALLY_SOLVED,true,5000.0,6000.0,6000.0,4264.002598078565,-746.3157470883045,4272.04516148285,-722.1880568754447,0.0,242.47576315232672,245.38386779124838,0.1503519636272575,244.3092303232463,1.947955201460912,0.007973318072688316,0.007973241047937476,4999.99999999998,-861.8460646492563,2.000888343900442e-11,735.9974019214351,0.999999999999996,0.857613242653224,6000.0,10.0,NaN,9.999705536061688,9.999705536061688,9.999705536061688,9.999705536061688,0.9999705536061688,NaN,5.936777644762208,4.28622917709284,-2.51883583773852,1.684365852051991,3114.085924625146,3.304147787446582,0.002,750.0,562.5,2.9359883660000263,2.9359883660000263,NaN,NaN,0.00029446529862801874
sequence_droop,1.0,1.0,pv_ld24_load_a,b1044,PositiveSequenceVoltVarWatt,NegativeSequenceAdmittanceDroop,GridCurrentTarget,LOCALLY_SOLVED,true,5000.0,6000.0,6000.0,4502.27534791258,-809.8384569736164,4510.521679164157,-785.0994632188902,0.0,242.77002571989263,245.4362182624854,0.17447424692296434,244.4423876094212,1.8005645842258813,0.007366008006364624,0.007365936141782948,4999.999999999979,-888.4775218842086,2.091837814077735e-11,497.7246520874196,0.9999999999999959,0.9045750691143578,6000.0,10.0,NaN,9.999705531585201,9.999705531585201,9.999705531585201,9.999705531585201,0.9999705531585201,NaN,6.264120859413075,3.966904528197732,-2.531841256777718,1.5963462002106257,2882.2683229244826,3.058181672737457,0.002,750.0,562.5,2.7174286351187713,2.7174286351187713,NaN,NaN,0.0002944699390973725
sequence_droop,1.0,1.0,pv_ld2804_load_c,b2443,PositiveSequenceVoltVarWatt,NegativeSequenceAdmittanceDroop,GridCurrentTarget,LOCALLY_SOLVED,true,5000.0,6000.0,6000.0,4525.924272865535,-816.8741538294453,4534.189232336965,-792.0792754151533,0.0,242.80494618284325,245.44948483790319,0.17773948183945984,244.45891810414017,1.7850884207849358,0.007302202082169419,0.007302130760459872,4999.999999999981,-891.7836208280352,1.9099388737231493e-11,474.0757271344646,0.9999999999999961,0.9092326774053335,6000.0,10.0,NaN,9.999705530904386,9.999705530904386,9.999705530904386,9.999705530904386,0.9999705530904386,NaN,6.296667126480304,3.9308666866022195,-2.5293064667312786,1.5880949921667404,2856.121083937507,3.0304385905175764,0.002,750.0,562.5,2.6927767817894446,2.6927767817894446,NaN,NaN,0.0002944706073278877
sequence_droop,1.0,1.0,pv_ld626_load_c,b2055,PositiveSequenceVoltVarWatt,NegativeSequenceAdmittanceDroop,GridCurrentTarget,LOCALLY_SOLVED,true,5000.0,6000.0,6000.0,4740.949986215213,-879.6342702392376,4749.456906947784,-854.1135080415254,0.0,243.08138275377965,245.51839742611594,0.2009921079211142,244.59430270014585,1.6565230696365287,0.006772533339287551,0.0067724665175168935,4999.999999999981,-918.8605400291552,1.9099388737231493e-11,259.05001378478664,0.9999999999999961,0.9516703028858275,6000.0,10.0,NaN,9.99970551838146,9.99970551838146,9.99970551838146,9.99970551838146,0.9999705518381459,NaN,6.593167250643935,3.639086490980957,-2.5409205911541206,1.5166770594823955,2644.322047498965,2.8057128332422807,0.002,750.0,562.5,2.493090735236819,2.493090735236819,NaN,NaN,0.00029448325847622676
sequence_droop,1.0,1.0,pv_ld868_load_a,b2190,PositiveSequenceVoltVarWatt,NegativeSequenceAdmittanceDroop,GridCurrentTarget,LOCALLY_SOLVED,true,5000.0,6000.0,6000.0,4581.787880917423,-833.9907593842867,4590.109217316725,-809.0267501863813,0.0,242.88391940292357,245.47514857801067,0.18464051998527636,244.49979397635283,1.7509389178516548,0.007161310401844345,0.007161240280672527,4999.999999999979,-899.9587952705502,2.091837814077735e-11,418.2121190825774,0.9999999999999959,0.92025082770889,6000.0,10.0,NaN,9.999705528923068,9.999705528923068,9.999705528923068,9.999705528923068,0.9999705528923067,NaN,6.373714087959921,3.8537442468703946,-2.5309264279411563,1.5688977244543796,2800.209814294526,2.971114890929414,0.002,750.0,562.5,2.640063131243709,2.640063131243709,NaN,NaN,0.00029447261356175267
unity,0.0,1.03,pv_ld1291_load_b,b828,AverageVoltageVoltVarWatt,NoUnbalanceControl,GridCurrentTarget,LOCALLY_SOLVED,true,0.0,6000.0,6000.0,5.483260298789279e-10,6.363047588896714e-10,5.483260298789332e-10,6.363047588896779e-10,0.0,248.66472883605934,252.35881232670286,0.1669829818094262,251.00610968672387,2.4617615739732535,0.00980757630579484,0.0,0.0,0.0,0.0,-5.483260298789279e-10,0.9999999999999993,0.9999738085979717,6000.0,10.0,NaN,1.1398806738870145e-12,1.1398806738870145e-12,1.1398806738870145e-12,1.1398806738870145e-12,1.1398806738870146e-13,NaN,1.1156801672207945e-12,3.426482258896927e-14,NaN,NaN,2.1391732712035547e-11,2.2698253870346323e-14,0.002,750.0,562.5,2.016913696930975e-14,2.016913696930975e-14,NaN,NaN,0.0
unity,0.0,1.03,pv_ld1446_load_c,b260,AverageVoltageVoltVarWatt,NoUnbalanceControl,GridCurrentTarget,LOCALLY_SOLVED,true,0.0,6000.0,6000.0,6.095185621291648e-10,6.831677616172926e-10,6.095185621291708e-10,6.831677616172999e-10,0.0,248.65228752397513,252.34029091536445,0.18374699497296365,250.97129162017094,2.4456491426281803,0.009744736646331305,0.0,0.0,0.0,0.0,-6.095185621291648e-10,0.9999999999999993,0.9999738085979717,6000.0,10.0,NaN,1.246797067481656e-12,1.246797067481656e-12,1.246797067481656e-12,1.246797067481656e-12,1.246797067481656e-13,NaN,1.216273666286377e-12,3.670547032597513e-14,NaN,NaN,2.1633438403200415e-11,2.2954774950426745e-14,0.002,750.0,562.5,2.0397075595303204e-14,2.0397075595303204e-14,NaN,NaN,0.0
unity,0.0,1.03,pv_ld1668_load_a,b605,AverageVoltageVoltVarWatt,NoUnbalanceControl,GridCurrentTarget,LOCALLY_SOLVED,true,0.0,6000.0,6000.0,5.365360326933342e-10,6.72430010527556e-10,5.365360326933394e-10,6.724300105275628e-10,0.0,248.66901529041763,252.3676998497412,0.1673861092253735,251.0098382279144,2.454370400540173,0.009777984870503877,0.0,0.0,0.0,0.0,-5.365360326933342e-10,0.9999999999999993,0.9999738085979717,6000.0,10.0,NaN,1.1745724179029476e-12,1.1745724179029476e-12,1.1745724179029476e-12,1.1745724179029476e-12,1.1745724179029476e-13,NaN,1.1426767867539282e-12,3.6932058798697845e-14,NaN,NaN,2.1489076910210047e-11,2.2801624498951777e-14,0.002,750.0,562.5,2.0260989689737325e-14,2.0260989689737325e-14,NaN,NaN,0.0
unity,0.0,1.03,pv_ld1895_load_b,b1804,AverageVoltageVoltVarWatt,NoUnbalanceControl,GridCurrentTarget,LOCALLY_SOLVED,true,0.0,6000.0,6000.0,7.710620587588651e-10,8.021248174512846e-10,7.710620587588727e-10,8.021248174512929e-10,0.0,248.61899413819947,252.28638882928573,0.2305659531553546,250.87560995131219,2.4035034320625233,0.009580458748177931,0.0,0.0,0.0,0.0,-7.710620587588651e-10,0.9999999999999993,0.9999738085979717,6000.0,10.0,NaN,1.5301364709347124e-12,1.5301364709347124e-12,1.5301364709347124e-12,1.5301364709347124e-12,1.5301364709347123e-13,NaN,1.4787619698958541e-12,5.128094764295943e-14,NaN,NaN,2.918315383441809e-11,3.096526237289505e-14,0.002,750.0,562.5,2.7515007174426523e-14,2.7515007174426523e-14,NaN,NaN,0.0
unity,0.0,1.03,pv_ld1970_load_c,b2492,AverageVoltageVoltVarWatt,NoUnbalanceControl,GridCurrentTarget,LOCALLY_SOLVED,true,0.0,6000.0,6000.0,8.151474706261105e-10,8.053689227408013e-10,8.151474706261186e-10,8.053689227408099e-10,0.0,248.60843129945576,252.26913798488445,0.24024263259709516,250.85192038939584,2.3990216012580214,0.009563497052500277,0.0,0.0,0.0,0.0,-8.151474706261105e-10,0.9999999999999993,0.9999738085979717,6000.0,10.0,NaN,1.5738156309548405e-12,1.5738156309548405e-12,1.5738156309548405e-12,1.5738156309548405e-12,1.5738156309548404e-13,NaN,1.5230986451380112e-12,5.109443365508068e-14,NaN,NaN,2.910434950155002e-11,3.0881653556676967e-14,0.002,750.0,562.5,2.7440714337815535e-14,2.7440714337815535e-14,NaN,NaN,0.0
unity,0.0,1.03,pv_ld2050_load_a,b1821,AverageVoltageVoltVarWatt,NoUnbalanceControl,GridCurrentTarget,LOCALLY_SOLVED,true,0.0,6000.0,6000.0,7.41526341872704e-10,7.713127178152803e-10,7.41526341872711e-10,7.713127178152882e-10,0.0,248.62469899168875,252.29629158961245,0.2207525215501037,250.89454702738126,2.413490369985602,0.009619540952885704,0.0,0.0,0.0,0.0,-7.41526341872704e-10,0.9999999999999993,0.9999738085979717,6000.0,10.0,NaN,1.4666190953427665e-12,1.4666190953427665e-12,1.4666190953427665e-12,1.4666190953427665e-12,1.4666190953427664e-13,NaN,1.4218877994336219e-12,4.614759082313721e-14,NaN,NaN,2.6137964868841044e-11,2.7734237427751442e-14,0.002,750.0,562.5,2.4643994054118004e-14,2.4643994054118004e-14,NaN,NaN,0.0
unity,0.0,1.03,pv_ld2186_load_b,b1754,AverageVoltageVoltVarWatt,NoUnbalanceControl,GridCurrentTarget,LOCALLY_SOLVED,true,0.0,6000.0,6000.0,8.231428375774424e-10,8.172249276879727e-10,8.231428375774505e-10,8.172249276879814e-10,0.0,248.60699481580355,252.26855584046524,0.2429891800289801,250.84771793129298,2.3958156653273823,0.00955087686300417,0.0,0.0,0.0,0.0,-8.231428375774424e-10,0.9999999999999993,0.9999738085979717,6000.0,10.0,NaN,1.5937289880703775e-12,1.5937289880703775e-12,1.5937289880703775e-12,1.5937289880703775e-12,1.5937289880703775e-13,NaN,1.5417703874276538e-12,5.1742558965629774e-14,NaN,NaN,2.929569363438258e-11,3.108466852074097e-14,0.002,750.0,562.5,2.7621108681821697e-14,2.7621108681821697e-14,NaN,NaN,0.0
unity,0.0,1.03,pv_ld248_load_b,b2560,AverageVoltageVoltVarWatt,NoUnbalanceControl,GridCurrentTarget,LOCALLY_SOLVED,true,0.0,6000.0,6000.0,5.788384508705288e-10,6.809022496823864e-10,5.788384508705343e-10,6.809022496823934e-10,0.0,248.65957258369767,252.3523608485912,0.1769293461472049,250.98772228648158,2.4488882024953944,0.009757003968904073,0.0,0.0,0.0,0.0,-5.788384508705288e-10,0.9999999999999993,0.9999738085979717,6000.0,10.0,NaN,1.2183214463318652e-12,1.2183214463318652e-12,1.2183214463318652e-12,1.2183214463318652e-12,1.2183214463318653e-13,NaN,1.1871733130081886e-12,3.662213917893046e-14,NaN,NaN,2.1357053025910117e-11,2.2661532441555018e-14,0.002,750.0,562.5,2.0136507167421415e-14,2.0136507167421415e-14,NaN,NaN,0.0
unity,0.0,1.03,pv_ld24_load_a,b1044,AverageVoltageVoltVarWatt,NoUnbalanceControl,GridCurrentTarget,LOCALLY_SOLVED,true,0.0,6000.0,6000.0,7.015378882126818e-10,7.538656021519459e-10,7.015378882126886e-10,7.538656021519536e-10,0.0,248.63344886772293,252.3092899889006,0.21072946651913038,250.91611928581176,2.4207516570548653,0.009647653024226205,0.0,0.0,0.0,0.0,-7.015378882126818e-10,0.9999999999999993,0.9999738085979717,6000.0,10.0,NaN,1.411821986587372e-12,1.411821986587372e-12,1.411821986587372e-12,1.411821986587372e-12,1.411821986587372e-13,NaN,1.3684136855491308e-12,4.5299961533042604e-14,NaN,NaN,2.5838580718249084e-11,2.7416586247960166e-14,0.002,750.0,562.5,2.4361736652721896e-14,2.4361736652721896e-14,NaN,NaN,0.0
unity,0.0,1.03,pv_ld2804_load_c,b2443,AverageVoltageVoltVarWatt,NoUnbalanceControl,GridCurrentTarget,LOCALLY_SOLVED,true,0.0,6000.0,6000.0,7.161157674330919e-10,7.549397865092092e-10,7.161157674330988e-10,7.549397865092169e-10,0.0,248.6299692434894,252.30357471486857,0.21394267464160505,250.90829716067367,2.419245548860115,0.009641951167963597,0.0,0.0,0.0,0.0,-7.161157674330919e-10,0.9999999999999993,0.9999738085979717,6000.0,10.0,NaN,1.4259196387713841e-12,1.4259196387713841e-12,1.4259196387713841e-12,1.4259196387713841e-12,1.425919638771384e-13,NaN,1.3827529160715114e-12,4.526817085426002e-14,NaN,NaN,2.5859690392478926e-11,2.743898425143205e-14,0.002,750.0,562.5,2.4381638994216707e-14,2.4381638994216707e-14,NaN,NaN,0.0
unity,0.0,1.03,pv_ld626_load_c,b2055,AverageVoltageVoltVarWatt,NoUnbalanceControl,GridCurrentTarget,LOCALLY_SOLVED,true,0.0,6000.0,6000.0,8.37485309271335e-10,8.237511596486624e-10,8.374853092713431e-10,8.237511596486711e-10,0.0,248.6037523640597,252.26344412497497,0.2467953476370286,250.83947084131754,2.3930488443535802,0.009540160630730387,0.0,0.0,0.0,0.0,-8.37485309271335e-10,0.9999999999999993,0.9999738085979717,6000.0,10.0,NaN,1.614538518732654e-12,1.614538518732654e-12,1.614538518732654e-12,1.614538518732654e-12,1.614538518732654e-13,NaN,1.5614813426346545e-12,5.266362229235945e-14,NaN,NaN,2.98534828506808e-11,3.1676497902629614e-14,0.002,750.0,562.5,2.814699441444047e-14,2.814699441444047e-14,NaN,NaN,0.0
unity,0.0,1.03,pv_ld868_load_a,b2190,AverageVoltageVoltVarWatt,NoUnbalanceControl,GridCurrentTarget,LOCALLY_SOLVED,true,0.0,6000.0,6000.0,7.527028161328725e-10,7.721360228846367e-10,7.527028161328797e-10,7.721360228846449e-10,0.0,248.62202674447659,252.2919139786233,0.22321375992054707,250.88854567505243,2.412343073654089,0.009615198123785708,0.0,0.0,0.0,0.0,-7.527028161328725e-10,0.9999999999999993,0.9999738085979717,6000.0,10.0,NaN,1.4775820878339496e-12,1.4775820878339496e-12,1.4775820878339496e-12,1.4775820878339496e-12,1.4775820878339496e-13,NaN,1.4330325726588453e-12,4.611711910350726e-14,NaN,NaN,2.6147441046312367e-11,2.7744292229689958e-14,0.002,750.0,562.5,2.4652928515713842e-14,2.4652928515713842e-14,NaN,NaN,0.0
mean_vv,0.0,1.03,pv_ld1291_load_b,b828,AverageVoltageVoltVarWatt,NoUnbalanceControl,GridCurrentTarget,LOCALLY_SOLVED,true,0.0,6000.0,6000.0,6.05245020768308e-10,-2191.8615432893034,1.2714221691313352,-2188.047276783745,0.0,248.61393297462362,252.29882331436235,0.16430186280976594,250.9531214518244,2.465439637497825,0.009824303532208173,0.0,0.0,-2191.953758050216,0.0,-6.05245020768308e-10,0.9999999999999991,0.9999738083601869,6000.0,10.0,NaN,2.911382453435766,2.911382453435766,2.911382453435766,2.911382453435766,0.2911382453435766,NaN,2.911382453435731,4.141254628867525e-14,0.0,1.0000000000000002,21.533513101879826,0.02284776701532169,0.002,750.0,562.5,0.020301990849478042,0.020301990849478042,NaN,NaN,7.625587782795285e-5
mean_vv,0.0,1.03,pv_ld1446_load_c,b260,AverageVoltageVoltVarWatt,NoUnbalanceControl,GridCurrentTarget,LOCALLY_SOLVED,true,0.0,6000.0,6000.0,6.721619788541133e-10,-2177.864291480628,1.2559355322461219,-2174.0964848859257,0.0,248.5653324106159,252.24756480202277,0.1802293997440149,250.88316244213934,2.452349091663514,0.009774865191397985,0.0,0.0,-2177.955936642119,0.0,-6.721619788541133e-10,0.999999999999999,0.9999738083622315,6000.0,10.0,NaN,2.893596990568504,2.893596990568504,2.893596990568504,2.893596990568504,0.28935969905685044,NaN,2.893596990568473,4.501147098295253e-14,0.0,1.0,21.288329854416695,0.02258761951000791,0.002,750.0,562.5,0.02007082986692543,0.02007082986692543,NaN,NaN,7.579002927803166e-5
mean_vv,0.0,1.03,pv_ld1668_load_a,b605,AverageVoltageVoltVarWatt,NoUnbalanceControl,GridCurrentTarget,LOCALLY_SOLVED,true,0.0,6000.0,6000.0,5.891988286155225e-10,-2187.1963146710605,1.2662505157022206,-2183.397563125742,0.0,248.5904330978042,252.283017536962,0.16384060016219326,250.92984754473488,2.460412546106198,0.009805180890916391,0.0,0.0,-2187.288339600555,0.0,-5.891988286155225e-10,0.9999999999999991,0.9999738083608694,6000.0,10.0,NaN,2.9054552312423456,2.9054552312423456,2.9054552312423456,2.9054552312423456,0.29054552312423454,NaN,2.9054552312423154,4.5103486558200995e-14,0.0,1.0,21.445855509329707,0.022754759420962372,0.002,750.0,562.5,0.02021934647865841,0.02021934647865841,NaN,NaN,7.610062810204243e-5
mean_vv,0.0,1.03,pv_ld1895_load_b,b1804,AverageVoltageVoltVarWatt,NoUnbalanceControl,GridCurrentTarget,LOCALLY_SOLVED,true,0.0,6000.0,6000.0,8.545247842661752e-10,-2140.3214007727997,1.2148247825728709,-2136.676926427664,0.0,248.43710839805664,252.10795180345968,0.2243744999473596,250.69550519811497,2.4184598136471926,0.009647001096952166,0.0,0.0,-2140.4115170352966,0.0,-8.545247842661752e-10,0.9999999999999991,0.9999738083676695,6000.0,10.0,NaN,2.845844668656779,2.845844668656779,2.845844668656779,2.845844668656779,0.2845844668656779,NaN,2.8458446686567513,6.249110593617994e-14,0.0,1.0,20.647682901129592,0.02190787198072536,0.002,750.0,562.5,0.01946682212690448,0.01946682212690448,NaN,NaN,7.4539269535373e-5
mean_vv,0.0,1.03,pv_ld1970_load_c,b2492,AverageVoltageVoltVarWatt,NoUnbalanceControl,GridCurrentTarget,LOCALLY_SOLVED,true,0.0,6000.0,6000.0,9.045715565481061e-10,-2135.0462323856973,1.2090984900651243,-2131.4189369182354,0.0,248.42378809721555,252.08787117400433,0.23423293146273033,250.66911010920984,2.4142257739629556,0.009631125960877835,0.0,0.0,-2135.1361336953296,0.0,-9.045715565481061e-10,0.999999999999999,0.9999738083684281,6000.0,10.0,NaN,2.839129548718008,2.839129548718008,2.839129548718008,2.839129548718008,0.2839129548718008,NaN,2.8391295487179815,6.230878329306786e-14,0.0,1.0,20.562899196448846,0.021817913676101218,0.002,750.0,562.5,0.01938688728355243,0.01938688728355243,NaN,NaN,7.43633828140076e-5
mean_vv,0.0,1.03,pv_ld2050_load_a,b1821,AverageVoltageVoltVarWatt,NoUnbalanceControl,GridCurrentTarget,LOCALLY_SOLVED,true,0.0,6000.0,6000.0,8.20957885006024e-10,-2148.955585974068,1.2242244275714655,-2145.2829126938364,0.0,248.4678418406244,252.1403237118957,0.2153646309884963,250.7386563118474,2.4262186109615316,0.009676284648921495,0.0,0.0,-2149.0460540054523,0.0,-8.20957885006024e-10,0.999999999999999,0.9999738083664249,6000.0,10.0,NaN,2.856833243004751,2.856833243004751,2.856833243004751,2.856833243004751,0.2856833243004751,NaN,2.8568332430047265,5.6366513511960163e-14,0.0,1.0,20.79390594781608,0.022063019451885917,0.002,750.0,562.5,0.019604682537408012,0.019604682537408012,NaN,NaN,7.482708932231486e-5
mean_vv,0.0,1.03,pv_ld2186_load_b,b1754,AverageVoltageVoltVarWatt,NoUnbalanceControl,GridCurrentTarget,LOCALLY_SOLVED,true,0.0,6000.0,6000.0,9.128982292327947e-10,-2132.5331900932065,1.2063746569448714,-2128.91406612513,0.0,248.41379798381206,252.0795772275308,0.23664302198866935,250.65655791695485,2.411793366462266,0.00962190411655345,0.0,0.0,-2132.6229889836018,0.0,-9.128982292327947e-10,0.999999999999999,0.999973808368789,6000.0,10.0,NaN,2.835929778199749,2.835929778199749,2.835929778199749,2.835929778199749,0.2835929778199749,NaN,2.8359297781997204,6.314994538405026e-14,0.0,1.0000000000000002,20.519029880489455,0.02177136688620134,0.002,750.0,562.5,0.019345526895817988,0.019345526895817988,NaN,NaN,7.427957238209774e-5
mean_vv,0.0,1.03,pv_ld248_load_b,b2560,AverageVoltageVoltVarWatt,NoUnbalanceControl,GridCurrentTarget,LOCALLY_SOLVED,true,0.0,6000.0,6000.0,6.374241412476778e-10,-2181.5291660725425,1.2599818254723818,-2177.749220598057,0.0,248.57457240967747,252.26163392748353,0.1733389609893886,250.90150030150107,2.4554470349045623,0.009786498015970103,0.0,0.0,-2181.6209603878997,0.0,-6.374241412476778e-10,0.9999999999999991,0.9999738083616972,6000.0,10.0,NaN,2.898254445736785,2.898254445736785,2.898254445736785,2.898254445736785,0.2898254445736785,NaN,2.8982544457367543,4.4749146898438375e-14,0.0,1.0,21.349530855584067,0.022652555789061005,0.002,750.0,562.5,0.02012853072417993,0.02012853072417993,NaN,NaN,7.591202040061407e-5
mean_vv,0.0,1.03,pv_ld24_load_a,b1044,AverageVoltageVoltVarWatt,NoUnbalanceControl,GridCurrentTarget,LOCALLY_SOLVED,true,0.0,6000.0,6000.0,7.762887554996212e-10,-2155.839409360212,1.23174202359814,-2152.1441832917662,0.0,248.48978931570937,252.16541069981514,0.20565003370809992,250.77307326731417,2.432322469435497,0.009699296809441487,0.0,0.0,-2155.930157781189,0.0,-7.762887554996212e-10,0.999999999999999,0.9999738083654296,6000.0,10.0,NaN,2.865591297704427,2.865591297704427,2.865591297704427,2.865591297704427,0.28655912977044273,NaN,2.865591297704402,5.537052228113482e-14,0.0,1.0,20.910126304916098,0.02218633308068842,0.002,750.0,562.5,0.01971425614089782,0.01971425614089782,NaN,NaN,7.505648593321044e-5
mean_vv,0.0,1.03,pv_ld2804_load_c,b2443,AverageVoltageVoltVarWatt,NoUnbalanceControl,GridCurrentTarget,LOCALLY_SOLVED,true,0.0,6000.0,6000.0,7.927252604345014e-10,-2154.096381471752,1.229836608069093,-2150.4068716499423,0.0,248.4853908609757,252.15875416880704,0.20891416151975178,250.76435174410275,2.430892305429669,0.009693930929665471,0.0,0.0,-2154.187058903503,0.0,-7.927252604345014e-10,0.9999999999999991,0.9999738083656817,6000.0,10.0,NaN,2.863374008957965,2.863374008957965,2.863374008957965,2.863374008957965,0.2863374008957965,NaN,2.863374008957939,5.550188416140969e-14,0.0,1.0,20.881661537870304,0.022156131024826296,0.002,750.0,562.5,0.019687419301160393,0.019687419301160393,NaN,NaN,7.499840928042019e-5
mean_vv,0.0,1.03,pv_ld626_load_c,b2055,AverageVoltageVoltVarWatt,NoUnbalanceControl,GridCurrentTarget,LOCALLY_SOLVED,true,0.0,6000.0,6000.0,9.289877894724796e-10,-2129.866521517198,1.2034875008219703,-2126.2560590175385,0.0,248.40531843181813,252.0696838886438,0.24032841547501904,250.64322504773088,2.4095024602840356,0.009613275841887151,0.0,0.0,-2129.956211722729,0.0,-9.289877894724796e-10,0.999999999999999,0.9999738083691723,6000.0,10.0,NaN,2.8325342009033236,2.8325342009033236,2.8325342009033236,2.8325342009033236,0.2832534200903324,NaN,2.8325342009032948,6.422817925319103e-14,0.0,1.0,20.474994377790626,0.02172464376669437,0.002,750.0,562.5,0.019304009825722977,0.019304009825722977,NaN,NaN,7.419063325786735e-5
mean_vv,0.0,1.03,pv_ld868_load_a,b2190,AverageVoltageVoltVarWatt,NoUnbalanceControl,GridCurrentTarget,LOCALLY_SOLVED,true,0.0,6000.0,6000.0,8.334045259461575e-10,-2147.618661369375,1.222766897817978,-2143.950360678441,0.0,248.46446716590924,252.13522607640454,0.21786690677464884,250.73196680225445,2.425130965720183,0.009672204931223703,0.0,0.0,-2147.709074940521,0.0,-8.334045259461575e-10,0.9999999999999991,0.9999738083666173,6000.0,10.0,NaN,2.855132100837069,2.855132100837069,2.855132100837069,2.855132100837069,0.2855132100837069,NaN,2.8551321008370443,5.639707697983846e-14,0.0,1.0,20.772207806925984,0.022039997009362246,0.002,750.0,562.5,0.01958422533399138,0.01958422533399138,NaN,NaN,7.478253191341168e-5
mean_vv_vw,0.0,1.03,pv_ld1291_load_b,b828,AverageVoltageVoltVarWatt,NoUnbalanceControl,GridCurrentTarget,LOCALLY_SOLVED,true,0.0,6000.0,6000.0,6.052016526814086e-10,-2191.8615432892993,1.2714221691311618,-2188.047276783741,0.0,248.61393297462354,252.29882331436232,0.16430186280976594,250.9531214518244,2.465439637497833,0.009824303532208206,0.0,0.0,-2191.953758050216,0.0,-6.052016526814086e-10,0.999999999999999,0.9999738083601869,6000.0,10.0,NaN,2.91138245343576,2.91138245343576,2.91138245343576,2.91138245343576,0.291138245343576,NaN,2.9113824534357255,4.145862235608809e-14,0.0,1.0000000000000002,21.533513101879834,0.022847767015321787,0.002,750.0,562.5,0.02030199084947813,0.02030199084947813,NaN,NaN,7.625587782857023e-5
mean_vv_vw,0.0,1.03,pv_ld1446_load_c,b260,AverageVoltageVoltVarWatt,NoUnbalanceControl,GridCurrentTarget,LOCALLY_SOLVED,true,0.0,6000.0,6000.0,6.724221873755098e-10,-2177.8642914806273,1.2559355322464687,-2174.096484885925,0.0,248.5653324106159,252.24756480202277,0.1802293997440149,250.88316244213934,2.452349091663528,0.00977486519139804,0.0,0.0,-2177.955936642119,0.0,-6.724221873755098e-10,0.999999999999999,0.9999738083622315,6000.0,10.0,NaN,2.8935969905685037,2.8935969905685037,2.8935969905685037,2.8935969905685037,0.2893596990568504,NaN,2.893596990568472,4.48871801605665e-14,0.0,1.0,21.288329854416787,0.022587619510008226,0.002,750.0,562.5,0.020070829866925714,0.020070829866925714,NaN,NaN,7.579002927848005e-5
mean_vv_vw,0.0,1.03,pv_ld1668_load_a,b605,AverageVoltageVoltVarWatt,NoUnbalanceControl,GridCurrentTarget,LOCALLY_SOLVED,true,0.0,6000.0,6000.0,5.89242196702422e-10,-2187.1963146710623,1.2662505157022639,-2183.397563125744,0.0,248.59043309780418,252.28301753696203,0.1638406001622073,250.9298475447349,2.4604125461061983,0.009805180890916393,0.0,0.0,-2187.288339600555,0.0,-5.89242196702422e-10,0.9999999999999991,0.9999738083608692,6000.0,10.0,NaN,2.905455231242348,2.905455231242348,2.905455231242348,2.905455231242348,0.29054552312423476,NaN,2.905455231242318,4.486372955320546e-14,0.0,1.0,21.445855509329384,0.022754759420962254,0.002,750.0,562.5,0.020219346478658303,0.020219346478658303,NaN,NaN,7.610062810159872e-5
mean_vv_vw,0.0,1.03,pv_ld1895_load_b,b1804,AverageVoltageVoltVarWatt,NoUnbalanceControl,GridCurrentTarget,LOCALLY_SOLVED,true,0.0,6000.0,6000.0,8.546548885268734e-10,-2140.3214007728047,1.214824782573001,-2136.6769264276695,0.0,248.4371083980566,252.1079518034597,0.22437449994736366,250.69550519811497,2.418459813647207,0.009647001096952223,0.0,0.0,-2140.4115170353,0.0,-8.546548885268734e-10,0.999999999999999,0.9999738083676694,6000.0,10.0,NaN,2.8458446686567855,2.8458446686567855,2.8458446686567855,2.8458446686567855,0.28458446686567856,NaN,2.845844668656758,6.226999956761627e-14,0.0,1.0,20.647682901129738,0.021907871980725364,0.002,750.0,562.5,0.019466822126904485,0.019466822126904485,NaN,NaN,7.453926953030565e-5
mean_vv_vw,0.0,1.03,pv_ld1970_load_c,b2492,AverageVoltageVoltVarWatt,NoUnbalanceControl,GridCurrentTarget,LOCALLY_SOLVED,true,0.0,6000.0,6000.0,9.044848203743072e-10,-2135.046232385697,1.2090984900650377,-2131.4189369182345,0.0,248.42378809721555,252.08787117400433,0.23423293146273033,250.66911010920984,2.4142257739629565,0.00963112596087784,0.0,0.0,-2135.1361336953296,0.0,-9.044848203743072e-10,0.999999999999999,0.9999738083684278,6000.0,10.0,NaN,2.8391295487180073,2.8391295487180073,2.8391295487180073,2.8391295487180073,0.28391295487180074,NaN,2.8391295487179806,6.235642074658343e-14,0.0,1.0,20.562899196448885,0.021817913676101326,0.002,750.0,562.5,0.019386887283552527,0.019386887283552527,NaN,NaN,7.43633828147936e-5
mean_vv_vw,0.0,1.03,pv_ld2050_load_a,b1821,AverageVoltageVoltVarWatt,NoUnbalanceControl,GridCurrentTarget,LOCALLY_SOLVED,true,0.0,6000.0,6000.0,8.208277807453257e-10,-2148.9555859740744,1.2242244275714222,-2145.2829126938423,0.0,248.4678418406244,252.1403237118957,0.21536463098850012,250.7386563118474,2.426218610961547,0.009676284648921557,0.0,0.0,-2149.046054005455,0.0,-8.208277807453257e-10,0.9999999999999991,0.9999738083664247,6000.0,10.0,NaN,2.8568332430047594,2.8568332430047594,2.8568332430047594,2.8568332430047594,0.28568332430047594,NaN,2.8568332430047345,5.632744891465235e-14,0.0,1.0,20.7939059478162,0.022063019451886077,0.002,750.0,562.5,0.019604682537408154,0.019604682537408154,NaN,NaN,7.482708931950445e-5
mean_vv_vw,0.0,1.03,pv_ld2186_load_b,b1754,AverageVoltageVoltVarWatt,NoUnbalanceControl,GridCurrentTarget,LOCALLY_SOLVED,true,0.0,6000.0,6000.0,9.125512845375994e-10,-2132.5331900931997,1.206374656944568,-2128.914066125123,0.0,248.41379798381206,252.0795772275308,0.2366430219886893,250.65655791695488,2.4117933664622813,0.009621904116553509,0.0,0.0,-2132.622988983605,0.0,-9.125512845375994e-10,0.999999999999999,0.9999738083687895,6000.0,10.0,NaN,2.8359297781997395,2.8359297781997395,2.8359297781997395,2.8359297781997395,0.28359297781997395,NaN,2.8359297781997115,6.311725486061509e-14,0.0,1.0,20.519029880489274,0.021771366886201245,0.002,750.0,562.5,0.019345526895817904,0.019345526895817904,NaN,NaN,7.427957237598211e-5
mean_vv_vw,0.0,1.03,pv_ld248_load_b,b2560,AverageVoltageVoltVarWatt,NoUnbalanceControl,GridCurrentTarget,LOCALLY_SOLVED,true,0.0,6000.0,6000.0,6.372940369869795e-10,-2181.5291660725497,1.2599818254721216,-2177.7492205980657,0.0,248.57457240967747,252.26163392748353,0.17333896098939186,250.9015003015011,2.455447034904563,0.009786498015970105,0.0,0.0,-2181.6209603879024,0.0,-6.372940369869795e-10,0.999999999999999,0.9999738083616972,6000.0,10.0,NaN,2.8982544457367956,2.8982544457367956,2.8982544457367956,2.8982544457367956,0.28982544457367954,NaN,2.898254445736765,4.492505093200178e-14,0.0,1.0000000000000002,21.349530855584113,0.022652555789061064,0.002,750.0,562.5,0.020128530724179982,0.020128530724179982,NaN,NaN,7.591202039706002e-5
mean_vv_vw,0.0,1.03,pv_ld24_load_a,b1044,AverageVoltageVoltVarWatt,NoUnbalanceControl,GridCurrentTarget,LOCALLY_SOLVED,true,0.0,6000.0,6000.0,7.760285469782247e-10,-2155.8394093602246,1.2317420235979233,-2152.1441832917785,0.0,248.48978931570943,252.16541069981514,0.20565003370810364,250.77307326731417,2.4323224694354977,0.009699296809441491,0.0,0.0,-2155.9301577811902,0.0,-7.760285469782247e-10,0.999999999999999,0.9999738083654296,6000.0,10.0,NaN,2.8655912977044435,2.8655912977044435,2.8655912977044435,2.8655912977044435,0.28655912977044434,NaN,2.865591297704418,5.53183928766035e-14,0.0,1.0,20.91012630491644,0.02218633308068869,0.002,750.0,562.5,0.01971425614089806,0.01971425614089806,NaN,NaN,7.505648593087755e-5
mean_vv_vw,0.0,1.03,pv_ld2804_load_c,b2443,AverageVoltageVoltVarWatt,NoUnbalanceControl,GridCurrentTarget,LOCALLY_SOLVED,true,0.0,6000.0,6000.0,7.929854689558979e-10,-2154.0963814717647,1.2298366080693532,-2150.406871649955,0.0,248.48539086097574,252.15875416880704,0.20891416151976758,250.76435174410275,2.430892305429676,0.009693930929665497,0.0,0.0,-2154.1870589035075,0.0,-7.929854689558979e-10,0.9999999999999991,0.9999738083656817,6000.0,10.0,NaN,2.863374008957982,2.863374008957982,2.863374008957982,2.863374008957982,0.28633740089579823,NaN,2.863374008957956,5.484256217946319e-14,0.0,1.0,20.88166153786998,0.02215613102482605,0.002,750.0,562.5,0.019687419301160174,0.019687419301160174,NaN,NaN,7.499840928044275e-5
mean_vv_vw,0.0,1.03,pv_ld626_load_c,b2055,AverageVoltageVoltVarWatt,NoUnbalanceControl,GridCurrentTarget,LOCALLY_SOLVED,true,0.0,6000.0,6000.0,9.290745256462785e-10,-2129.8665215172014,1.2034875008221873,-2126.2560590175417,0.0,248.40531843181816,252.0696838886438,0.24032841547502312,250.64322504773088,2.4095024602840365,0.009613275841887155,0.0,0.0,-2129.956211722731,0.0,-9.290745256462785e-10,0.9999999999999991,0.9999738083691725,6000.0,10.0,NaN,2.8325342009033276,2.8325342009033276,2.8325342009033276,2.8325342009033276,0.2832534200903328,NaN,2.8325342009032983,6.422038558273083e-14,0.0,1.0,20.474994377790857,0.02172464376669446,0.002,750.0,562.5,0.01930400982572306,0.01930400982572306,NaN,NaN,7.419063325540496e-5
mean_vv_vw,0.0,1.03,pv_ld868_load_a,b2190,AverageVoltageVoltVarWatt,NoUnbalanceControl,GridCurrentTarget,LOCALLY_SOLVED,true,0.0,6000.0,6000.0,8.336213663806546e-10,-2147.6186613693767,1.222766897818195,-2143.950360678443,0.0,248.46446716590924,252.13522607640456,0.21786690677465265,250.73196680225445,2.4251309657201974,0.00967220493122376,0.0,0.0,-2147.709074940521,0.0,-8.336213663806546e-10,0.9999999999999991,0.9999738083666176,6000.0,10.0,NaN,2.855132100837071,2.855132100837071,2.855132100837071,2.855132100837071,0.2855132100837071,NaN,2.8551321008370465,5.639707697983846e-14,0.0,1.0,20.772207806926065,0.02203999700936229,0.002,750.0,562.5,0.01958422533399142,0.01958422533399142,NaN,NaN,7.478253191200525e-5
worst_vv_vw,0.0,1.03,pv_ld1291_load_b,b828,WorstPhaseVoltVarWatt,NoUnbalanceControl,GridCurrentTarget,LOCALLY_SOLVED,true,0.0,6000.0,6000.0,6.170411404049503e-10,-2458.3675631446017,1.5994839332953912,-2453.5691113465896,0.0,248.60766457116256,252.29135981988088,0.16401983310381307,250.9465624228876,2.4658908185271855,0.009826358228297786,0.0,0.0,-2458.470992342626,0.0,-6.170411404049503e-10,0.999999999999999,0.9999738083172447,6000.0,10.0,NaN,3.2654595722296205,3.2654595722296205,3.2654595722296205,3.2654595722296205,0.32654595722296204,NaN,3.265459572228014,1.3924699167456999e-13,0.0,1.0,24.156800332374424,0.02563116121454218,0.002,750.0,562.5,0.022775249769055175,0.022775249769055175,NaN,NaN,0.0009508173944141623
worst_vv_vw,0.0,1.03,pv_ld1446_load_c,b260,WorstPhaseVoltVarWatt,NoUnbalanceControl,GridCurrentTarget,LOCALLY_SOLVED,true,0.0,6000.0,6000.0,6.862566070964249e-10,-2447.242812143719,1.5859839215754628,-2442.484860381074,0.0,248.5542407379471,252.23572932318237,0.17986253947007755,250.87191583444726,2.4532022249517293,0.009778704072123483,0.0,0.0,-2447.345796422255,0.0,-6.862566070964249e-10,0.9999999999999989,0.999973808319004,6000.0,10.0,NaN,3.2516497565500084,3.2516497565500084,3.2516497565500084,3.2516497565500084,0.32516497565500085,NaN,3.251649756548378,1.5132124834672614e-13,0.0,1.0,23.930863252677913,0.025391434527465777,0.002,750.0,562.5,0.022562234247488582,0.022562234247488582,NaN,NaN,0.0008761213271333982
worst_vv_vw,0.0,1.03,pv_ld1668_load_a,b605,WorstPhaseVoltVarWatt,NoUnbalanceControl,GridCurrentTarget,LOCALLY_SOLVED,true,0.0,6000.0,6000.0,6.005178992962712e-10,-2454.5423017258468,1.5948520341748424,-2449.7577456251465,0.0,248.58043555436646,252.2722312019758,0.16347075669393435,250.91966423371704,2.461179589987139,0.00980863575401047,0.0,0.0,-2454.6455783421543,0.0,-6.005178992962712e-10,0.999999999999999,0.9999738083178479,6000.0,10.0,NaN,3.260727969412036,3.260727969412036,3.260727969412036,3.260727969412036,0.3260727969412036,NaN,3.260727969410402,1.3209822190162992e-13,0.0,1.0,24.07571138052222,0.025545123164426167,0.002,750.0,562.5,0.02269879837207661,0.02269879837207661,NaN,NaN,0.0009290316993919444
worst_vv_vw,0.0,1.03,pv_ld1895_load_b,b1804,WorstPhaseVoltVarWatt,NoUnbalanceControl,GridCurrentTarget,LOCALLY_SOLVED,true,0.0,6000.0,6000.0,8.738235829364172e-10,-2417.104723251575,1.5496256299088549,-2412.4558463644917,0.0,248.41373245499025,252.08502039725533,0.22372838145086146,250.67235814387325,2.4203884121773673,0.009655585602255302,0.0,0.0,-2417.2065004305086,0.0,-8.738235829364172e-10,0.999999999999999,0.9999738083237434,6000.0,10.0,NaN,3.2141620256158507,3.2141620256158507,3.2141620256158507,3.2141620256158507,0.3214162025615851,NaN,3.214162025614164,1.914016232263247e-13,0.0,1.0,23.338561565083126,0.024762982918250097,0.002,750.0,562.5,0.02200380686108008,0.02200380686108008,NaN,NaN,0.0007606188988782776
worst_vv_vw,0.0,1.03,pv_ld1970_load_c,b2492,WorstPhaseVoltVarWatt,NoUnbalanceControl,GridCurrentTarget,LOCALLY_SOLVED,true,0.0,6000.0,6000.0,9.249545573908335e-10,-2413.014224438842,1.5447148653275917,-2408.380079845657,0.0,248.40004656983555,252.0645653693909,0.23360664212466206,250.64560512623666,2.4161870509013146,0.00963985404684998,0.0,0.0,-2413.1158375756318,0.0,-9.249545573908335e-10,0.9999999999999989,0.9999738083243839,6000.0,10.0,NaN,3.209065143624867,3.209065143624867,3.209065143624867,3.209065143624867,0.3209065143624867,NaN,3.2090651436231847,2.0306259530992218e-13,0.0,1.0000000000000002,23.261104936681114,0.024680798883013912,0.002,750.0,562.5,0.02193078005149211,0.02193078005149211,NaN,NaN,0.0007480827162009208
worst_vv_vw,0.0,1.03,pv_ld2050_load_a,b1821,WorstPhaseVoltVarWatt,NoUnbalanceControl,GridCurrentTarget,LOCALLY_SOLVED,true,0.0,6000.0,6000.0,8.38608696374088e-10,-2424.1475860524065,1.5580946486245129,-2419.473302109072,0.0,248.44763780393828,252.12023905893426,0.21480243176092612,250.71857676178354,2.427861212006972,0.00968361117618248,0.0,0.0,-2424.2496455662317,0.0,-8.38608696374088e-10,0.9999999999999989,0.9999738083226396,6000.0,10.0,NaN,3.222933082134461,3.222933082134461,3.222933082134461,3.222933082134461,0.3222933082134461,NaN,3.2229330821327897,1.829163943006317e-13,0.0,1.0000000000000002,23.47450265712096,0.02490722089669745,0.002,750.0,562.5,0.02213197335177572,0.02213197335177572,NaN,NaN,0.0007793034612097722
worst_vv_vw,0.0,1.03,pv_ld2186_load_b,b1754,WorstPhaseVoltVarWatt,NoUnbalanceControl,GridCurrentTarget,LOCALLY_SOLVED,true,0.0,6000.0,6000.0,9.334980705100193e-10,-2411.1309420879334,1.5424740359343703,-2406.503519982953,0.0,248.3888120444946,252.0551477917143,0.23597912714193917,250.63183865185584,2.413867232443153,0.00963112765491927,0.0,0.0,-2411.2324801346444,0.0,-9.334980705100193e-10,0.999999999999999,0.9999738083246764,6000.0,10.0,NaN,3.2067366953571304,3.2067366953571304,3.2067366953571304,3.2067366953571304,0.320673669535713,NaN,3.206736695355441,2.0330150535407458e-13,0.0,1.0000000000000002,23.22190989609202,0.024639211653317623,0.002,750.0,562.5,0.021893826612839527,0.021893826612839527,NaN,NaN,0.0007429156930076762
worst_vv_vw,0.0,1.03,pv_ld248_load_b,b2560,WorstPhaseVoltVarWatt,NoUnbalanceControl,GridCurrentTarget,LOCALLY_SOLVED,true,0.0,6000.0,6000.0,6.501309907092079e-10,-2450.1067767010068,1.5894627621970692,-2445.338388416388,0.0,248.56372781603636,252.2500508868932,0.17296438502110767,250.89049452606957,2.4562823250390275,0.009790256620438842,0.0,0.0,-2450.2098757373597,0.0,-6.501309907092079e-10,0.9999999999999989,0.999973808318551,6000.0,10.0,NaN,3.255214034487395,3.255214034487395,3.255214034487395,3.255214034487395,0.32552140344873953,NaN,3.2552140344857614,1.4270016199224414e-13,0.0,1.0,23.987174091467693,0.02545118218308605,0.002,750.0,562.5,0.022615324615438637,0.022615324615438637,NaN,NaN,0.0008956868083974922
worst_vv_vw,0.0,1.03,pv_ld24_load_a,b1044,WorstPhaseVoltVarWatt,NoUnbalanceControl,GridCurrentTarget,LOCALLY_SOLVED,true,0.0,6000.0,6000.0,7.930722051296968e-10,-2429.4962852212466,1.5645262993530493,-2424.8027063255904,0.0,248.471397145358,252.14698584352345,0.20512129708321036,250.75475679461928,2.4338058821846995,0.009705921089178414,0.0,0.0,-2429.598558770525,0.0,-7.930722051296968e-10,0.999999999999999,0.999973808321801,6000.0,10.0,NaN,3.2295781959480783,3.2295781959480783,3.2295781959480783,3.2295781959480783,0.32295781959480785,NaN,3.2295781959464134,1.7415634166918362e-13,0.0,1.0,23.580499230913777,0.02501968675449706,0.002,750.0,562.5,0.022231907879924365,0.022231907879924365,NaN,NaN,0.0007991344987785913
worst_vv_vw,0.0,1.03,pv_ld2804_load_c,b2443,WorstPhaseVoltVarWatt,NoUnbalanceControl,GridCurrentTarget,LOCALLY_SOLVED,true,0.0,6000.0,6000.0,8.101592313680683e-10,-2428.1407336456623,1.5628910833684253,-2423.45206039801,0.0,248.4668793498386,252.14020725246613,0.20839092558093436,250.7459186404597,2.4323855702320265,0.009700598850902067,0.0,0.0,-2428.2429528524553,0.0,-8.101592313680683e-10,0.9999999999999989,0.999973808322014,6000.0,10.0,NaN,3.2278900048998476,3.2278900048998476,3.2278900048998476,3.2278900048998476,0.32278900048998477,NaN,3.227890004898184,1.7843760347023865e-13,0.0,1.0,23.554419210738057,0.024992014993651168,0.002,750.0,562.5,0.02220731940109816,0.02220731940109816,NaN,NaN,0.000793524112382608
worst_vv_vw,0.0,1.03,pv_ld626_load_c,b2055,WorstPhaseVoltVarWatt,NoUnbalanceControl,GridCurrentTarget,LOCALLY_SOLVED,true,0.0,6000.0,6000.0,9.49977943531799e-10,-2409.026410168159,1.5399546197334464,-2404.406546311831,0.0,248.3796418676726,252.04462382532193,0.23965168867544803,250.61783540369112,2.4116396807946265,0.009622777552563236,0.0,0.0,-2409.1278638732756,0.0,-9.49977943531799e-10,0.999999999999999,0.9999738083250046,6000.0,10.0,NaN,3.2041167465050373,3.2041167465050373,3.2041167465050373,3.2041167465050373,0.32041167465050374,NaN,3.204116746503345,2.072758353244836e-13,0.0,1.0,23.181525263417488,0.02459636222721697,0.002,750.0,562.5,0.021855751616013032,0.021855751616013032,NaN,NaN,0.0007378088535712639
worst_vv_vw,0.0,1.03,pv_ld868_load_a,b2190,WorstPhaseVoltVarWatt,NoUnbalanceControl,GridCurrentTarget,LOCALLY_SOLVED,true,0.0,6000.0,6000.0,8.520094352260088e-10,-2423.109327206939,1.556844470697186,-2418.438793797426,0.0,248.44417097673025,252.11504712468053,0.21730917755186585,250.71179712822158,2.426781375561276,0.009679565953253276,0.0,0.0,-2423.211345092296,0.0,-8.520094352260088e-10,0.9999999999999989,0.9999738083228024,6000.0,10.0,NaN,3.221639820388323,3.221639820388323,3.221639820388323,3.221639820388323,0.32216398203883234,NaN,3.2216398203866534,1.8624065162905557e-13,0.0,1.0,23.45464654475253,0.024886152907137474,0.002,750.0,562.5,0.022113252829504257,0.022113252829504257,NaN,NaN,0.0007755182904621867
sequence_vv_vw,0.0,1.03,pv_ld1291_load_b,b828,PositiveSequenceVoltVarWatt,NoUnbalanceControl,GridCurrentTarget,LOCALLY_SOLVED,true,0.0,6000.0,6000.0,6.034669292054318e-10,-2190.538553384509,1.26988746708143,-2186.728890985096,0.0,248.61396375773725,252.29885964879114,0.1643032362198699,250.9531535623797,2.465437417951654,0.009824293430681346,0.0,0.0,-2190.630712475991,0.0,-6.034669292054318e-10,0.9999999999999991,0.9999738083603895,6000.0,10.0,NaN,2.9096247942281446,2.9096247942281446,2.9096247942281446,2.9096247942281446,0.29096247942281445,NaN,2.909624794228117,4.152513989685962e-14,0.0,1.0000000000000002,21.520493519701187,0.02283395280958366,0.002,750.0,562.5,0.020289715869682503,0.020289715869682503,NaN,NaN,7.620984002093007e-5
sequence_vv_vw,0.0,1.03,pv_ld1446_load_c,b260,PositiveSequenceVoltVarWatt,NoUnbalanceControl,GridCurrentTarget,LOCALLY_SOLVED,true,0.0,6000.0,6000.0,6.699502064222429e-10,-2176.551569551023,1.2544214082976357,-2172.7883053281603,0.0,248.5653850499628,252.2476209310104,0.18023117913878373,250.88321579728796,2.4523450451161803,0.009774846983377555,0.0,0.0,-2176.643159457648,0.0,-6.699502064222429e-10,0.9999999999999991,0.9999738083624314,6000.0,10.0,NaN,2.891852241070442,2.891852241070442,2.891852241070442,2.891852241070442,0.28918522410704417,NaN,2.891852241070419,4.5081362891106174e-14,0.0,1.0,21.27545854382564,0.022573962625310483,0.002,750.0,562.5,0.020058694678923312,0.020058694678923312,NaN,NaN,7.574432960114447e-5
sequence_vv_vw,0.0,1.03,pv_ld1668_load_a,b605,PositiveSequenceVoltVarWatt,NoUnbalanceControl,GridCurrentTarget,LOCALLY_SOLVED,true,0.0,6000.0,6000.0,5.873340008788475e-10,-2185.8872089046163,1.264734700449433,-2182.093004805051,0.0,248.5904805852936,252.2830687195956,0.16384239317473762,250.9298958937022,2.4604089040026893,0.009805164487235736,0.0,0.0,-2185.9791787404824,0.0,-5.873340008788475e-10,0.9999999999999991,0.9999738083610695,6000.0,10.0,NaN,2.903715665444409,2.903715665444409,2.903715665444409,2.903715665444409,0.2903715665444409,NaN,2.903715665444386,4.535134672871782e-14,0.0,1.0,21.432983633888902,0.022741101936940605,0.002,750.0,562.5,0.02020721075811071,0.02020721075811071,NaN,NaN,7.605506421418417e-5
sequence_vv_vw,0.0,1.03,pv_ld1895_load_b,b1804,PositiveSequenceVoltVarWatt,NoUnbalanceControl,GridCurrentTarget,LOCALLY_SOLVED,true,0.0,6000.0,6000.0,8.514022820094169e-10,-2139.0327509691324,1.213361319930351,-2135.392667011915,0.0,248.43721833599542,252.10805966696142,0.2243776214403284,250.695614064721,2.418450749024743,0.009646960749781533,0.0,0.0,-2139.1228129442434,0.0,-8.514022820094169e-10,0.999999999999999,0.999973808367863,6000.0,10.0,NaN,2.844130000637523,2.844130000637523,2.844130000637523,2.844130000637523,0.2844130000637523,NaN,2.844130000637488,6.278804337478255e-14,0.0,1.0,20.63516499114087,0.0218945900657126,0.002,750.0,562.5,0.01945502012818523,0.01945502012818523,NaN,NaN,7.449435781675529e-5
sequence_vv_vw,0.0,1.03,pv_ld1970_load_c,b2492,PositiveSequenceVoltVarWatt,NoUnbalanceControl,GridCurrentTarget,LOCALLY_SOLVED,true,0.0,6000.0,6000.0,9.012322138568507e-10,-2133.7542799033554,1.2076345760815133,-2130.1313761778347,0.0,248.4238997281356,252.08798077187038,0.2342359573010346,250.66922063390896,2.4142165574551697,0.009631084946727559,0.0,0.0,-2133.844126781831,0.0,-9.012322138568507e-10,0.9999999999999991,0.9999738083686222,6000.0,10.0,NaN,2.8374102924794693,2.8374102924794693,2.8374102924794693,2.8374102924794693,0.2837410292479469,NaN,2.8374102924794355,6.252864072363964e-14,0.0,1.0,20.55036872523708,0.021804618433217262,0.002,750.0,562.5,0.01937507344199887,0.01937507344199887,NaN,NaN,7.431835091684955e-5
sequence_vv_vw,0.0,1.03,pv_ld2050_load_a,b1821,PositiveSequenceVoltVarWatt,NoUnbalanceControl,GridCurrentTarget,LOCALLY_SOLVED,true,0.0,6000.0,6000.0,8.179221189230645e-10,-2147.6597193426865,1.222747484967441,-2143.991476890257,0.0,248.4679367728954,252.14041810796567,0.21536734819608383,250.73875066396857,2.4262108972817,0.009676250243957001,0.0,0.0,-2147.750132793765,0.0,-8.179221189230645e-10,0.9999999999999991,0.9999738083666198,6000.0,10.0,NaN,2.8551094364893053,2.8551094364893053,2.8551094364893053,2.8551094364893053,0.28551094364893054,NaN,2.855109436489276,5.6649397920627427e-14,0.0,1.0,20.78129288326733,0.022049636574749506,0.002,750.0,562.5,0.019592790826109447,0.019592790826109447,NaN,NaN,7.478193822306598e-5
sequence_vv_vw,0.0,1.03,pv_ld2186_load_b,b1754,PositiveSequenceVoltVarWatt,NoUnbalanceControl,GridCurrentTarget,LOCALLY_SOLVED,true,0.0,6000.0,6000.0,9.094721503677405e-10,-2131.244979694933,1.2049165027558546,-2127.630230189413,0.0,248.41391492024488,252.07969161120295,0.23664622217732267,250.65667362154147,2.411783667277297,0.009621860979926561,0.0,0.0,-2131.3347243083294,0.0,-9.094721503677405e-10,0.9999999999999991,0.9999738083689821,6000.0,10.0,NaN,2.8342153550808145,2.8342153550808145,2.8342153550808145,2.8342153550808145,0.28342153550808147,NaN,2.834215355080779,6.3371711448711e-14,0.0,1.0,20.506542908835772,0.02175811779778171,0.002,750.0,562.5,0.019333754066040845,0.019333754066040845,NaN,NaN,7.423466709330717e-5
sequence_vv_vw,0.0,1.03,pv_ld248_load_b,b2560,PositiveSequenceVoltVarWatt,NoUnbalanceControl,GridCurrentTarget,LOCALLY_SOLVED,true,0.0,6000.0,6000.0,6.352557369027068e-10,-2180.218758528499,1.258468057185533,-2176.4433543588684,0.0,248.5746238505817,252.26168883201728,0.1733407774154617,250.9015524884484,2.4554430746209865,0.009786480196187849,0.0,0.0,-2180.3104976897275,0.0,-6.352557369027068e-10,0.999999999999999,0.9999738083618972,6000.0,10.0,NaN,2.896512911013698,2.896512911013698,2.896512911013698,2.896512911013698,0.2896512911013698,NaN,2.8965129110136756,4.4998630563673206e-14,0.0,1.0,21.33666770373051,0.02263890756105279,0.002,750.0,562.5,0.02011640322830917,0.02011640322830917,NaN,NaN,7.586640493671572e-5
sequence_vv_vw,0.0,1.03,pv_ld24_load_a,b1044,PositiveSequenceVoltVarWatt,NoUnbalanceControl,GridCurrentTarget,LOCALLY_SOLVED,true,0.0,6000.0,6000.0,7.734698298511589e-10,-2154.541252670365,1.2302582143748197,-2150.8504780295807,0.0,248.4898761435377,252.16549767162962,0.20565259384878917,250.77315973211165,2.432315469638,0.009699265552327531,0.0,0.0,-2154.63194642237,0.0,-7.734698298511589e-10,0.9999999999999991,0.9999738083656261,6000.0,10.0,NaN,2.863864770551964,2.863864770551964,2.863864770551964,2.863864770551964,0.2863864770551964,NaN,2.8638647705519364,5.5375544209112045e-14,0.0,1.0,20.89746775313476,0.022172901940099146,0.002,750.0,562.5,0.019702321543825,0.019702321543825,NaN,NaN,7.50112635810998e-5
sequence_vv_vw,0.0,1.03,pv_ld2804_load_c,b2443,PositiveSequenceVoltVarWatt,NoUnbalanceControl,GridCurrentTarget,LOCALLY_SOLVED,true,0.0,6000.0,6000.0,7.89993070959838e-10,-2152.7971291916538,1.2283526407654097,-2149.1120712717466,0.0,248.48547825213285,252.15884171689117,0.20891669514182476,250.76443875953356,2.430885259146494,0.009693899466652651,0.0,0.0,-2152.8877519067446,0.0,-7.89993070959838e-10,0.9999999999999991,0.9999738083658782,6000.0,10.0,NaN,2.861645959904311,2.861645959904311,2.861645959904311,2.861645959904311,0.2861645959904311,NaN,2.8616459599042834,5.547626324615394e-14,0.0,1.0,20.868998942522925,0.022142695593880348,0.002,750.0,562.5,0.01967548089177708,0.01967548089177708,NaN,NaN,7.495314707010535e-5
sequence_vv_vw,0.0,1.03,pv_ld626_load_c,b2055,PositiveSequenceVoltVarWatt,NoUnbalanceControl,GridCurrentTarget,LOCALLY_SOLVED,true,0.0,6000.0,6000.0,9.254749744336266e-10,-2128.579130716032,1.2020319130698602,-2124.973034979618,0.0,248.40543854188758,252.06980116963854,0.24033167635471978,250.64334383338021,2.409492469798179,0.00961323142656417,0.0,0.0,-2128.668766676083,0.0,-9.254749744336266e-10,0.9999999999999991,0.9999738083693648,6000.0,10.0,NaN,2.8308207433468637,2.8308207433468637,2.8308207433468637,2.8308207433468637,0.28308207433468635,NaN,2.830820743346827,6.462919705417644e-14,0.0,1.0,20.46252379337357,0.021711412065672595,0.002,750.0,562.5,0.019292252445980488,0.019292252445980488,NaN,NaN,7.414575324944703e-5
sequence_vv_vw,0.0,1.03,pv_ld868_load_a,b2190,PositiveSequenceVoltVarWatt,NoUnbalanceControl,GridCurrentTarget,LOCALLY_SOLVED,true,0.0,6000.0,6000.0,8.306723364714941e-10,-2146.3219563765183,1.2212898379300798,-2142.6580868652395,0.0,248.46456252987744,252.135320914315,0.21786960248805048,250.7320615766541,2.4251232154526,0.00967217036466311,0.0,0.0,-2146.4123153308637,0.0,-8.306723364714941e-10,0.9999999999999989,0.9999738083668133,6000.0,10.0,NaN,2.853407129613488,2.853407129613488,2.853407129613488,2.853407129613488,0.28534071296134883,NaN,2.8534071296134593,5.672745509179887e-14,0.0,1.0000000000000002,20.75959161953185,0.02202661081878372,0.002,750.0,562.5,0.019572330678445726,0.019572330678445726,NaN,NaN,7.47373503097432e-5
sequence_droop,0.0,1.03,pv_ld1291_load_b,b828,PositiveSequenceVoltVarWatt,NegativeSequenceAdmittanceDroop,GridCurrentTarget,LOCALLY_SOLVED,true,0.0,6000.0,6000.0,-28.772646467912534,-2201.47935441851,-23.671235059336862,-2186.1751201928014,0.0,249.12452851582614,252.07044715566693,0.16752074237391837,250.96469907619732,1.9818778215207842,0.007897038224164949,0.00789696557189214,0.0,-2192.939815239563,0.0,28.772646467912534,0.9999999999999991,0.9999738075695859,6000.0,10.0,NaN,7.888401322474517,7.888401322474517,7.888401322474517,7.888401322474517,0.7888401322474518,NaN,2.912557780104653,5.052367422116166,2.3825176155239833,2.7084102421466816,3795.6493490125517,4.027309040925881,0.002,750.0,562.5,3.5785725249241054,3.5785725249241054,NaN,NaN,0.00021082945413672765
sequence_droop,0.0,1.03,pv_ld1446_load_c,b260,PositiveSequenceVoltVarWatt,NegativeSequenceAdmittanceDroop,GridCurrentTarget,LOCALLY_SOLVED,true,0.0,6000.0,6000.0,-26.434240457902728,-2188.148441236871,-21.7307993842503,-2174.038118015933,0.0,249.13377204060157,251.97169640824563,0.18390900271685157,250.90154954837962,1.9196033831147268,0.007650823147844222,0.00765075241707102,0.0,-2180.3099096760257,0.0,26.434240457902728,0.9999999999999991,0.9999738077003467,6000.0,10.0,NaN,7.6164462014243455,7.6164462014243455,7.6164462014243455,7.6164462014243455,0.7616446201424345,NaN,2.8965121618734466,4.792336707752552,2.377887936085025,2.629523294147502,3599.533641349397,3.8192238123088407,0.002,750.0,562.5,3.393672862543019,3.393672862543019,NaN,NaN,0.00020357329871189774
sequence_droop,0.0,1.03,pv_ld1668_load_a,b605,PositiveSequenceVoltVarWatt,NegativeSequenceAdmittanceDroop,GridCurrentTarget,LOCALLY_SOLVED,true,0.0,6000.0,6000.0,-29.76425404473612,-2198.1950024277526,-24.501074394525993,-2182.405463477141,0.0,249.07671059201704,252.04150338183106,0.16717754794683706,250.94678917690453,2.0071987108412372,0.00799850325810013,0.00799842979057247,0.0,-2189.3578353810217,0.0,29.76425404473612,0.9999999999999991,0.9999738075082836,6000.0,10.0,NaN,8.000753522931733,8.000753522931733,8.000753522931733,8.000753522931733,0.8000753522931733,NaN,2.9080078867116534,5.160557573127229,2.3646841875519318,2.751283295858928,3876.6209365111245,4.113222563595186,0.002,750.0,562.5,3.6549132697290125,3.6549132697290125,NaN,NaN,0.0002138302120392713
sequence_droop,0.0,1.03,pv_ld1895_load_b,b1804,PositiveSequenceVoltVarWatt,NegativeSequenceAdmittanceDroop,GridCurrentTarget,LOCALLY_SOLVED,true,0.0,6000.0,6000.0,-19.403746530245215,-2152.4470736388616,-15.835938421820961,-2141.743649313608,0.0,249.20811429531793,251.68132260498652,0.22897658445397165,250.73358160917144,1.7074260175698341,0.006809722122628425,0.006809657993152803,0.0,-2146.7163218343444,0.0,19.403746530245215,0.9999999999999991,0.9999738079857184,6000.0,10.0,NaN,6.748317885230886,6.748317885230886,6.748317885230886,6.748317885230886,0.6748317885230886,NaN,2.8537939698155195,3.9549016887078334,2.364518739543618,2.3646829296755842,2968.9415770035216,3.1501448515410493,0.002,750.0,562.5,2.799144962727829,2.799144962727829,NaN,NaN,0.00018038186796713148
sequence_droop,0.0,1.03,pv_ld1970_load_c,b2492,PositiveSequenceVoltVarWatt,NegativeSequenceAdmittanceDroop,GridCurrentTarget,LOCALLY_SOLVED,true,0.0,6000.0,6000.0,-18.092239713384494,-2146.8502792991253,-14.7247980222873,-2136.747954225852,0.0,249.23618296523054,251.6458169001531,0.2391084795707788,250.70756383731128,1.6624972944654572,0.006631221128790043,0.006631158406983113,0.0,-2141.5127674623222,0.0,18.092239713384494,0.999999999999999,0.9999738080273434,6000.0,10.0,NaN,6.5706938196653475,6.5706938196653475,6.5706938196653475,6.5706938196653475,0.6570693819665347,NaN,2.8471719196240026,3.787244820986495,2.374662551414202,2.307796650557283,2842.8674363954206,3.016376033715437,0.002,750.0,562.5,2.680281123052823,2.680281123052823,NaN,NaN,0.00017563125404965502
sequence_droop,0.0,1.03,pv_ld2050_load_a,b1821,PositiveSequenceVoltVarWatt,NegativeSequenceAdmittanceDroop,GridCurrentTarget,LOCALLY_SOLVED,true,0.0,6000.0,6000.0,-20.927336930156617,-2160.4207471454474,-17.120868851910366,-2149.0013429107285,0.0,249.1901249329204,251.75266709038058,0.21981388799115573,250.77116612253798,1.7572123476411978,0.007007234423364868,0.007007168741238718,0.0,-2154.2332245076623,0.0,20.927336930156617,0.9999999999999991,0.9999738079339674,6000.0,10.0,NaN,6.943196962221104,6.943196962221104,6.943196962221104,6.943196962221104,0.6943196962221104,NaN,2.863357564021172,4.1445913327538575,2.371178372525472,2.4248445424582656,3111.70778175589,3.30162449949311,0.002,750.0,562.5,2.933746231400718,2.933746231400718,NaN,NaN,0.00018559184895390924
sequence_droop,0.0,1.03,pv_ld2186_load_b,b1754,PositiveSequenceVoltVarWatt,NegativeSequenceAdmittanceDroop,GridCurrentTarget,LOCALLY_SOLVED,true,0.0,6000.0,6000.0,-18.030682817217308,-2144.5298775185765,-14.674752196894465,-2134.462085657626,0.0,249.22714892991576,251.6313810494914,0.2414903796081402,250.696053694765,1.660320907451331,0.006622844209078995,0.006622781548611753,0.0,-2139.2107389530624,0.0,18.030682817217308,0.9999999999999991,0.9999738080295553,6000.0,10.0,NaN,6.561300072069514,6.561300072069514,6.561300072069514,6.561300072069514,0.6561300072069514,NaN,2.84424191651828,3.7793066457323405,2.3716020289342055,2.306871308649048,2836.787186883019,3.009924688614565,0.002,750.0,562.5,2.6745486088374566,2.6745486088374566,NaN,NaN,0.00017538124955535287
sequence_droop,0.0,1.03,pv_ld248_load_b,b2560,PositiveSequenceVoltVarWatt,NegativeSequenceAdmittanceDroop,GridCurrentTarget,LOCALLY_SOLVED,true,0.0,6000.0,6000.0,-27.824099131469257,-2192.1679915160134,-22.88934213904928,-2177.3637205387718,0.0,249.10791053125854,251.99913843082862,0.17687556902487725,250.91956324562787,1.9569924929313165,0.007799282238569798,0.007799210338270131,0.0,-2183.9126491256775,0.0,27.824099131469257,0.9999999999999991,0.9999738076263179,6000.0,10.0,NaN,7.779068565849887,7.779068565849887,7.779068565849887,7.779068565849887,0.7779068565849887,NaN,2.9010900724902218,4.947934552999879,2.3712556240312237,2.681429521827228,3716.595341322746,3.9434301336255007,0.002,750.0,562.5,3.5040396917008594,3.5040396917008594,NaN,NaN,0.00020791442871061038
sequence_droop,0.0,1.03,pv_ld24_load_a,b1044,PositiveSequenceVoltVarWatt,NegativeSequenceAdmittanceDroop,GridCurrentTarget,LOCALLY_SOLVED,true,0.0,6000.0,6000.0,-22.174536288878908,-2167.260840782499,-18.16906241319284,-2155.24441915546,0.0,249.1764315933345,251.7997448422889,0.20992390298561248,250.8034971088117,1.796238163848406,0.00716193428143908,0.007161867385292264,0.0,-2160.699421762417,0.0,22.174536288878908,0.9999999999999991,0.9999738078875509,6000.0,10.0,NaN,7.10307443175094,7.10307443175094,7.10307443175094,7.10307443175094,0.710307443175094,NaN,2.871582074947709,4.296181508977711,2.3688064229611125,2.4735752788407313,3225.8545140780825,3.422737944072206,0.002,750.0,562.5,3.041364802701129,3.041364802701129,NaN,NaN,0.0001898634878180429
sequence_droop,0.0,1.03,pv_ld2804_load_c,b2443,PositiveSequenceVoltVarWatt,NegativeSequenceAdmittanceDroop,GridCurrentTarget,LOCALLY_SOLVED,true,0.0,6000.0,6000.0,-21.654724042081614,-2165.388099933859,-17.731500508058087,-2153.6184293318065,0.0,249.18697040867553,251.7874935651756,0.2132701655404418,250.79491277316825,1.7801597546340002,0.007098069633669435,0.0070980032409643555,0.0,-2158.98255463372,0.0,21.654724042081614,0.9999999999999991,0.9999738079071664,6000.0,10.0,NaN,7.036943532217962,7.036943532217962,7.036943532217962,7.036943532217962,0.7036943532217962,NaN,2.869398557369721,4.233364557786932,2.3720822262963797,2.452410632934548,3178.6088541513145,3.3726087419589805,0.002,750.0,562.5,2.9968211673466607,2.9968211673466607,NaN,NaN,0.00018809625899526714
sequence_droop,0.0,1.03,pv_ld626_load_c,b2055,PositiveSequenceVoltVarWatt,NegativeSequenceAdmittanceDroop,GridCurrentTarget,LOCALLY_SOLVED,true,0.0,6000.0,6000.0,-17.56306754614762,-2141.920539604286,-14.278305218289738,-2132.0662526207316,0.0,249.23416478810088,251.61204129634137,0.24524977243317878,250.683707924904,1.643747469264129,0.006557057428544729,0.006556995285818469,0.0,-2136.741584980859,0.0,17.56306754614762,0.999999999999999,0.9999738080436742,6000.0,10.0,NaN,6.4973619862606595,6.4973619862606595,6.4973619862606595,6.4973619862606595,0.6497361986260659,NaN,2.841098898457592,3.718409951610777,2.372435023721094,2.2869186249705864,2790.971057442714,2.9613122654561472,0.002,750.0,562.5,2.6313527477508423,2.6313527477508423,NaN,NaN,0.00017367087736013402
sequence_droop,0.0,1.03,pv_ld868_load_a,b2190,PositiveSequenceVoltVarWatt,NegativeSequenceAdmittanceDroop,GridCurrentTarget,LOCALLY_SOLVED,true,0.0,6000.0,6000.0,-20.556266713682437,-2158.991711957905,-16.8077927197377,-2147.7462899760894,0.0,249.1977706563713,251.74340818514585,0.22238116300228616,250.76457728343425,1.7453147044206596,0.006959973068476752,0.006959907758944561,0.0,-2152.9154566869274,0.0,20.556266713682437,0.9999999999999991,0.9999738079470584,6000.0,10.0,NaN,6.894927015980454,6.894927015980454,6.894927015980454,6.894927015980454,0.6894927015980454,NaN,2.8616812034955466,4.098854390663529,2.3736889861914823,2.4093973177586556,3077.3103863286965,3.2651277294149477,0.002,750.0,562.5,2.9013160559850864,2.9013160559850864,NaN,NaN,0.00018430155579596998
unity,0.5,1.03,pv_ld1291_load_b,b828,AverageVoltageVoltVarWatt,NoUnbalanceControl,GridCurrentTarget,LOCALLY_SOLVED,true,2500.0,6000.0,6000.0,2499.894947808371,5.637851296924623e-13,2501.543752216083,4.946413223136077,0.0,248.97907963616652,252.69227626973182,0.15344426669826974,251.33997282036137,2.468861103608601,0.009822795299548928,0.0,2499.9999999999973,0.0,2.7284841053187847e-12,0.10505219162905632,0.9999999999999989,0.9999738083108185,6000.0,10.0,NaN,3.315422957142205,3.315422957142205,3.315422957142205,3.315422957142205,0.3315422957142205,NaN,3.3154229571422045,2.358301867183437e-16,0.0,1.0,24.55595634269836,0.026054678895261318,0.002,750.0,562.5,0.023151577664590268,0.023151577664590268,NaN,NaN,8.68388020578382e-5
unity,0.5,1.03,pv_ld1446_load_c,b260,AverageVoltageVoltVarWatt,NoUnbalanceControl,GridCurrentTarget,LOCALLY_SOLVED,true,2500.0,6000.0,6000.0,2499.894953398745,5.637851296924623e-13,2501.543524890795,4.945714476150155,0.0,249.01056776230556,252.72547759097503,0.1669473219784131,251.35772782891925,2.4584721399392873,0.009780770064935456,0.0,2499.9999999999973,0.0,2.7284841053187847e-12,0.10504660125479859,0.9999999999999989,0.9999738083108486,6000.0,10.0,NaN,3.315188774966755,3.315188774966755,3.315188774966755,3.315188774966755,0.33151887749667547,NaN,3.3151887749667543,1.667571242370305e-16,0.0,1.0,24.450897725686012,0.025943208240515173,0.002,750.0,562.5,0.023052527450574876,0.023052527450574876,NaN,NaN,8.683266817033784e-5
unity,0.5,1.03,pv_ld1668_load_a,b605,AverageVoltageVoltVarWatt,NoUnbalanceControl,GridCurrentTarget,LOCALLY_SOLVED,true,2500.0,6000.0,6000.0,2499.8949457548406,6.938893903907228e-13,2501.5438357202156,4.946669896126535,0.0,248.96628862034285,252.69024939837837,0.1513673075741907,251.3334517604139,2.466056423724706,0.009811890961794845,0.0,2499.9999999999973,0.0,2.7284841053187847e-12,0.10505424515940831,0.9999999999999989,0.9999738083108075,6000.0,10.0,NaN,3.31550897588421,3.31550897588421,3.31550897588421,3.31550897588421,0.331550897588421,NaN,3.315508975884209,1.667571242370305e-16,0.0,1.0000000000000002,24.52869662368865,0.026025755435076778,0.002,750.0,562.5,0.023125876955036987,0.023125876955036987,NaN,NaN,8.684105512890595e-5
unity,0.5,1.03,pv_ld1895_load_b,b1804,AverageVoltageVoltVarWatt,NoUnbalanceControl,GridCurrentTarget,LOCALLY_SOLVED,true,2500.0,6000.0,6000.0,2499.894969042912,5.204170427930421e-13,2501.5428887412268,4.9437590949462376,0.0,249.10030541142908,252.81509909237923,0.2056734060508776,251.4074336430948,2.4308638762036465,0.009669021480305831,0.0,2499.9999999999973,0.0,2.7284841053187847e-12,0.10503095708781984,0.9999999999999989,0.9999738083109332,6000.0,10.0,NaN,3.314533349070648,3.314533349070648,3.314533349070648,3.314533349070648,0.3314533349070648,NaN,3.314533349070648,5.002713727110915e-16,0.0,1.0,24.17153815418451,0.02564679852915214,0.002,750.0,562.5,0.022789144720711023,0.022789144720711023,NaN,NaN,8.681550072851743e-5
unity,0.5,1.03,pv_ld1970_load_c,b2492,AverageVoltageVoltVarWatt,NoUnbalanceControl,GridCurrentTarget,LOCALLY_SOLVED,true,2500.0,6000.0,6000.0,2499.8949738317856,7.806255641895632e-13,2501.542694007926,4.943160528421593,0.0,249.12811499473435,252.83667648458155,0.2150190276277761,251.42265510710766,2.426647522524959,0.009651666121699301,0.0,2499.9999999999973,0.0,2.7284841053187847e-12,0.10502616821440824,0.9999999999999989,0.9999738083109596,6000.0,10.0,NaN,3.314332689134974,3.314332689134974,3.314332689134974,3.314332689134974,0.3314332689134974,NaN,3.3143326891349734,2.358301867183437e-16,0.0,1.0,24.12815162673878,0.025600763993774943,0.002,750.0,562.5,0.02274823951035234,0.02274823951035234,NaN,NaN,8.681024488010566e-5
unity,0.5,1.03,pv_ld2050_load_a,b1821,AverageVoltageVoltVarWatt,NoUnbalanceControl,GridCurrentTarget,LOCALLY_SOLVED,true,2500.0,6000.0,6000.0,2499.894966211922,4.77048955893622e-13,2501.5430038597033,4.9441129433434785,0.0,249.08395262912487,252.79751185894528,0.19791543011565452,251.39843662731298,2.437041874227754,0.00969394204245017,0.0,2499.9999999999973,0.0,2.7284841053187847e-12,0.10503378807788977,0.9999999999999989,0.9999738083109179,6000.0,10.0,NaN,3.3146519654216005,3.3146519654216005,3.3146519654216005,3.3146519654216005,0.33146519654216006,NaN,3.3146519654216,2.358301867183437e-16,0.0,1.0,24.233836914671265,0.02571289956701863,0.002,750.0,562.5,0.022847880555377335,0.022847880555377335,NaN,NaN,8.681860762273764e-5
unity,0.5,1.03,pv_ld2186_load_b,b1754,AverageVoltageVoltVarWatt,NoUnbalanceControl,GridCurrentTarget,LOCALLY_SOLVED,true,2500.0,6000.0,6000.0,2499.8949742996556,5.637851296924623e-13,2501.5426749825756,4.943102048758814,0.0,249.1302297021862,252.8415152159645,0.2169988236314007,251.42414238509684,2.4248518820524727,0.009644467150407612,0.0,2499.9999999999973,0.0,2.7284841053187847e-12,0.10502570034441305,0.9999999999999989,0.9999738083109617,6000.0,10.0,NaN,3.314313084103994,3.314313084103994,3.314313084103994,3.314313084103994,0.33143130841039936,NaN,3.314313084103993,1.667571242370305e-16,0.0,1.0,24.110154959102342,0.02558166893635128,0.002,750.0,562.5,0.02273127208938619,0.02273127208938619,NaN,NaN,8.680973137312076e-5
unity,0.5,1.03,pv_ld248_load_b,b2560,AverageVoltageVoltVarWatt,NoUnbalanceControl,GridCurrentTarget,LOCALLY_SOLVED,true,2500.0,6000.0,6000.0,2499.8949500695144,5.637851296924623e-13,2501.543660269586,4.946130600216262,0.0,248.99121786644628,252.71058854943783,0.16032020082394338,251.3471537539999,2.4614971366753005,0.009793216672285984,0.0,2499.9999999999973,0.0,2.7284841053187847e-12,0.10504993048562028,0.9999999999999989,0.9999738083108304,6000.0,10.0,NaN,3.3153282392264884,3.3153282392264884,3.3153282392264884,3.3153282392264884,0.3315328239226488,NaN,3.315328239226488,2.358301867183437e-16,0.0,1.0,24.48201290398461,0.025976222470058315,0.002,750.0,562.5,0.023081863122005605,0.023081863122005605,NaN,NaN,8.683632112982543e-5
unity,0.5,1.03,pv_ld24_load_a,b1044,AverageVoltageVoltVarWatt,NoUnbalanceControl,GridCurrentTarget,LOCALLY_SOLVED,true,2500.0,6000.0,6000.0,2499.89496233798,4.3368086899420177e-13,2501.5431613884753,4.944597151487154,0.0,249.06196274771997,252.77697027287905,0.18909143948118984,251.38612662517386,2.442279368786771,0.009715251201703351,0.0,2499.9999999999973,0.0,2.7284841053187847e-12,0.10503766202009501,0.9999999999999989,0.9999738083108966,6000.0,10.0,NaN,3.314814273827472,3.314814273827472,3.314814273827472,3.314814273827472,0.3314814273827472,NaN,3.314814273827471,8.337856211851525e-17,0.0,1.0,24.287107536986117,0.02576942145277182,0.002,750.0,562.5,0.022898104579746417,0.022898104579746417,NaN,NaN,8.6822858937929e-5
unity,0.5,1.03,pv_ld2804_load_c,b2443,AverageVoltageVoltVarWatt,NoUnbalanceControl,GridCurrentTarget,LOCALLY_SOLVED,true,2500.0,6000.0,6000.0,2499.894963920836,4.77048955893622e-13,2501.5430970237358,4.944399308698692,0.0,249.0711577597693,252.78408159914565,0.19220245196955713,251.3911561551213,2.4408668698405593,0.009709438101054034,0.0,2499.9999999999973,0.0,2.7284841053187847e-12,0.10503607916416513,0.9999999999999989,0.9999738083109055,6000.0,10.0,NaN,3.314747957134806,3.314747957134806,3.314747957134806,3.314747957134806,0.3314747957134806,NaN,3.3147479571348057,8.337856211851525e-17,0.0,1.0,24.27257541132609,0.025754002388555592,0.002,750.0,562.5,0.02288440356028068,0.02288440356028068,NaN,NaN,8.682112191663521e-5
unity,0.5,1.03,pv_ld626_load_c,b2055,AverageVoltageVoltVarWatt,NoUnbalanceControl,GridCurrentTarget,LOCALLY_SOLVED,true,2500.0,6000.0,6000.0,2499.894975775181,6.505213034913027e-13,2501.54261498232,4.942917621416276,0.0,249.13869940574756,252.84922366370782,0.2203437174761374,251.42883298734648,2.4228600053546043,0.009636364996676965,0.0,2499.9999999999973,0.0,2.7284841053187847e-12,0.10502422481886242,0.9999999999999989,0.9999738083109697,6000.0,10.0,NaN,3.3142512549478784,3.3142512549478784,3.3142512549478784,3.3142512549478784,0.33142512549478786,NaN,3.3142512549478784,1.8644013276318897e-16,0.0,1.0000000000000002,24.08990043992855,0.025560178224041732,0.002,750.0,562.5,0.0227121759455764,0.0227121759455764,NaN,NaN,8.680811189258797e-5
unity,0.5,1.03,pv_ld868_load_a,b2190,AverageVoltageVoltVarWatt,NoUnbalanceControl,GridCurrentTarget,LOCALLY_SOLVED,true,2500.0,6000.0,6000.0,2499.8949674257015,4.3368086899420177e-13,2501.5429545029237,4.943961231667314,0.0,249.091002854251,252.80297310348698,0.2002966955781932,251.40229395858887,2.435964848284523,0.009689509232106595,0.0,2499.9999999999973,0.0,2.7284841053187847e-12,0.10503257429854784,0.9999999999999989,0.9999738083109249,6000.0,10.0,NaN,3.31460110945724,3.31460110945724,3.31460110945724,3.31460110945724,0.331460110945724,NaN,3.3146011094572394,2.5013568635554574e-16,0.0,1.0,24.22275536616811,0.02570114167887604,0.002,750.0,562.5,0.02283743277125384,0.02283743277125384,NaN,NaN,8.68172755618499e-5
mean_vv,0.5,1.03,pv_ld1291_load_b,b828,AverageVoltageVoltVarWatt,NoUnbalanceControl,GridCurrentTarget,LOCALLY_SOLVED,true,2500.0,6000.0,6000.0,2499.894930122717,-2258.2769551843066,2502.890527529226,-2249.2901629648695,0.0,248.92666071338263,252.63022287493376,0.15041777888181848,251.2852449832345,2.47264888896647,0.009840008270805724,0.0,2499.999999999997,-2258.3718699276155,3.183231456205249e-12,0.10506987728285822,0.9999999999999987,0.9999738081302008,6000.0,10.0,NaN,4.468853250731427,4.468853250731427,4.468853250731427,4.468853250731427,0.4468853250731427,NaN,4.468853250731403,4.617847726626055e-14,0.0,1.0,33.14971507615633,0.03517294010972117,0.002,750.0,562.5,0.03125385109966924,0.03125385109966924,NaN,NaN,0.00011705068826755989
mean_vv,0.5,1.03,pv_ld1446_load_c,b260,AverageVoltageVoltVarWatt,NoUnbalanceControl,GridCurrentTarget,LOCALLY_SOLVED,true,2500.0,6000.0,6000.0,2499.89492401947,-2254.399896816719,2502.886364659505,-2245.425574896705,0.0,248.9199380697088,252.62882537765935,0.16292550921329288,251.26587291674394,2.465429701707409,0.009812035646099542,0.0,2499.999999999997,-2254.4946541126033,3.183231456205249e-12,0.10507598052981848,0.9999999999999987,0.9999738081307872,6000.0,10.0,NaN,4.465751627674545,4.465751627674545,4.465751627674545,4.465751627674545,0.4465751627674545,NaN,4.465751627674518,4.7937090154557215e-14,0.0,1.0,33.029990109979344,0.03504590797519738,0.002,750.0,562.5,0.031140973319054525,0.031140973319054525,NaN,NaN,0.00011696944621133147
mean_vv,0.5,1.03,pv_ld1668_load_a,b605,AverageVoltageVoltVarWatt,NoUnbalanceControl,GridCurrentTarget,LOCALLY_SOLVED,true,2500.0,6000.0,6000.0,2499.8949190674175,-2251.2521851670626,2502.8829894548016,-2242.2879740050016,0.0,248.88446949847412,252.60205433169273,0.147293796431473,251.25015855050776,2.4723257139659873,0.009840096134582085,0.0,2499.9999999999964,-2251.346814617446,3.637978807091713e-12,0.10508093258249573,0.9999999999999984,0.9999738081312627,6000.0,10.0,NaN,4.463235289458987,4.463235289458987,4.463235289458987,4.463235289458987,0.44632352894589866,NaN,4.463235289458958,4.7584036557336253e-14,0.0,1.0,33.10371412085712,0.03512413158023604,0.002,750.0,562.5,0.031210480983092027,0.031210480983092027,NaN,NaN,0.00011690353476561364
mean_vv,0.5,1.03,pv_ld1895_load_b,b1804,AverageVoltageVoltVarWatt,NoUnbalanceControl,GridCurrentTarget,LOCALLY_SOLVED,true,2500.0,6000.0,6000.0,2499.894909358581,-2245.092044478367,2502.876397874233,-2236.147578931504,0.0,248.91033180030092,252.62876294076412,0.19844683473560798,251.21935663721126,2.4463399907030112,0.009737864245213392,0.0,2499.9999999999964,-2245.18642371256,3.637978807091713e-12,0.10509064141888302,0.9999999999999984,0.9999738081321908,6000.0,10.0,NaN,4.458316958694939,4.458316958694939,4.458316958694939,4.458316958694939,0.44583169586949395,NaN,4.458316958694898,6.318978429203647e-14,0.0,1.0,32.719677201878426,0.034716655753667496,0.002,750.0,562.5,0.030848407503577355,0.030848407503577355,NaN,NaN,0.00011677470698291822
mean_vv,0.5,1.03,pv_ld1970_load_c,b2492,AverageVoltageVoltVarWatt,NoUnbalanceControl,GridCurrentTarget,LOCALLY_SOLVED,true,2500.0,6000.0,6000.0,2499.894913264979,-2247.5738477045816,2502.8790519095287,-2238.6214317710233,0.0,248.93525547026374,252.6473786375928,0.20802880051824013,251.23174804885585,2.442379914207827,0.009721621304536993,0.0,2499.9999999999964,-2247.6683277566704,3.637978807091713e-12,0.1050867350209046,0.9999999999999984,0.9999738081318174,6000.0,10.0,NaN,4.460297930651824,4.460297930651824,4.460297930651824,4.460297930651824,0.44602979306518237,NaN,4.460297930651781,6.305343547303845e-14,0.0,1.0,32.681226231645155,0.03467585800713876,0.002,750.0,562.5,0.030812155581183782,0.030812155581183782,NaN,NaN,0.00011682659535351789
mean_vv,0.5,1.03,pv_ld2050_load_a,b1821,AverageVoltageVoltVarWatt,NoUnbalanceControl,GridCurrentTarget,LOCALLY_SOLVED,true,2500.0,6000.0,6000.0,2499.8949144458556,-2248.3216922620577,2502.87985188929,-2239.3668799318457,0.0,248.919970365409,252.63450048131284,0.1916607095224137,251.23549458538943,2.45024458494131,0.009752780310699791,0.0,2499.9999999999964,-2248.416202688674,3.637978807091713e-12,0.1050855541443525,0.9999999999999984,0.9999738081317047,6000.0,10.0,NaN,4.460894860459495,4.460894860459495,4.460894860459495,4.460894860459495,0.44608948604594956,NaN,4.460894860459459,5.758054922862527e-14,0.0,1.0,32.79085042752517,0.03479217289151769,0.002,750.0,562.5,0.030915510264235987,0.030915510264235987,NaN,NaN,0.00011684223097426247
mean_vv,0.5,1.03,pv_ld2186_load_b,b1754,AverageVoltageVoltVarWatt,NoUnbalanceControl,GridCurrentTarget,LOCALLY_SOLVED,true,2500.0,6000.0,6000.0,2499.8949108594784,-2246.0459562995293,2502.877417715029,-2237.0984357329658,0.0,248.9280236218751,252.6437903786396,0.2095943696984339,251.2241172682446,2.441409941467742,0.009718055607141117,0.0,2499.999999999997,-2246.1403742858215,3.183231456205249e-12,0.10508914052161344,0.9999999999999987,0.999973808132047,6000.0,10.0,NaN,4.459078272115551,4.459078272115551,4.459078272115551,4.459078272115551,0.44590782721155514,NaN,4.4590782721155096,6.398808969080471e-14,0.0,1.0,32.65931407000066,0.03465260848154211,0.002,750.0,562.5,0.03079149659706506,0.03079149659706506,NaN,NaN,0.00011679464835592047
mean_vv,0.5,1.03,pv_ld248_load_b,b2560,AverageVoltageVoltVarWatt,NoUnbalanceControl,GridCurrentTarget,LOCALLY_SOLVED,true,2500.0,6000.0,6000.0,2499.89492131067,-2252.678188637422,2502.8845180003323,-2243.7093985685256,0.0,248.90261623011008,252.61601024286998,0.15620351288153234,251.2572766762003,2.4683088673838895,0.009823830378313154,0.0,2499.9999999999964,-2252.7728760071927,3.637978807091713e-12,0.10507868933018472,0.9999999999999984,0.9999738081310474,6000.0,10.0,NaN,4.46437505117963,4.46437505117963,4.46437505117963,4.46437505117963,0.446437505117963,NaN,4.464375051179601,4.7610911201429686e-14,0.0,1.0,33.05836957848957,0.03507601952650264,0.002,750.0,562.5,0.031167729738561648,0.031167729738561648,NaN,NaN,0.00011693338899396018
mean_vv,0.5,1.03,pv_ld24_load_a,b1044,AverageVoltageVoltVarWatt,NoUnbalanceControl,GridCurrentTarget,LOCALLY_SOLVED,true,2500.0,6000.0,6000.0,2499.8949148924744,-2248.604690803966,2502.8801546976647,-2239.6489713884866,0.0,248.91209020105057,252.62687856793113,0.18320426059025846,251.2369116356483,2.4542649306459396,0.009768727511685034,0.0,2499.9999999999964,-2248.699212724901,3.637978807091713e-12,0.10508510752561051,0.9999999999999984,0.999973808131662,6000.0,10.0,NaN,4.461120789791762,4.461120789791762,4.461120789791762,4.461120789791762,0.4461120789791762,NaN,4.4611207897917255,5.6424867185788515e-14,0.0,1.0,32.84631691731002,0.03485102466501861,0.002,750.0,562.5,0.030967804572309507,0.030967804572309507,NaN,NaN,0.0001168481488339521
mean_vv,0.5,1.03,pv_ld2804_load_c,b2443,AverageVoltageVoltVarWatt,NoUnbalanceControl,GridCurrentTarget,LOCALLY_SOLVED,true,2500.0,6000.0,6000.0,2499.8949161824353,-2249.4243615713785,2502.881032220953,-2240.4660134559163,0.0,248.92032753621274,252.6330088857985,0.18638150775109197,251.24100415741336,2.4529309249879105,0.009763258721299503,0.0,2499.9999999999964,-2249.518916787088,3.637978807091713e-12,0.10508381756471863,0.9999999999999984,0.9999738081315381,6000.0,10.0,NaN,4.461775460131201,4.461775460131201,4.461775460131201,4.461775460131201,0.4461775460131201,NaN,4.4617754601311646,5.64933291976351e-14,0.0,1.0,32.83328101954998,0.03483719314791123,0.002,750.0,562.5,0.03095551421003646,0.03095551421003646,NaN,NaN,0.00011686529687719
mean_vv,0.5,1.03,pv_ld626_load_c,b2055,AverageVoltageVoltVarWatt,NoUnbalanceControl,GridCurrentTarget,LOCALLY_SOLVED,true,2500.0,6000.0,6000.0,2499.8949106522036,-2245.914668689039,2502.877277384448,-2236.9675684923996,0.0,248.93098357112623,252.64646976550102,0.2127954062935472,251.2234597255489,2.4399086572722157,0.009712105151078301,0.0,2499.999999999997,-2246.009081342587,3.183231456205249e-12,0.10508934779636547,0.9999999999999987,0.9999738081320674,6000.0,10.0,NaN,4.458973523297589,4.458973523297589,4.458973523297589,4.458973523297589,0.44589735232975886,NaN,4.458973523297547,6.46729621043371e-14,0.0,1.0,32.638464306148016,0.03463048619501212,0.002,750.0,562.5,0.030771839251189627,0.030771839251189627,NaN,NaN,0.00011679190462749402
mean_vv,0.5,1.03,pv_ld868_load_a,b2190,AverageVoltageVoltVarWatt,NoUnbalanceControl,GridCurrentTarget,LOCALLY_SOLVED,true,2500.0,6000.0,6000.0,2499.894915435128,-2248.9502845447105,2502.8805247427517,-2239.9934566219304,0.0,248.92628650490468,252.63920926810948,0.19409527001435115,251.2386330806532,2.4492293157862206,0.009748617423021735,0.0,2499.9999999999964,-2249.0448205048338,3.637978807091713e-12,0.10508456487195872,0.9999999999999984,0.9999738081316097,6000.0,10.0,NaN,4.461396872132133,4.461396872132133,4.461396872132133,4.461396872132133,0.44613968721321334,NaN,4.461396872132096,5.77445153035258e-14,0.0,1.0,32.78095202577426,0.03478167036106844,0.002,750.0,562.5,0.030906177961567895,0.030906177961567895,NaN,NaN,0.00011685538035974806
mean_vv_vw,0.5,1.03,pv_ld1291_load_b,b828,AverageVoltageVoltVarWatt,NoUnbalanceControl,GridCurrentTarget,LOCALLY_SOLVED,true,2500.0,6000.0,6000.0,2187.1192704314426,-2250.136451540712,2189.7190827697073,-2242.337014525999,0.0,248.88830347018185,252.5896029329734,0.15207960924491534,251.24453698904622,2.4717576390672336,0.009838055261575687,0.0,2187.211205541751,-2250.2310355664545,312.78879445824896,312.8807295685574,0.9999999999999987,0.9999738081850188,6000.0,10.0,NaN,4.163181746568922,4.163181746568922,4.163181746568922,4.163181746568922,0.4163181746568922,NaN,4.163181746568882,4.376858327784082e-14,0.0,1.0,30.8711288547516,0.03275528504040341,0.002,750.0,562.5,0.029105579408104452,0.029105579408104452,NaN,NaN,0.00010904414226617842
mean_vv_vw,0.5,1.03,pv_ld1446_load_c,b260,AverageVoltageVoltVarWatt,NoUnbalanceControl,GridCurrentTarget,LOCALLY_SOLVED,true,2500.0,6000.0,6000.0,2193.275294382604,-2245.2116199639718,2195.87689082105,-2237.406830648716,0.0,248.87733289234893,252.58305128190523,0.16497488764631985,251.21992768800447,2.463869868549698,0.009807621119967965,0.0,2193.3674950684244,-2245.3060039450306,306.63250493157557,306.724705617396,0.9999999999999987,0.9999738081847761,6000.0,10.0,NaN,4.164609976476792,4.164609976476792,4.164609976476792,4.164609976476792,0.41646099764767924,NaN,4.164609976476752,4.420046920681707e-14,0.0,1.0,30.78317110593691,0.03266195897035631,0.002,750.0,562.5,0.02902265204724492,0.02902265204724492,NaN,NaN,0.00010908155229075224
mean_vv_vw,0.5,1.03,pv_ld1668_load_a,b605,AverageVoltageVoltVarWatt,NoUnbalanceControl,GridCurrentTarget,LOCALLY_SOLVED,true,2500.0,6000.0,6000.0,2195.288483807681,-2243.6010643725626,2197.890670557528,-2235.794504123104,0.0,248.84932625642344,252.5639447520543,0.14925038228122017,251.21189920361078,2.4709090925366683,0.009835955623001607,0.0,2195.380771347432,-2243.6953829217823,304.6192286525679,304.71151619231887,0.9999999999999987,0.9999738081846956,6000.0,10.0,NaN,4.165082432018505,4.165082432018505,4.165082432018505,4.165082432018505,0.41650824320185054,NaN,4.165082432018464,4.405955489579874e-14,0.0,1.0000000000000002,30.87462015734625,0.03275898942750902,0.002,750.0,562.5,0.02910887103975801,0.02910887103975801,NaN,NaN,0.00010909392747062062
mean_vv_vw,0.5,1.03,pv_ld1895_load_b,b1804,AverageVoltageVoltVarWatt,NoUnbalanceControl,GridCurrentTarget,LOCALLY_SOLVED,true,2500.0,6000.0,6000.0,2208.867207581351,-2232.7380579362552,2211.473472828382,-2224.9192621952448,0.0,248.8545292891034,252.56735007685896,0.20149744605734662,251.1575868958285,2.443047896331824,0.009727151492919526,0.0,2208.9600810970433,-2232.8319351215837,291.03991890295674,291.13279241864893,0.9999999999999987,0.9999738081841406,6000.0,10.0,NaN,4.168345192847693,4.168345192847693,4.168345192847693,4.168345192847693,0.4168345192847693,NaN,4.168345192847643,5.197347677770748e-14,0.0,1.0,30.550400863741885,0.03241498207268922,0.002,750.0,562.5,0.028803194158292036,0.028803194158292036,NaN,NaN,0.00010917939024779441
mean_vv_vw,0.5,1.03,pv_ld1970_load_c,b2492,AverageVoltageVoltVarWatt,NoUnbalanceControl,GridCurrentTarget,LOCALLY_SOLVED,true,2500.0,6000.0,6000.0,2206.9116600342027,-2234.3024999148865,2209.5173282244455,-2226.4854953442414,0.0,248.87493009422926,252.5813895881186,0.21111295958699505,251.16539130709555,2.4390551009815393,0.009710952166970127,0.0,2207.0044491529443,-2234.396440676974,292.9955508470557,293.08833996579733,0.9999999999999987,0.9999738081842221,6000.0,10.0,NaN,4.167867712409601,4.167867712409601,4.167867712409601,4.167867712409601,0.4167867712409601,NaN,4.16786771240955,5.1991063273587784e-14,0.0,1.0,30.49697701253465,0.03235829760603228,0.002,750.0,562.5,0.0287528256683383,0.0287528256683383,NaN,NaN,0.00010916688336708662
mean_vv_vw,0.5,1.03,pv_ld2050_load_a,b1821,AverageVoltageVoltVarWatt,NoUnbalanceControl,GridCurrentTarget,LOCALLY_SOLVED,true,2500.0,6000.0,6000.0,2204.081240692101,-2236.5668411080496,2206.6860500392263,-2228.752413066757,0.0,248.86647320680876,252.57603779500317,0.1944540186211032,251.17671940073186,2.4474033663756014,0.009743750822985191,0.0,2204.1739076547815,-2236.6608738756418,295.8260923452185,295.9187593078991,0.9999999999999987,0.9999738081843389,6000.0,10.0,NaN,4.167180779299572,4.167180779299572,4.167180779299572,4.167180779299572,0.4167180779299572,NaN,4.167180779299524,4.902659452568696e-14,0.0,1.0,30.596316802688225,0.032463700397023114,0.002,750.0,562.5,0.028846484120683785,0.028846484120683785,NaN,NaN,0.0001091488902236202
mean_vv_vw,0.5,1.03,pv_ld2186_load_b,b1754,AverageVoltageVoltVarWatt,NoUnbalanceControl,GridCurrentTarget,LOCALLY_SOLVED,true,2500.0,6000.0,6000.0,2208.9327434681527,-2232.6856290901005,2211.539028974093,-2224.8667725723594,0.0,248.8674989011244,252.57738157311732,0.21277346296563548,251.15731613190334,2.4379184589434426,0.009706738774287153,0.0,2209.0256198148236,-2232.7795041473582,290.9743801851764,291.0672565318473,0.9999999999999988,0.999973808184138,6000.0,10.0,NaN,4.168361393417857,4.168361393417857,4.168361393417857,4.168361393417857,0.41683613934178576,NaN,4.168361393417807,5.1626952648595355e-14,0.0,1.0000000000000002,30.486375553709063,0.03234704910885797,0.002,750.0,562.5,0.028742830517103163,0.028742830517103163,NaN,NaN,0.00010917981459013915
mean_vv_vw,0.5,1.03,pv_ld248_load_b,b2560,AverageVoltageVoltVarWatt,NoUnbalanceControl,GridCurrentTarget,LOCALLY_SOLVED,true,2500.0,6000.0,6000.0,2194.5911408988454,-2244.1589401012825,2197.1931228381304,-2236.3529942835085,0.0,248.8633101779818,252.57357524569647,0.15823185300987974,251.21467673604758,2.4667763536814586,0.009819395847931735,0.0,2194.683398353965,-2244.2532813165726,305.316601646035,305.4088591011546,0.9999999999999987,0.9999738081847239,6000.0,10.0,NaN,4.164918518022515,4.164918518022515,4.164918518022515,4.164918518022515,0.41649185180225146,NaN,4.164918518022474,4.38400800671345e-14,0.0,1.0,30.82176754583249,0.03270291106499052,0.002,750.0,562.5,0.029059041119751362,0.029059041119751362,NaN,NaN,0.00010908963401335772
mean_vv_vw,0.5,1.03,pv_ld24_load_a,b1044,AverageVoltageVoltVarWatt,NoUnbalanceControl,GridCurrentTarget,LOCALLY_SOLVED,true,2500.0,6000.0,6000.0,2202.776881978455,-2237.610330713745,2205.3812979535332,-2229.7970827885915,0.0,248.86202706216287,252.57218398867946,0.18585201245638844,251.181938414574,2.4516662888386302,0.009760519822058911,0.0,2202.8694926505045,-2237.7044058791125,297.1305073494955,297.2231180215449,0.9999999999999987,0.9999738081843923,6000.0,10.0,NaN,4.166866108606609,4.166866108606609,4.166866108606609,4.166866108606609,0.4166866108606609,NaN,4.166866108606562,4.87867197369367e-14,0.0,1.0,30.647295505753036,0.03251779048092406,0.002,750.0,562.5,0.0288945473028612,0.0288945473028612,NaN,NaN,0.00010914064792716053
mean_vv_vw,0.5,1.03,pv_ld2804_load_c,b2443,AverageVoltageVoltVarWatt,NoUnbalanceControl,GridCurrentTarget,LOCALLY_SOLVED,true,2500.0,6000.0,6000.0,2202.138387201524,-2238.121127821623,2204.742611304319,-2230.308455513321,0.0,248.8687414258982,252.57677317661862,0.18903991018839805,251.18448650160437,2.45032059350013,0.009755063410273466,0.0,2202.230970321307,-2238.2152237424957,297.7690296786932,297.861612798476,0.9999999999999987,0.9999738081844185,6000.0,10.0,NaN,4.166712615299508,4.166712615299508,4.166712615299508,4.166712615299508,0.41667126152995076,NaN,4.166712615299461,4.879042453074884e-14,0.0,1.0000000000000002,30.62934518542376,0.032498744599521116,0.002,750.0,562.5,0.028877623578555736,0.028877623578555736,NaN,NaN,0.00010913662741737934
mean_vv_vw,0.5,1.03,pv_ld626_load_c,b2055,AverageVoltageVoltVarWatt,NoUnbalanceControl,GridCurrentTarget,LOCALLY_SOLVED,true,2500.0,6000.0,6000.0,2209.4593438999063,-2232.2643476805247,2212.065790911875,-2224.4450066447007,0.0,248.86915208295594,252.57862315894278,0.21603042694415645,251.1552088044993,2.436325301079083,0.009700476899029926,0.0,2209.552242975739,-2232.3582056185896,290.44775702426114,290.54065610009366,0.9999999999999987,0.9999738081841161,6000.0,10.0,NaN,4.168490543708609,4.168490543708609,4.168490543708609,4.168490543708609,0.4168490543708609,NaN,4.1684905437085575,5.230574518839894e-14,0.0,1.0,30.467396936866184,0.03232691217096752,0.002,750.0,562.5,0.028724937305547114,0.028724937305547114,NaN,NaN,0.00010918319749504548
mean_vv_vw,0.5,1.03,pv_ld868_load_a,b2190,AverageVoltageVoltVarWatt,NoUnbalanceControl,GridCurrentTarget,LOCALLY_SOLVED,true,2500.0,6000.0,6000.0,2203.590533658521,-2236.9594077235824,2206.1951949462223,-2229.1454238605625,0.0,248.87162562594136,252.57956901340222,0.19689685989374503,251.17867771720515,2.446379322184216,0.009739597900656696,0.0,2203.683179445539,-2237.0534564430563,296.3168205544612,296.40946634147895,0.9999999999999989,0.9999738081843588,6000.0,10.0,NaN,4.167062344690335,4.167062344690335,4.167062344690335,4.167062344690335,0.41670623446903354,NaN,4.167062344690288,4.894435228512516e-14,0.0,1.0,30.582645462937236,0.03244919465502227,0.002,750.0,562.5,0.02883359465795561,0.02883359465795561,NaN,NaN,0.00010914578801850143
worst_vv_vw,0.5,1.03,pv_ld1291_load_b,b828,WorstPhaseVoltVarWatt,NoUnbalanceControl,GridCurrentTarget,LOCALLY_SOLVED,true,2500.0,6000.0,6000.0,1865.1014401484783,-2507.9457819466497,1867.68161965642,-2500.205243422901,0.0,248.8415952114341,252.53928059619972,0.15358815062191578,251.19502267430772,2.4712765652439463,0.009838079349399103,0.0,1865.1798509500686,-2508.051218592922,634.8201490499314,634.8985598515217,0.9999999999999987,0.999973808187688,6000.0,10.0,NaN,4.147432545503441,4.147432545503441,4.147432545503441,4.147432545503441,0.4147432545503441,NaN,4.14743254550256,1.9789546474137264e-14,0.0,1.0,30.748358566893717,0.03262502171922106,0.002,750.0,562.5,0.028989830470674667,0.028989830470674667,NaN,NaN,0.0012417420554574345
worst_vv_vw,0.5,1.03,pv_ld1446_load_c,b260,WorstPhaseVoltVarWatt,NoUnbalanceControl,GridCurrentTarget,LOCALLY_SOLVED,true,2500.0,6000.0,6000.0,1869.5093388090272,-2504.4197190233235,1872.0899398166541,-2496.677916000519,0.0,248.82014854474738,252.52164822624354,0.16684189762286805,251.15892328083706,2.4630115907127843,0.009806586039384838,0.0,1869.587943439109,-2504.525018842681,630.412056560891,630.4906611909728,0.9999999999999987,0.9999738081876312,6000.0,10.0,NaN,4.147771295214225,4.147771295214225,4.147771295214225,4.147771295214225,0.41477712952142254,NaN,4.147771295213352,3.3924420320402687e-14,0.0,1.0,30.64802632720085,0.032518565906563816,0.002,750.0,562.5,0.028895236327930136,0.028895236327930136,NaN,NaN,0.001124924541207734
worst_vv_vw,0.5,1.03,pv_ld1668_load_a,b605,WorstPhaseVoltVarWatt,NoUnbalanceControl,GridCurrentTarget,LOCALLY_SOLVED,true,2500.0,6000.0,6000.0,1872.003864124407,-2502.4242547783656,1874.5842680078144,-2494.683043128219,0.0,248.80109844892087,252.51166970651272,0.15101314283298783,251.16006003315744,2.470118624769977,0.009834838486835362,0.0,1872.082573371818,-2502.5294703363384,627.917426628182,627.9961358755929,0.9999999999999987,0.9999738081876577,6000.0,10.0,NaN,4.147612874406176,4.147612874406176,4.147612874406176,4.147612874406176,0.41476128744061763,NaN,4.147612874405302,3.218412497774689e-14,0.0,1.0,30.735287428211322,0.03261115281033356,0.002,750.0,562.5,0.028977506882941238,0.028977506882941238,NaN,NaN,0.0012187621957357635
worst_vv_vw,0.5,1.03,pv_ld1895_load_b,b1804,WorstPhaseVoltVarWatt,NoUnbalanceControl,GridCurrentTarget,LOCALLY_SOLVED,true,2500.0,6000.0,6000.0,1880.8082181253656,-2495.381275189947,1883.389983558556,-2487.635978890451,0.0,248.7694033870545,252.47645072047467,0.20418320783255742,251.06607714652768,2.4413086601620435,0.009723769486935673,0.0,1880.8873198813303,-2495.4862242467134,619.1126801186697,619.1917818746344,0.9999999999999988,0.999973808187473,6000.0,10.0,NaN,4.148706973804461,4.148706973804461,4.148706973804461,4.148706973804461,0.4148706973804461,NaN,4.148706973803608,7.626490818988126e-14,0.0,1.0,30.384822790836804,0.032239298280886425,0.002,750.0,562.5,0.028647085654069725,0.028647085654069725,NaN,NaN,0.000934203756295683
worst_vv_vw,0.5,1.03,pv_ld1970_load_c,b2492,WorstPhaseVoltVarWatt,NoUnbalanceControl,GridCurrentTarget,LOCALLY_SOLVED,true,2500.0,6000.0,6000.0,1878.660580432312,-2497.0992519302586,1881.24243031381,-2489.3537022858395,0.0,248.78442356179872,252.4850416347797,0.21385896793424838,251.06843747346767,2.4373117893499305,0.009707758625006379,0.0,1878.739591305071,-2497.204272494814,621.2604086949291,621.3394195676881,0.9999999999999987,0.9999738081874615,6000.0,10.0,NaN,4.148774824356083,4.148774824356083,4.148774824356083,4.148774824356083,0.41487748243560835,NaN,4.148774824355231,7.887968927295148e-14,0.0,1.0,30.335573372245964,0.032187043024798835,0.002,750.0,562.5,0.02860065285692959,0.02860065285692959,NaN,NaN,0.0009098777158464828
worst_vv_vw,0.5,1.03,pv_ld2050_load_a,b1821,WorstPhaseVoltVarWatt,NoUnbalanceControl,GridCurrentTarget,LOCALLY_SOLVED,true,2500.0,6000.0,6000.0,1877.0553003845669,-2498.3833871620814,1879.636771783562,-2490.6389729651714,0.0,248.78727472142975,252.49146304719434,0.1969446521091253,251.09180332373057,2.4458863443830223,0.009741004333899189,0.0,1877.134238201409,-2498.488454357484,622.8657617985909,622.9446996154331,0.9999999999999988,0.9999738081875128,6000.0,10.0,NaN,4.148470721425472,4.148470721425472,4.148470721425472,4.148470721425472,0.4148470721425472,NaN,4.148470721424614,6.580935273446541e-14,0.0,1.0,30.440063662791225,0.03229791066643466,0.002,750.0,562.5,0.02869916724761312,0.02869916724761312,NaN,NaN,0.0009650177210211692
worst_vv_vw,0.5,1.03,pv_ld2186_load_b,b1754,WorstPhaseVoltVarWatt,NoUnbalanceControl,GridCurrentTarget,LOCALLY_SOLVED,true,2500.0,6000.0,6000.0,1880.1170596447846,-2495.934154782238,1882.6990248194938,-2488.1882592581856,0.0,248.77531658913813,252.47921546339708,0.2155913932173341,251.0584251838771,2.4360879234546777,0.009703270948467348,0.0,1880.196134150721,-2496.0391295055465,619.803865849279,619.8829403552154,0.9999999999999987,0.9999738081874453,6000.0,10.0,NaN,4.148867455658138,4.148867455658138,4.148867455658138,4.148867455658138,0.4148867455658138,NaN,4.148867455657287,8.321197208541731e-14,0.0,1.0,30.321017714188677,0.032171598991933496,0.002,750.0,562.5,0.028586929650906836,0.028586929650906836,NaN,NaN,0.0009017493960077521
worst_vv_vw,0.5,1.03,pv_ld248_load_b,b2560,WorstPhaseVoltVarWatt,NoUnbalanceControl,GridCurrentTarget,LOCALLY_SOLVED,true,2500.0,6000.0,6000.0,1870.9450487178376,-2503.2712397650403,1873.525580351515,-2495.5296448640843,0.0,248.80981182858076,252.51590514370614,0.16006773338587588,251.15740026546126,2.4659287562780796,0.009818260396355877,0.0,1871.0237140734596,-2503.376491776747,628.9762859265404,629.0549512821624,0.9999999999999988,0.9999738081876404,6000.0,10.0,NaN,4.1477155428507135,4.1477155428507135,4.1477155428507135,4.1477155428507135,0.41477155428507134,NaN,4.14771554284984,3.3170104703404644e-14,0.0,1.0,30.68391308991948,0.03255664294441847,0.002,750.0,562.5,0.02892907069229415,0.02892907069229415,NaN,NaN,0.0011603113818380397
worst_vv_vw,0.5,1.03,pv_ld24_load_a,b1044,WorstPhaseVoltVarWatt,NoUnbalanceControl,GridCurrentTarget,LOCALLY_SOLVED,true,2500.0,6000.0,6000.0,1876.5180821973288,-2498.813133810442,1879.09935460225,-2491.0693165957528,0.0,248.7886003699087,252.49361202109242,0.1882118862343071,251.1031664221948,2.4502699895804767,0.009758021073540311,0.0,1876.596994726888,-2498.9182154922523,623.4030052731121,623.4819178026712,0.9999999999999988,0.9999738081875399,6000.0,10.0,NaN,4.148310824825885,4.148310824825885,4.148310824825885,4.148310824825885,0.41483108248258854,NaN,4.148310824825025,5.871254065574465e-14,0.0,1.0,30.4934445645427,0.03235454956230443,0.002,750.0,562.5,0.028749495244432308,0.028749495244432308,NaN,NaN,0.0009995239514022345
worst_vv_vw,0.5,1.03,pv_ld2804_load_c,b2443,WorstPhaseVoltVarWatt,NoUnbalanceControl,GridCurrentTarget,LOCALLY_SOLVED,true,2500.0,6000.0,6000.0,1875.8182641871347,-2499.3729448407134,1878.3995664520007,-2491.6290380461905,0.0,248.7935472885474,252.49641141157,0.19141776865235946,251.1039265311299,2.448921412969577,0.009752620943846447,0.0,1875.8971471074994,-2499.4780498239857,624.1028528925006,624.1817358128653,0.9999999999999987,0.9999738081875355,6000.0,10.0,NaN,4.148334818413798,4.148334818413798,4.148334818413798,4.148334818413798,0.4148334818413798,NaN,4.1483348184129385,5.921433714351622e-14,0.0,1.0000000000000002,30.47683789491582,0.032336929338575224,0.002,750.0,562.5,0.028733838326157703,0.028733838326157703,NaN,NaN,0.0009889415069916432
worst_vv_vw,0.5,1.03,pv_ld626_load_c,b2055,WorstPhaseVoltVarWatt,NoUnbalanceControl,GridCurrentTarget,LOCALLY_SOLVED,true,2500.0,6000.0,6000.0,1880.3790010218386,-2495.72461587285,1882.9610416163428,-2487.9784940894137,0.0,248.7747695143682,252.47816764959043,0.2188980037846548,251.05397540774584,2.4344526731765153,0.009696929392265678,0.0,1880.4580876023851,-2495.829583186833,619.5419123976149,619.6209989781614,0.9999999999999988,0.9999738081874349,6000.0,10.0,NaN,4.148928049900429,4.148928049900429,4.148928049900429,4.148928049900429,0.41489280499004294,NaN,4.148928049899579,8.588574718864852e-14,0.0,1.0000000000000002,30.30110694564967,0.03215047301037515,0.002,750.0,562.5,0.02856815759830335,0.02856815759830335,NaN,NaN,0.0008925752062300421
worst_vv_vw,0.5,1.03,pv_ld868_load_a,b2190,WorstPhaseVoltVarWatt,NoUnbalanceControl,GridCurrentTarget,LOCALLY_SOLVED,true,2500.0,6000.0,6000.0,1876.5165820379061,-2498.8143284328676,1879.0980761723363,-2491.0698460296526,0.0,248.79106809606756,252.4936180117538,0.19940173626102153,251.09238669582473,2.4448604807540395,0.00973689609998316,0.0,1876.595497061546,-2498.919413566614,623.404502938454,623.4834179620939,0.9999999999999987,0.9999738081875095,6000.0,10.0,NaN,4.148488989510737,4.148488989510737,4.148488989510737,4.148488989510737,0.4148488989510737,NaN,4.14848898950988,6.642985158654485e-14,0.0,1.0,30.42743035586271,0.032284506311466316,0.002,750.0,562.5,0.02868725645161595,0.02868725645161595,NaN,NaN,0.000957811675432003
sequence_vv_vw,0.5,1.03,pv_ld1291_load_b,b828,PositiveSequenceVoltVarWatt,NoUnbalanceControl,GridCurrentTarget,LOCALLY_SOLVED,true,2500.0,6000.0,6000.0,1863.3227133991404,-2240.152115386847,1865.5651793374195,-2233.424717572082,0.0,248.8475396611283,252.54639580849164,0.15390913184880262,251.2012314592646,2.4708175469120084,0.009836008894377902,0.0,1863.401047877083,-2240.2462918529627,636.5989521229169,636.6772866008596,0.9999999999999989,0.9999738082330005,6000.0,10.0,NaN,3.866493621069308,3.866493621069308,3.866493621069308,3.866493621069308,0.3866493621069308,NaN,3.8664936210662972,1.1860078051657064e-13,0.0,1.0,28.660200851775205,0.03040941757044375,0.002,750.0,562.5,0.02702109649661155,0.02702109649661155,NaN,NaN,0.0007836731644129885
sequence_vv_vw,0.5,1.03,pv_ld1446_load_c,b260,PositiveSequenceVoltVarWatt,NoUnbalanceControl,GridCurrentTarget,LOCALLY_SOLVED,true,2500.0,6000.0,6000.0,1866.6922834116126,-2233.826010868244,1868.9311573795103,-2227.109388964623,0.0,248.83072079901933,252.53291693200384,0.16726484952211804,251.16959965149886,2.462135983719683,0.009802683076040769,0.0,1866.7707669990377,-2233.919930299835,633.2292330009623,633.3077165883874,0.9999999999999988,0.9999738082334774,6000.0,10.0,NaN,3.8633957152430964,3.8633957152430964,3.8633957152430964,3.8633957152430964,0.38633957152430964,NaN,3.863395715240092,1.5578786216736897e-13,0.0,1.0,28.536616829412772,0.030278290850136377,0.002,750.0,562.5,0.02690458036293349,0.02690458036293349,NaN,NaN,0.0006916985838277996
sequence_vv_vw,0.5,1.03,pv_ld1668_load_a,b605,PositiveSequenceVoltVarWatt,NoUnbalanceControl,GridCurrentTarget,LOCALLY_SOLVED,true,2500.0,6000.0,6000.0,1869.4277705373358,-2233.857845141597,1871.669379277801,-2227.133018920276,0.0,248.81065871142235,252.52197452361258,0.15143947250826517,251.16975882933752,2.469330924586104,0.009831322592716832,0.0,1869.5063690968475,-2233.9517658675504,630.4936309031525,630.5722294626642,0.9999999999999988,0.9999738082331147,6000.0,10.0,NaN,3.865754553728248,3.865754553728248,3.865754553728248,3.865754553728248,0.3865754553728248,NaN,3.8657545537252416,1.2876136527377919e-13,0.0,1.0,28.637481799031345,0.030385311906800126,0.002,750.0,562.5,0.0269996767682685,0.0269996767682685,NaN,NaN,0.0007657799421293514
sequence_vv_vw,0.5,1.03,pv_ld1895_load_b,b1804,PositiveSequenceVoltVarWatt,NoUnbalanceControl,GridCurrentTarget,LOCALLY_SOLVED,true,2500.0,6000.0,6000.0,1875.3157715254085,-2217.55824600956,1877.5454836185547,-2210.869109730194,0.0,248.7919146632073,252.4984214522441,0.20493248384543095,251.08825752126347,2.4393352640509622,0.009715051146286229,0.0,1875.3946369389741,-2217.6515042527435,624.6053630610259,624.6842284745915,0.9999999999999989,0.9999738082346923,6000.0,10.0,NaN,3.8554827567439856,3.8554827567439856,3.8554827567439856,3.8554827567439856,0.38554827567439853,NaN,3.855482756741001,2.5559167491257506e-13,0.0,1.0,28.2144451452069,0.029936456076365203,0.002,750.0,562.5,0.026600833986122053,0.026600833986122053,NaN,NaN,0.000539185457305134
sequence_vv_vw,0.5,1.03,pv_ld1970_load_c,b2492,PositiveSequenceVoltVarWatt,NoUnbalanceControl,GridCurrentTarget,LOCALLY_SOLVED,true,2500.0,6000.0,6000.0,1873.0970491755074,-2218.0838178050153,1875.3251323174534,-2211.3995683792486,0.0,248.80721144567306,252.50729671735786,0.21458539687998865,251.0908854870693,2.43530546160442,0.009698900288158145,0.0,1873.1758206605334,-2218.177097413904,626.8241793394666,626.9029508244926,0.9999999999999988,0.9999738082349083,6000.0,10.0,NaN,3.854074157678034,3.854074157678034,3.854074157678034,3.854074157678034,0.3854074157678034,NaN,3.854074157675051,2.71538875051905e-13,0.0,1.0000000000000002,28.157543536660885,0.02987608159456546,0.002,750.0,562.5,0.02654718663510441,0.02654718663510441,NaN,NaN,0.0005197521647010513
sequence_vv_vw,0.5,1.03,pv_ld2050_load_a,b1821,PositiveSequenceVoltVarWatt,NoUnbalanceControl,GridCurrentTarget,LOCALLY_SOLVED,true,2500.0,6000.0,6000.0,1872.25870471655,-2222.1025235455195,1874.4903177048882,-2215.407684580578,0.0,248.80666547520767,252.51065025522496,0.1975962262022185,251.11097983258935,2.4442030060022253,0.009733556882425954,0.0,1872.3374361937585,-2222.1959665179184,627.6625638062415,627.74129528345,0.9999999999999989,0.9999738082344404,6000.0,10.0,NaN,3.8571258628882474,3.8571258628882474,3.8571258628882474,3.8571258628882474,0.38571258628882477,NaN,3.857125862885258,2.3370035266520007e-13,0.0,1.0,28.28279588562085,0.030008978464371124,0.002,750.0,562.5,0.026665275682183253,0.026665275682183253,NaN,NaN,0.0005641526400265397
sequence_vv_vw,0.5,1.03,pv_ld2186_load_b,b1754,PositiveSequenceVoltVarWatt,NoUnbalanceControl,GridCurrentTarget,LOCALLY_SOLVED,true,2500.0,6000.0,6000.0,1874.2849569008158,-2216.314256986069,1876.512299430414,-2209.632229397348,0.0,248.7993073513171,252.5025448782466,0.21636269054066937,251.08203732327542,2.433965109738396,0.009693903776177326,0.0,1874.3637804383457,-2216.4074646551317,625.6362195616543,625.7150430991842,0.9999999999999988,0.9999738082350066,6000.0,10.0,NaN,3.853433559467081,3.853433559467081,3.853433559467081,3.853433559467081,0.3853433559467081,NaN,3.853433559464098,2.788815479371087e-13,0.0,1.0000000000000002,28.13736850910542,0.02985467522548224,0.002,750.0,562.5,0.026528165436710858,0.026528165436710858,NaN,NaN,0.0005131122504814494
sequence_vv_vw,0.5,1.03,pv_ld248_load_b,b2560,PositiveSequenceVoltVarWatt,NoUnbalanceControl,GridCurrentTarget,LOCALLY_SOLVED,true,2500.0,6000.0,6000.0,1868.1830296654718,-2233.4797378129174,1870.422996778036,-2226.759836475299,0.0,248.82016889619183,252.52695369465886,0.1604995762566015,251.16786821587073,2.465071184155543,0.00981443686115492,0.0,1868.2615763352796,-2233.5736431741802,631.7384236647204,631.8169703345282,0.9999999999999989,0.9999738082333322,6000.0,10.0,NaN,3.864338764092215,3.864338764092215,3.864338764092215,3.864338764092215,0.3864338764092215,NaN,3.8643387640892097,1.4506645433817654e-13,0.0,1.0000000000000002,28.57761039941326,0.030321786378806368,0.002,750.0,562.5,0.0269432294713763,0.0269432294713763,NaN,NaN,0.0007196630459088106
sequence_vv_vw,0.5,1.03,pv_ld24_load_a,b1044,PositiveSequenceVoltVarWatt,NoUnbalanceControl,GridCurrentTarget,LOCALLY_SOLVED,true,2500.0,6000.0,6000.0,1872.1111139334664,-2224.0428639911393,1874.3446884860439,-2217.342140333479,0.0,248.80627164266986,252.51124065235524,0.18882359244535807,251.12068192916544,2.448750256617468,0.009751288654544974,0.0,1872.1898369111832,-2224.136385833136,627.8101630888168,627.8888860665336,0.9999999999999988,0.9999738082341801,6000.0,10.0,NaN,3.8588206769803564,3.8588206769803564,3.8588206769803564,3.8588206769803564,0.3858820676980356,NaN,3.8588206769773654,2.1377647084392808e-13,0.0,1.0,28.347864368823057,0.03007801826931186,0.002,750.0,562.5,0.02672662283646825,0.02672662283646825,NaN,NaN,0.0005917823866542624
sequence_vv_vw,0.5,1.03,pv_ld2804_load_c,b2443,PositiveSequenceVoltVarWatt,NoUnbalanceControl,GridCurrentTarget,LOCALLY_SOLVED,true,2500.0,6000.0,6000.0,1871.386754223712,-2224.213414185159,1873.619797450949,-2217.5142845035193,0.0,248.81131430493798,252.51413821384213,0.19202313525324063,251.12153471479544,2.4473917369221954,0.009745845730441856,0.0,1871.4654465394633,-2224.3069429591415,628.5345534605367,628.6132457762881,0.9999999999999989,0.9999738082342509,6000.0,10.0,NaN,3.858361679282597,3.858361679282597,3.858361679282597,3.858361679282597,0.3858361679282597,NaN,3.8583616792796063,2.1888047765244096e-13,0.0,1.0,28.328767475629903,0.030057755836316005,0.002,750.0,562.5,0.02670861811289968,0.02670861811289968,NaN,NaN,0.0005833567885691759
sequence_vv_vw,0.5,1.03,pv_ld626_load_c,b2055,PositiveSequenceVoltVarWatt,NoUnbalanceControl,GridCurrentTarget,LOCALLY_SOLVED,true,2500.0,6000.0,6000.0,1874.3981827437926,-2215.5512121198603,1876.6248111219352,-2208.8713269855048,0.0,248.79941814986609,252.50209195221458,0.2196844575083188,251.07822194383374,2.4322654585711367,0.009687281675569755,0.0,1874.4770119463478,-2215.6443887668015,625.5229880536522,625.6018172562074,0.9999999999999988,0.999973808235101,6000.0,10.0,NaN,3.8528157479336156,3.8528157479336156,3.8528157479336156,3.8528157479336156,0.38528157479336156,NaN,3.8528157479306326,2.8637592806734995e-13,0.0,1.0,28.113211985600547,0.029829044357990993,0.002,750.0,562.5,0.026505390447937444,0.026505390447937444,NaN,NaN,0.0005056940999266067
sequence_vv_vw,0.5,1.03,pv_ld868_load_a,b2190,PositiveSequenceVoltVarWatt,NoUnbalanceControl,GridCurrentTarget,LOCALLY_SOLVED,true,2500.0,6000.0,6000.0,1871.7013990509256,-2222.233217381101,1873.932602455719,-2215.539607166793,0.0,248.81053129811443,252.51287957224932,0.20004817383380466,251.1116333283289,2.443169265583815,0.00972941489488608,0.0,1871.7801069376685,-2222.326665665834,628.2198930623315,628.2986009490744,0.9999999999999989,0.9999738082344947,6000.0,10.0,NaN,3.8567718839981113,3.8567718839981113,3.8567718839981113,3.8567718839981113,0.38567718839981113,NaN,3.8567718839951217,2.377295786094065e-13,0.0,1.0,28.268239593872227,0.029993533759138997,0.002,750.0,562.5,0.026651551878711117,0.026651551878711117,NaN,NaN,0.0005584072320310061
sequence_droop,0.5,1.03,pv_ld1291_load_b,b828,PositiveSequenceVoltVarWatt,NegativeSequenceAdmittanceDroop,GridCurrentTarget,LOCALLY_SOLVED,true,2500.0,6000.0,6000.0,1889.3097399534067,-2252.926972908574,1895.4573200508426,-2234.48423261634,0.0,249.3686975358877,252.3268953287796,0.15649031774641384,251.22177790838606,1.9853063074279327,0.007902604320203168,0.00790253176226448,1918.2761678050883,-2244.3555816773282,581.7238321949117,610.6902600465933,0.9999999999999988,0.9999738072323944,6000.0,10.0,NaN,7.912982159116656,7.912982159116656,7.912982159116656,7.912982159116656,0.7912982159116656,NaN,3.9172800436322923,5.063475523381343,3.088465152278502,2.0200195214501866,3797.042385870196,4.0287870989379035,0.002,750.0,562.5,3.5798858926687496,3.5798858926687496,NaN,NaN,0.0008774104683720656
sequence_droop,0.5,1.03,pv_ld1446_load_c,b260,PositiveSequenceVoltVarWatt,NegativeSequenceAdmittanceDroop,GridCurrentTarget,LOCALLY_SOLVED,true,2500.0,6000.0,6000.0,1906.071021244629,-2247.9846373229557,1911.859269875042,-2230.6198914317906,0.0,249.4148061615272,252.26883131244165,0.17007927959047284,251.2004342000606,1.9257775482090467,0.007666298644513179,0.0076662279474910295,1932.7921718895868,-2240.086840012226,567.2078281104132,593.928978755371,0.9999999999999989,0.9999738073931239,6000.0,10.0,NaN,7.696710431323424,7.696710431323424,7.696710431323424,7.696710431323424,0.7696710431323424,NaN,3.925864461471457,4.814136727679374,3.087210863419534,1.960513539594674,3609.511637970418,3.8298107955381058,0.002,750.0,562.5,3.403080207974193,3.403080207974193,NaN,NaN,0.0008836431727035556
sequence_droop,0.5,1.03,pv_ld1668_load_a,b605,PositiveSequenceVoltVarWatt,NegativeSequenceAdmittanceDroop,GridCurrentTarget,LOCALLY_SOLVED,true,2500.0,6000.0,6000.0,1897.385170216782,-2248.3293095688996,1903.718331101015,-2229.3298269162733,0.0,249.31020257002365,252.290249713075,0.1539227921260423,251.19716021912518,2.012926635756413,0.00801333356635278,0.008013260117768777,1927.4375717312403,-2239.432043825158,572.5624282687597,602.614829783218,0.9999999999999988,0.9999738071359705,6000.0,10.0,NaN,8.055881227982109,8.055881227982109,8.055881227982109,8.055881227982109,0.8055881227982109,NaN,3.9206191904635377,5.181680974819728,3.0730941320038005,2.0547471806456983,3885.354952312309,4.122489642180528,0.002,750.0,562.5,3.663147778795691,3.663147778795691,NaN,NaN,0.0010049378967029606
sequence_droop,0.5,1.03,pv_ld1895_load_b,b1804,PositiveSequenceVoltVarWatt,NegativeSequenceAdmittanceDroop,GridCurrentTarget,LOCALLY_SOLVED,true,2500.0,6000.0,6000.0,1957.6192913536395,-2235.0886941509816,1962.3726120792926,-2220.8287319740975,0.0,249.5888762740306,252.08990463272596,0.2080572434518919,251.14618001592024,1.7219825478799218,0.006856495080955501,0.006856430774896319,1977.5238418185043,-2229.2360031841204,522.4761581814957,542.3807086463605,0.9999999999999988,0.9999738077555714,6000.0,10.0,NaN,7.0070339548004705,7.0070339548004705,7.0070339548004705,7.0070339548004705,0.700703395480047,NaN,3.9549653415740664,4.005877430041448,3.08349578524922,1.7717055270123172,3002.0802520608845,3.185306077827019,0.002,750.0,562.5,2.8303884051979606,2.8303884051979606,NaN,NaN,0.0009114047008474078
sequence_droop,0.5,1.03,pv_ld1970_load_c,b2492,PositiveSequenceVoltVarWatt,NegativeSequenceAdmittanceDroop,GridCurrentTarget,LOCALLY_SOLVED,true,2500.0,6000.0,6000.0,1960.153102275279,-2235.632853857692,1964.708785259139,-2221.965804906187,0.0,249.64774395371504,252.0851269752278,0.21800527568343825,251.15091017428426,1.6767569468746522,0.006676292535476297,0.006676229660069701,1978.7182561930426,-2230.182034856924,521.2817438069574,539.846897724721,0.9999999999999988,0.9999738078105529,6000.0,10.0,NaN,6.8406148519724,6.8406148519724,6.8406148519724,6.8406148519724,0.68406148519724,NaN,3.956882063495072,3.835922865214059,3.0935705574770407,1.7287891683927634,2874.6211395812475,3.050067759205419,0.002,750.0,562.5,2.7102188015201345,2.7102188015201345,NaN,NaN,0.0008435656959959768
sequence_droop,0.5,1.03,pv_ld2050_load_a,b1821,PositiveSequenceVoltVarWatt,NegativeSequenceAdmittanceDroop,GridCurrentTarget,LOCALLY_SOLVED,true,2500.0,6000.0,6000.0,1943.6146513709978,-2238.6925126857145,1948.5814307113328,-2223.7921746647835,0.0,249.55297769404294,252.1400530468275,0.20074241786222996,251.16199765100376,1.769346751167058,0.007044643567557589,0.007044577777690981,1964.9867382931266,-2232.399530200841,535.0132617068734,556.3853486290022,0.9999999999999988,0.9999738076914618,6000.0,10.0,NaN,7.1528099243282375,7.1528099243282375,7.1528099243282375,7.1528099243282375,0.7152809924328237,NaN,3.946845150020412,4.1873948500878955,3.087488372844512,1.812285421002132,3138.519412055007,3.330072522789489,0.002,750.0,562.5,2.959024478866281,2.959024478866281,NaN,NaN,0.0008806608535664406
sequence_droop,0.5,1.03,pv_ld2186_load_b,b1754,PositiveSequenceVoltVarWatt,NegativeSequenceAdmittanceDroop,GridCurrentTarget,LOCALLY_SOLVED,true,2500.0,6000.0,6000.0,1962.811645849402,-2234.1804098077478,1967.362926281984,-2220.526568510077,0.0,249.64167852311385,252.0746441966329,0.21966829596036525,251.14370460256984,1.6754328005300685,0.006671211620380488,0.0066711487819255755,1981.338950841768,-2228.7409205140466,518.6610491582319,537.1883541505979,0.9999999999999988,0.9999738078114447,6000.0,10.0,NaN,6.841857151535262,6.841857151535262,6.841857151535262,6.841857151535262,0.6841857151535262,NaN,3.9578751775108327,3.831069515118335,3.0910980631785905,1.728669259308173,2870.8878945900083,3.0461066632445593,0.002,750.0,562.5,2.7066990643879523,2.7066990643879523,NaN,NaN,0.0008527596493603032
sequence_droop,0.5,1.03,pv_ld248_load_b,b2560,PositiveSequenceVoltVarWatt,NegativeSequenceAdmittanceDroop,GridCurrentTarget,LOCALLY_SOLVED,true,2500.0,6000.0,6000.0,1903.032016678529,-2247.828577816981,1909.0470259624879,-2229.783549965178,0.0,249.368192580483,252.27539756524678,0.1631638851015439,251.1975575225544,1.963156670989895,0.007815190125061738,0.007815118246746638,1931.1506086883,-2239.511504511005,568.8493913117,596.9679833214709,0.9999999999999988,0.9999738072930415,6000.0,10.0,NaN,7.850685753730804,7.850685753730804,7.850685753730804,7.850685753730804,0.7850685753730804,NaN,3.9239086161718046,4.970211571439974,3.0803606825813765,2.0007310367484856,3726.620515394841,3.9540671736850372,0.002,750.0,562.5,3.5134915164594642,3.5134915164594642,NaN,NaN,0.0009362478473953163
sequence_droop,0.5,1.03,pv_ld24_load_a,b1044,PositiveSequenceVoltVarWatt,NegativeSequenceAdmittanceDroop,GridCurrentTarget,LOCALLY_SOLVED,true,2500.0,6000.0,6000.0,1937.1330437576569,-2240.23667413602,1942.2856110374112,-2224.778972296831,0.0,249.5146284599055,252.1610635055607,0.19188077458911973,251.1678748750906,1.807376339865719,0.007195889764025567,0.007195822778274478,1959.7341236098212,-2233.5749750181953,540.2658763901788,562.8669562423431,0.9999999999999988,0.9999738076307022,6000.0,10.0,NaN,7.288472743233455,7.288472743233455,7.288472743233455,7.288472743233455,0.7288472743233455,NaN,3.9433230721124937,4.335971826537132,3.084106965203903,1.848307280422026,3250.102393487949,3.4484657431893826,0.002,750.0,562.5,3.064225922647943,3.064225922647943,NaN,NaN,0.0009103511127186597
sequence_droop,0.5,1.03,pv_ld2804_load_c,b2443,PositiveSequenceVoltVarWatt,NegativeSequenceAdmittanceDroop,GridCurrentTarget,LOCALLY_SOLVED,true,2500.0,6000.0,6000.0,1938.2073303515324,-2240.375755227879,1943.2789333882351,-2225.1609461178455,0.0,249.53522396314872,252.15887558284555,0.19516824979882427,251.1693613333815,1.7912392934388528,0.007131599506921187,0.007131533031439329,1960.2811042886074,-2233.8722666763865,539.7188957113926,561.7926696484676,0.9999999999999988,0.999973807657807,6000.0,10.0,NaN,7.226202746015667,7.226202746015667,7.226202746015667,7.226202746015667,0.7226202746015666,NaN,3.944075042119508,4.272582237167794,3.087410569251226,1.8321666471488613,3202.5526760084877,3.3980139259928532,0.002,750.0,562.5,3.0193956190836335,3.0193956190836335,NaN,NaN,0.0008861094321548267
sequence_droop,0.5,1.03,pv_ld626_load_c,b2055,PositiveSequenceVoltVarWatt,NegativeSequenceAdmittanceDroop,GridCurrentTarget,LOCALLY_SOLVED,true,2500.0,6000.0,6000.0,1965.6025838107598,-2233.604731433114,1970.0875227275646,-2220.149914682776,0.0,249.6581501665083,252.06533510179668,0.22303199717257413,251.1415217657272,1.659248094284619,0.006606825038801901,0.00660676270975793,1983.666224550829,-2228.304353145505,516.3337754491711,534.3974161892402,0.9999999999999988,0.9999738078283499,6000.0,10.0,NaN,6.788724926266036,6.788724926266036,6.788724926266036,6.788724926266036,0.6788724926266035,NaN,3.9595296740036603,3.7711692535953207,3.092342630297615,1.7145281094481193,2825.915597997266,2.9983895745450284,0.002,750.0,562.5,2.664298776539605,2.664298776539605,NaN,NaN,0.0008445198984077017
sequence_droop,0.5,1.03,pv_ld868_load_a,b2190,PositiveSequenceVoltVarWatt,NegativeSequenceAdmittanceDroop,GridCurrentTarget,LOCALLY_SOLVED,true,2500.0,6000.0,6000.0,1944.3717334865337,-2238.81040493955,1949.281424971519,-2224.0813304846693,0.0,249.5683629490138,252.13853331442198,0.2032639828304215,251.16315290601514,1.7573960156168171,0.006997029601210779,0.006996964189289265,1965.3666713945001,-2232.630581203119,534.6333286054999,555.6282665134663,0.9999999999999987,0.9999738077095085,6000.0,10.0,NaN,7.10748246851587,7.10748246851587,7.10748246851587,7.10748246851587,0.710748246851587,NaN,3.947390307175594,4.141181755159346,3.090007453411957,1.800552242224631,3103.856510328817,3.2932940417786116,0.002,750.0,562.5,2.926343981711359,2.926343981711359,NaN,NaN,0.0008637569744251493
unity,1.0,1.03,pv_ld1291_load_b,b828,AverageVoltageVoltVarWatt,NoUnbalanceControl,GridCurrentTarget,LOCALLY_SOLVED,true,5000.0,6000.0,6000.0,4999.790100568548,6.576336697428076e-10,5006.367887756021,19.733361562933837,0.0,249.29244078094615,253.02468732454963,0.14005628901682884,251.67277504818085,2.4759509684583687,0.009837976984138895,0.0,4999.999999999982,0.0,1.8189894035458565e-11,0.20989943145195866,0.9999999999999962,0.9999738074629311,6000.0,10.0,NaN,6.62207781461651,6.62207781461651,6.62207781461651,6.62207781461651,0.662207781461651,NaN,6.622077814616453,6.135415898383842e-14,0.0,1.0,49.187819934958846,0.052189897883752036,0.002,750.0,562.5,0.04637472137038986,0.04637472137038986,NaN,NaN,0.00017345356184463815
unity,1.0,1.03,pv_ld1446_load_c,b260,AverageVoltageVoltVarWatt,NoUnbalanceControl,GridCurrentTarget,LOCALLY_SOLVED,true,5000.0,6000.0,6000.0,4999.790144412883,7.034303695085953e-10,5006.36427850972,19.72240229106935,0.0,249.36748777607312,253.1092182955294,0.1503807931905381,251.74269184528842,2.471283300229944,0.00981670324614111,0.0,4999.999999999982,0.0,1.8189894035458565e-11,0.20985558711709018,0.9999999999999962,0.9999738074638641,6000.0,10.0,NaN,6.620238715126378,6.620238715126378,6.620238715126378,6.620238715126378,0.6620238715126379,NaN,6.620238715126322,5.806046281850664e-14,0.0,1.0,49.08145614071781,0.05207704239295541,0.002,750.0,562.5,0.046274440623482294,0.046274440623482294,NaN,NaN,0.00017340538372696558
unity,1.0,1.03,pv_ld1668_load_a,b605,AverageVoltageVoltVarWatt,NoUnbalanceControl,GridCurrentTarget,LOCALLY_SOLVED,true,5000.0,6000.0,6000.0,4999.790089947427,6.927618201313379e-10,5006.368762082094,19.736016404548003,0.0,249.2624464526539,253.01161074036284,0.13559942744564438,251.65584673533192,2.4777299443964287,0.009845707844818218,0.0,4999.999999999982,0.0,1.8189894035458565e-11,0.20991005257292272,0.9999999999999962,0.9999738074627053,6000.0,10.0,NaN,6.622523252566934,6.622523252566934,6.622523252566934,6.622523252566934,0.6622523252566934,NaN,6.622523252566879,5.741581220690035e-14,0.0,1.0,49.226472511073815,0.052230909540765,0.002,750.0,562.5,0.04641116336863156,0.04641116336863156,NaN,NaN,0.00017346523079584547
unity,1.0,1.03,pv_ld1895_load_b,b1804,AverageVoltageVoltVarWatt,NoUnbalanceControl,GridCurrentTarget,LOCALLY_SOLVED,true,5000.0,6000.0,6000.0,4999.790266081136,8.224323999606042e-10,5006.354262832567,19.69199025496967,0.0,249.57958264025538,253.34161769824223,0.18132006789672295,251.93701693740044,2.4582699994991493,0.009757478394332037,0.0,4999.999999999982,0.0,1.8189894035458565e-11,0.2097339188640035,0.9999999999999962,0.9999738074664488,6000.0,10.0,NaN,6.61513252645401,6.61513252645401,6.61513252645401,6.61513252645401,0.6615132526454011,NaN,6.615132526453953,5.531210890924484e-14,0.0,1.0,48.785345497501744,0.051762859242489,0.002,750.0,562.5,0.04599526483174949,0.04599526483174949,NaN,NaN,0.00017327161909145268
unity,1.0,1.03,pv_ld1970_load_c,b2492,AverageVoltageVoltVarWatt,NoUnbalanceControl,GridCurrentTarget,LOCALLY_SOLVED,true,5000.0,6000.0,6000.0,4999.790299801145,8.263355277815521e-10,5006.351487015258,19.683561643015544,0.0,249.645571508689,253.40182338812673,0.19029241835094896,251.99095328854995,2.4543236027416806,0.009739729028808753,0.0,4999.999999999982,0.0,1.8189894035458565e-11,0.20970019885498914,0.9999999999999962,0.999973807467164,6000.0,10.0,NaN,6.613716662645455,6.613716662645455,6.613716662645455,6.613716662645455,0.6613716662645455,NaN,6.613716662645397,5.656877521179222e-14,0.0,1.0,48.69660272095443,0.051668700232147396,0.002,750.0,562.5,0.045911597339645366,0.045911597339645366,NaN,NaN,0.0001732345283291035
unity,1.0,1.03,pv_ld2050_load_a,b1821,AverageVoltageVoltVarWatt,NoUnbalanceControl,GridCurrentTarget,LOCALLY_SOLVED,true,5000.0,6000.0,6000.0,4999.790243042226,7.925951561738032e-10,5006.356159385193,19.69774902954484,0.0,249.54125001533106,253.29663574923617,0.17551377673868343,251.9001853106404,2.460614109581329,0.009768210795664672,0.0,4999.999999999982,0.0,1.8189894035458565e-11,0.2097569577736067,0.9999999999999962,0.9999738074659595,6000.0,10.0,NaN,6.6160997286505685,6.6160997286505685,6.6160997286505685,6.6160997286505685,0.6616099728650569,NaN,6.6160997286505125,5.5699126177576974e-14,0.0,1.0,48.839005028171464,0.05181979377282272,0.002,750.0,562.5,0.04604585552243183,0.04604585552243183,NaN,NaN,0.0001732969564689734
unity,1.0,1.03,pv_ld2186_load_b,b1754,AverageVoltageVoltVarWatt,NoUnbalanceControl,GridCurrentTarget,LOCALLY_SOLVED,true,5000.0,6000.0,6000.0,4999.790304223471,8.384785921133897e-10,5006.3511229709475,19.682456243123088,0.0,249.65115334740943,253.41198622775718,0.1915545349259884,251.99802953034717,2.453944398906649,0.009737950743028051,0.0,4999.999999999982,0.0,1.8189894035458565e-11,0.20969577652886073,0.9999999999999962,0.9999738074672574,6000.0,10.0,NaN,6.613530951732313,6.613530951732313,6.613530951732313,6.613530951732313,0.6613530951732314,NaN,6.613530951732257,5.557717501785732e-14,0.0,1.0,48.68771170802083,0.05165926657443121,0.002,750.0,562.5,0.04590321481226303,0.04590321481226303,NaN,NaN,0.0001732296633482926
unity,1.0,1.03,pv_ld248_load_b,b2560,AverageVoltageVoltVarWatt,NoUnbalanceControl,GridCurrentTarget,LOCALLY_SOLVED,true,5000.0,6000.0,6000.0,4999.790120915931,7.015221736850208e-10,5006.366212768516,19.728275558310912,0.0,249.32160339299176,253.06747484758537,0.14395838940424288,251.7052149549333,2.4740936076324043,0.009829329948826765,0.0,4999.999999999982,0.0,1.8189894035458565e-11,0.20987908406914357,0.9999999999999962,0.9999738074633643,6000.0,10.0,NaN,6.62122438452611,6.62122438452611,6.62122438452611,6.62122438452611,0.662122438452611,NaN,6.621224384526054,5.733754029645654e-14,0.0,1.0,49.14458677340233,0.052144026074636786,0.002,750.0,562.5,0.04633396075477774,0.04633396075477774,NaN,NaN,0.00017343120489387654
unity,1.0,1.03,pv_ld24_load_a,b1044,AverageVoltageVoltVarWatt,NoUnbalanceControl,GridCurrentTarget,LOCALLY_SOLVED,true,5000.0,6000.0,6000.0,4999.79021427372,7.746407681974432e-10,5006.358527596889,19.70493997013392,0.0,249.4887246430009,253.24277534778392,0.16785641285001113,251.8542165922809,2.4638202996011778,0.009782724041463166,0.0,4999.999999999982,0.0,1.8189894035458565e-11,0.20978572627973335,0.9999999999999962,0.9999738074653491,6000.0,10.0,NaN,6.617307268630156,6.617307268630156,6.617307268630156,6.617307268630156,0.6617307268630156,NaN,6.617307268630098,5.550407611093327e-14,0.0,1.0,48.911567931475105,0.05189678540446199,0.002,750.0,562.5,0.046114268483750054,0.046114268483750054,NaN,NaN,0.00017332858986990392
unity,1.0,1.03,pv_ld2804_load_c,b2443,AverageVoltageVoltVarWatt,NoUnbalanceControl,GridCurrentTarget,LOCALLY_SOLVED,true,5000.0,6000.0,6000.0,4999.790225430077,7.768959087162131e-10,5006.357609210155,19.70215134086328,0.0,249.51053753794085,253.26265430833277,0.1708540400665533,251.8720401620204,2.4625023489008084,0.009776799152922126,0.0,4999.999999999982,0.0,1.8189894035458565e-11,0.2097745699229563,0.9999999999999962,0.9999738074655857,6000.0,10.0,NaN,6.616839013722907,6.616839013722907,6.616839013722907,6.616839013722907,0.6616839013722907,NaN,6.616839013722851,5.590021165704179e-14,0.0,1.0,48.88194484080168,0.051865354329059664,0.002,750.0,562.5,0.046086339566023454,0.046086339566023454,NaN,NaN,0.00017331632319870144
unity,1.0,1.03,pv_ld626_load_c,b2055,AverageVoltageVoltVarWatt,NoUnbalanceControl,GridCurrentTarget,LOCALLY_SOLVED,true,5000.0,6000.0,6000.0,4999.790315195002,8.448103328007051e-10,5006.350219798843,19.679713812219628,0.0,249.67127132684442,253.4324450216481,0.19445087988664236,252.01558783642892,2.452733882062989,0.00973246894416285,0.0,4999.999999999982,0.0,1.8189894035458565e-11,0.20968480499777797,0.9999999999999962,0.99997380746749,6000.0,10.0,NaN,6.613070191568421,6.613070191568421,6.613070191568421,6.613070191568421,0.6613070191568421,NaN,6.613070191568364,5.5804867376088023e-14,0.0,1.0,48.66030396998421,0.05163018606118136,0.002,750.0,562.5,0.0458773745490329,0.0458773745490329,NaN,NaN,0.00017321759301981794
unity,1.0,1.03,pv_ld868_load_a,b2190,AverageVoltageVoltVarWatt,NoUnbalanceControl,GridCurrentTarget,LOCALLY_SOLVED,true,5000.0,6000.0,6000.0,4999.7902515935275,7.929421008689985e-10,5006.3554554457305,19.695611557254534,0.0,249.5579762432069,253.31188770194285,0.17780607483121758,251.91385414313768,2.459608205419101,0.009763687724858314,0.0,4999.999999999982,0.0,1.8189894035458565e-11,0.20974840647249948,0.9999999999999962,0.999973807466141,6000.0,10.0,NaN,6.615740750741831,6.615740750741831,6.615740750741831,6.615740750741831,0.6615740750741831,NaN,6.615740750741775,5.563018664290199e-14,0.0,1.0,48.816390706377845,0.05179579923216836,0.002,750.0,562.5,0.04602453453537538,0.04602453453537538,NaN,NaN,0.0001732875524827703
mean_vv,1.0,1.03,pv_ld1291_load_b,b828,AverageVoltageVoltVarWatt,NoUnbalanceControl,GridCurrentTarget,LOCALLY_SOLVED,true,5000.0,6000.0,6000.0,4999.790062977199,-2324.482137726112,5007.793208259036,-2300.4727018807703,0.0,249.23840724826997,252.96058382261003,0.13662319369871473,251.61631699522843,2.4798475101792645,0.009855670489868476,0.0,4999.999999999963,-2324.579740797152,3.728928277269006e-11,0.20993702280065918,0.9999999999999925,0.9999738070290373,6000.0,10.0,NaN,7.3044029104771795,7.3044029104771795,7.3044029104771795,7.3044029104771795,0.7304402910477179,NaN,7.304402910477121,1.1565300865394694e-13,0.0,1.0,54.34141611276416,0.057658033259732726,0.002,750.0,562.5,0.05123357844348681,0.05123357844348681,NaN,NaN,0.0001913290248413618
mean_vv,1.0,1.03,pv_ld1446_load_c,b260,AverageVoltageVoltVarWatt,NoUnbalanceControl,GridCurrentTarget,LOCALLY_SOLVED,true,5000.0,6000.0,6000.0,4999.790082308779,-2330.6460108443557,5007.7988192983585,-2306.619799875788,0.0,249.27320699329147,253.00866812604804,0.14575028699926104,251.64713568732856,2.4784946951403835,0.009849087645566973,0.0,4999.999999999961,-2330.7438637196383,3.9108272176235914e-11,0.20991769122065307,0.9999999999999921,0.9999738070270024,6000.0,10.0,NaN,7.306954217059392,7.306954217059392,7.306954217059392,7.306954217059392,0.7306954217059392,NaN,7.30695421705933,1.139346619227011e-13,0.0,1.0,54.33074179392632,0.057646707455685585,0.002,750.0,562.5,0.05122351459917442,0.05122351459917442,NaN,NaN,0.00019139586776410116
mean_vv,1.0,1.03,pv_ld1668_load_a,b605,AverageVoltageVoltVarWatt,NoUnbalanceControl,GridCurrentTarget,LOCALLY_SOLVED,true,5000.0,6000.0,6000.0,4999.790033452933,-2315.068347367972,5007.784670272859,-2291.084436908365,0.0,249.17740923242434,252.91992729127549,0.13088200949210085,251.56927077001217,2.4842232984446975,0.009874907578500739,0.0,4999.999999999963,-2315.1655688331202,3.728928277269006e-11,0.20996654706686968,0.9999999999999925,0.9999738070321279,6000.0,10.0,NaN,7.30051907737923,7.30051907737923,7.30051907737923,7.30051907737923,0.730051907737923,NaN,7.300519077379168,1.1076138242536053e-13,0.0,1.0,54.408358748375285,0.05772906160214029,0.002,750.0,562.5,0.051296692565608454,0.051296692565608454,NaN,NaN,0.00019122727048750956
mean_vv,1.0,1.03,pv_ld1895_load_b,b1804,AverageVoltageVoltVarWatt,NoUnbalanceControl,GridCurrentTarget,LOCALLY_SOLVED,true,5000.0,6000.0,6000.0,4999.790141162017,-2349.42720991738,5007.816021397137,-2325.3495692121865,0.0,249.38158232743424,253.1474441786387,0.17279326735344303,251.741030680468,2.474251597884334,0.009828559099787245,0.0,4999.999999999962,-2349.5258236706513,3.8198777474462986e-11,0.20985883798311988,0.9999999999999922,0.9999738070207439,6000.0,10.0,NaN,7.314770552369737,7.314770552369737,7.314770552369737,7.314770552369737,0.7314770552369737,NaN,7.314770552369664,1.130840787317501e-13,0.0,1.0,54.29574818214351,0.05760957808040647,0.002,750.0,562.5,0.05119052230558801,0.05119052230558801,NaN,NaN,0.00019160065196094413
mean_vv,1.0,1.03,pv_ld1970_load_c,b2492,AverageVoltageVoltVarWatt,NoUnbalanceControl,GridCurrentTarget,LOCALLY_SOLVED,true,5000.0,6000.0,6000.0,4999.7901730916055,-2359.627443158313,5007.825430676655,-2335.5216704033314,0.0,249.44456024479112,253.20455981543492,0.18207943578993935,251.79201587375275,2.4705695306479996,0.009811945474421758,0.0,4999.99999999996,-2359.7264699817633,4.001776687800884e-11,0.2098269083944615,0.9999999999999919,0.9999738070173075,6000.0,10.0,NaN,7.3190425535045875,7.3190425535045875,7.3190425535045875,7.3190425535045875,0.7319042553504588,NaN,7.319042553504511,1.15452425601446e-13,0.0,1.0,54.246610578685214,0.05755744146385841,0.002,750.0,562.5,0.05114419492876507,0.05114419492876507,NaN,NaN,0.00019171257648775716
mean_vv,1.0,1.03,pv_ld2050_load_a,b1821,AverageVoltageVoltVarWatt,NoUnbalanceControl,GridCurrentTarget,LOCALLY_SOLVED,true,5000.0,6000.0,6000.0,4999.790134405807,-2347.270523158905,5007.814038160229,-2323.198811895814,0.0,249.3701955897156,253.12663541665776,0.16818177301872655,251.73024642304372,2.474279856293769,0.009829092417188648,0.0,4999.99999999996,-2347.369049560347,4.001776687800884e-11,0.20986559419270634,0.9999999999999919,0.9999738070214671,6000.0,10.0,NaN,7.313869816711947,7.313869816711947,7.313869816711947,7.313869816711947,0.7313869816711948,NaN,7.313869816711878,1.1285651059798058e-13,0.0,1.0,54.28968227720898,0.05760314195537553,0.002,750.0,562.5,0.05118480331557045,0.05118480331557045,NaN,NaN,0.0001915770531133629
mean_vv,1.0,1.03,pv_ld2186_load_b,b1754,AverageVoltageVoltVarWatt,NoUnbalanceControl,GridCurrentTarget,LOCALLY_SOLVED,true,5000.0,6000.0,6000.0,4999.790171337147,-2359.066100017864,5007.824911434307,-2334.961879726556,0.0,249.44001024515927,253.20558744016907,0.18282392236433825,251.78921351818744,2.4710658971333705,0.009814026036325335,0.0,4999.999999999959,-2359.1651041112177,4.092726157978177e-11,0.20982866285339696,0.9999999999999917,0.9999738070174978,6000.0,10.0,NaN,7.3188068686593715,7.3188068686593715,7.3188068686593715,7.3188068686593715,0.7318806868659371,NaN,7.318806868659299,1.1446537463919428e-13,0.0,1.0,54.25576218261863,0.05756715161721367,0.002,750.0,562.5,0.051152823143698865,0.051152823143698865,NaN,NaN,0.00019170640164433372
mean_vv,1.0,1.03,pv_ld248_load_b,b2560,AverageVoltageVoltVarWatt,NoUnbalanceControl,GridCurrentTarget,LOCALLY_SOLVED,true,5000.0,6000.0,6000.0,4999.790060084344,-2323.557858686639,5007.792367693438,-2299.5509358595305,0.0,249.22942258386124,252.96907234628503,0.13920255611078627,251.61170605050944,2.4811545777082875,0.009861045881586334,0.0,4999.999999999961,-2323.6554242925085,3.9108272176235914e-11,0.20993991565592296,0.9999999999999921,0.9999738070293421,6000.0,10.0,NaN,7.304020632064589,7.304020632064589,7.304020632064589,7.304020632064589,0.7304020632064588,NaN,7.304020632064527,1.1207579958593593e-13,0.0,1.0,54.36721268084787,0.05768540426856885,0.002,750.0,562.5,0.051257899681118456,0.051257899681118456,NaN,NaN,0.00019131900934754437
mean_vv,1.0,1.03,pv_ld24_load_a,b1044,AverageVoltageVoltVarWatt,NoUnbalanceControl,GridCurrentTarget,LOCALLY_SOLVED,true,5000.0,6000.0,6000.0,4999.790114748915,-2340.995564663595,5007.808279134988,-2316.941071505547,0.0,249.33268294717595,253.0865174066858,0.16096734976567786,251.6988778777959,2.476211430035643,0.00983799153541672,0.0,4999.999999999962,-2341.0938368784587,3.8198777474462986e-11,0.20988525108532485,0.9999999999999923,0.9999738070235644,6000.0,10.0,NaN,7.31125360250608,7.31125360250608,7.31125360250608,7.31125360250608,0.731125360250608,NaN,7.311253602506012,1.1256303522337664e-13,0.0,1.0,54.31262921531898,0.05762748941290168,0.002,750.0,562.5,0.051206437896296544,0.051206437896296544,NaN,NaN,0.00019150850954022824
mean_vv,1.0,1.03,pv_ld2804_load_c,b2443,AverageVoltageVoltVarWatt,NoUnbalanceControl,GridCurrentTarget,LOCALLY_SOLVED,true,5000.0,6000.0,6000.0,4999.790125308675,-2344.3665906418514,5007.811370926103,-2320.302853789737,0.0,249.3535002062793,253.10537649674077,0.16405276153464232,251.71572772328813,2.4749744176487765,0.00983241865748462,0.0,4999.999999999959,-2344.4649994167908,4.092726157978177e-11,0.20987469132523984,0.9999999999999918,0.9999738070224392,6000.0,10.0,NaN,7.31265825692194,7.31265825692194,7.31265825692194,7.31265825692194,0.731265825692194,NaN,7.3126582569218685,1.1280968472488635e-13,0.0,1.0,54.29592633274434,0.057609767104064125,0.002,750.0,562.5,0.05119069026758471,0.05119069026758471,NaN,NaN,0.00019154531080827966
mean_vv,1.0,1.03,pv_ld626_load_c,b2055,AverageVoltageVoltVarWatt,NoUnbalanceControl,GridCurrentTarget,LOCALLY_SOLVED,true,5000.0,6000.0,6000.0,4999.790178818917,-2361.456835033354,5007.827122834944,-2337.3460029854477,0.0,249.45434894798137,253.22077267607972,0.1855468183901472,251.80116451814757,2.470359782848215,0.00981075598905808,0.0,4999.99999999996,-2361.555935926007,4.001776687800884e-11,0.20982118108258874,0.9999999999999919,0.9999738070166888,6000.0,10.0,NaN,7.319810569487256,7.319810569487256,7.319810569487256,7.319810569487256,0.7319810569487256,NaN,7.3198105694871805,1.1542303686988736e-13,0.0,1.0,54.24769694685539,0.05755859413628747,0.002,750.0,562.5,0.05114521916649875,0.05114521916649875,NaN,NaN,0.00019173269817396709
mean_vv,1.0,1.03,pv_ld868_load_a,b2190,AverageVoltageVoltVarWatt,NoUnbalanceControl,GridCurrentTarget,LOCALLY_SOLVED,true,5000.0,6000.0,6000.0,4999.790142499938,-2349.855351845363,5007.816415671132,-2325.776532331956,0.0,249.3861568461209,253.14110326811553,0.1705446289281583,251.7431665177067,2.473337721225416,0.009824845517907833,0.0,4999.999999999962,-2349.953982940371,3.8198777474462986e-11,0.2098575000618439,0.9999999999999922,0.9999738070205995,6000.0,10.0,NaN,7.314949610737264,7.314949610737264,7.314949610737264,7.314949610737264,0.7314949610737264,NaN,7.314949610737195,1.1256884059013786e-13,0.0,1.0,54.277022403371866,0.05758970941204102,0.002,750.0,562.5,0.051172867472051055,0.051172867472051055,NaN,NaN,0.00019160534321749858
mean_vv_vw,1.0,1.03,pv_ld1291_load_b,b828,AverageVoltageVoltVarWatt,NoUnbalanceControl,GridCurrentTarget,LOCALLY_SOLVED,true,5000.0,6000.0,6000.0,4239.272772935465,-2304.1228922032005,4245.4063441008775,-2285.722178706962,0.0,249.14258990421476,252.8589905652055,0.140932184119277,251.51450621982602,2.4776449028600065,0.009850902598415225,0.0,4239.450828410407,-2304.2196686358193,760.5491715895932,760.7272270645353,0.9999999999999967,0.9999738075710896,6000.0,10.0,NaN,6.394566008423434,6.394566008423434,6.394566008423434,6.394566008423434,0.6394566008423433,NaN,6.394566008423433,3.7288026552637795e-16,0.0,1.0000000000000002,47.53039163031623,0.05043131183372328,0.002,750.0,562.5,0.04481208297899864,0.04481208297899864,NaN,NaN,0.00016749360269394266
mean_vv_vw,1.0,1.03,pv_ld1446_load_c,b260,AverageVoltageVoltVarWatt,NoUnbalanceControl,GridCurrentTarget,LOCALLY_SOLVED,true,5000.0,6000.0,6000.0,4232.362722932495,-2306.8869191659774,4238.483556012299,-2288.5244199265653,0.0,249.16320631790518,252.89030680765023,0.1511530963812265,251.52833012234944,2.4743876497126043,0.0098374113504789,0.0,4232.540480808905,-2306.9838076764186,767.4595191910948,767.6372770675052,0.9999999999999968,0.9999738075740431,6000.0,10.0,NaN,6.387922499949478,6.387922499949478,6.387922499949478,6.387922499949478,0.6387922499949478,NaN,6.387922499949476,5.002713727110915e-16,0.0,1.0,47.4185896235889,0.05031268622026804,0.002,750.0,562.5,0.04470667503618888,0.04470667503618888,NaN,NaN,0.0001673195696189962
mean_vv_vw,1.0,1.03,pv_ld1668_load_a,b605,AverageVoltageVoltVarWatt,NoUnbalanceControl,GridCurrentTarget,LOCALLY_SOLVED,true,5000.0,6000.0,6000.0,4261.197044008038,-2295.353161698171,4267.3712403289055,-2276.8305727355673,0.0,249.0870076076903,252.82172473677988,0.13602440298239943,251.47068493862548,2.480516221766003,0.009864037322566658,0.0,4261.3760438530035,-2295.4495824587802,738.6239561469965,738.8029559919623,0.9999999999999967,0.9999738075616169,6000.0,10.0,NaN,6.415707973854938,6.415707973854938,6.415707973854938,6.415707973854938,0.6415707973854938,NaN,6.415707973854937,1.667571242370305e-16,0.0,1.0000000000000002,47.74280310978169,0.050656687413232426,0.002,750.0,562.5,0.04501234644237439,0.04501234644237439,NaN,NaN,0.00016804743738809804
mean_vv_vw,1.0,1.03,pv_ld1895_load_b,b1804,AverageVoltageVoltVarWatt,NoUnbalanceControl,GridCurrentTarget,LOCALLY_SOLVED,true,5000.0,6000.0,6000.0,4208.16314117898,-2316.566776231152,4214.239616801284,-2298.337349364243,0.0,249.23319058249723,252.98408077274854,0.18086527236012612,251.57672907483263,2.4654314443725744,0.009799918511696766,0.0,4208.339857046883,-2316.6640571812304,791.6601429531174,791.8368588210196,0.9999999999999968,0.9999738075842679,6000.0,10.0,NaN,6.3647338893326895,6.3647338893326895,6.3647338893326895,6.3647338893326895,0.636473388933269,NaN,6.364733889332688,4.716603734366874e-16,0.0,1.0,47.075445197474046,0.04994859867619753,0.002,750.0,562.5,0.044383155368679504,0.044383155368679504,NaN,NaN,0.00016671212267911918
mean_vv_vw,1.0,1.03,pv_ld1970_load_c,b2492,AverageVoltageVoltVarWatt,NoUnbalanceControl,GridCurrentTarget,LOCALLY_SOLVED,true,5000.0,6000.0,6000.0,4189.159580616794,-2324.1682195700027,4195.201498111078,-2306.042467087154,0.0,249.28335500278317,253.0282327128246,0.19025171230371876,251.61471976810247,2.46165411902763,0.009783426507385508,0.0,4189.33547843747,-2324.265808624998,810.6645215625304,810.8404193832057,0.9999999999999969,0.9999738075921699,6000.0,10.0,NaN,6.346609327970829,6.346609327970829,6.346609327970829,6.346609327970829,0.6346609327970829,NaN,6.346609327970829,4.716603734366874e-16,0.0,1.0,46.86947098217586,0.04973005324610278,0.002,750.0,562.5,0.04418896101616342,0.04418896101616342,NaN,NaN,0.00016623733404871833
mean_vv_vw,1.0,1.03,pv_ld2050_load_a,b1821,AverageVoltageVoltVarWatt,NoUnbalanceControl,GridCurrentTarget,LOCALLY_SOLVED,true,5000.0,6000.0,6000.0,4209.551130543418,-2316.0115790864893,4215.630139926585,-2297.7745509369915,0.0,249.22801040691766,252.9711645540097,0.1755991792243356,251.5739493739518,2.466644125989121,0.00980484717168621,0.0,4209.727906170261,-2316.108837531876,790.2720938297389,790.4488694565816,0.9999999999999968,0.9999738075836864,6000.0,10.0,NaN,6.3660607302402425,6.3660607302402425,6.3660607302402425,6.3660607302402425,0.6366060730240243,NaN,6.3660607302402425,1.667571242370305e-16,0.0,1.0,47.10841891781147,0.049983584880089596,0.002,750.0,562.5,0.0444142432903481,0.0444142432903481,NaN,NaN,0.0001667468804776857
mean_vv_vw,1.0,1.03,pv_ld2186_load_b,b1754,AverageVoltageVoltVarWatt,NoUnbalanceControl,GridCurrentTarget,LOCALLY_SOLVED,true,5000.0,6000.0,6000.0,4191.765601091831,-2323.125808761194,4197.812243211754,-2304.985882401423,0.0,249.27720718136948,253.02693355922457,0.19130374898245947,251.60951362406948,2.4616007510696036,0.009783416833544254,0.0,4191.94161108076,-2323.22335556768,808.0583889192403,808.2343989081692,0.9999999999999968,0.9999738075910932,6000.0,10.0,NaN,6.34909028650234,6.34909028650234,6.34909028650234,6.34909028650234,0.634909028650234,NaN,6.3490902865023395,3.33514248474061e-16,0.0,1.0,46.88677625358851,0.04974841470934881,0.002,750.0,562.5,0.044205276582518487,0.044205276582518487,NaN,NaN,0.0001663023248674498
mean_vv_vw,1.0,1.03,pv_ld248_load_b,b2560,AverageVoltageVoltVarWatt,NoUnbalanceControl,GridCurrentTarget,LOCALLY_SOLVED,true,5000.0,6000.0,6000.0,4245.731701749276,-2301.539314178936,4251.877207370198,-2283.1027973161677,0.0,249.12800495933402,252.85939699433496,0.14454839984666046,251.50160360252886,2.477118900014224,0.009849316523361192,0.0,4245.910035406943,-2301.635985837205,754.0899645930567,754.268298250724,0.9999999999999967,0.9999738075683149,6000.0,10.0,NaN,6.4007841295280405,6.4007841295280405,6.4007841295280405,6.4007841295280405,0.6400784129528041,NaN,6.4007841295280405,1.054664657297369e-15,0.0,1.0000000000000002,47.566510026495045,0.05046963464231316,0.002,750.0,562.5,0.0448461357294839,0.0448461357294839,NaN,NaN,0.00016765649239387624
mean_vv_vw,1.0,1.03,pv_ld24_load_a,b1044,AverageVoltageVoltVarWatt,NoUnbalanceControl,GridCurrentTarget,LOCALLY_SOLVED,true,5000.0,6000.0,6000.0,4219.466000129879,-2312.0456212735544,4225.563144943527,-2293.7541868326102,0.0,249.2009374351529,252.94249060520212,0.1679510850063755,251.5541243845929,2.4693092252582463,0.009816214428203927,0.0,4219.643202647872,-2312.142718940837,780.3567973521276,780.5339998701211,0.9999999999999968,0.9999738075795154,6000.0,10.0,NaN,6.375549552076721,6.375549552076721,6.375549552076721,6.375549552076721,0.637554955207672,NaN,6.375549552076721,6.67028496948122e-16,0.0,1.0,47.229609975102214,0.05011217258559878,0.002,750.0,562.5,0.044528503314920836,0.044528503314920836,NaN,NaN,0.00016699544872935825
mean_vv_vw,1.0,1.03,pv_ld2804_load_c,b2443,AverageVoltageVoltVarWatt,NoUnbalanceControl,GridCurrentTarget,LOCALLY_SOLVED,true,5000.0,6000.0,6000.0,4213.147039713774,-2314.5732117984944,4219.232618949053,-2296.3164740926536,0.0,249.217595825155,252.95714165903692,0.17106713262642365,251.5667568716692,2.4680398141780295,0.009810675483792325,0.0,4213.323970160088,-2314.670411935951,786.6760298399122,786.8529602862263,0.9999999999999968,0.9999738075821776,6000.0,10.0,NaN,6.369499841840158,6.369499841840158,6.369499841840158,6.369499841840158,0.6369499841840158,NaN,6.369499841840158,3.33514248474061e-16,0.0,1.0,47.16053761818693,0.05003888453870487,0.002,750.0,562.5,0.04446338127229766,0.04446338127229766,NaN,NaN,0.00016683697106471807
mean_vv_vw,1.0,1.03,pv_ld626_load_c,b2055,AverageVoltageVoltVarWatt,NoUnbalanceControl,GridCurrentTarget,LOCALLY_SOLVED,true,5000.0,6000.0,6000.0,4187.902943872594,-2324.6708755337268,4193.942584431572,-2306.551953856794,0.0,249.2877186172528,253.0379241740024,0.19418170174624835,251.61723678423456,2.460634653226085,0.009779276987037715,0.0,4188.078787602964,-2324.7684849587977,811.9212123970356,812.0970561274062,0.9999999999999968,0.9999738075926884,6000.0,10.0,NaN,6.345413335093647,6.345413335093647,6.345413335093647,6.345413335093647,0.6345413335093647,NaN,6.345413335093646,3.7288026552637795e-16,0.0,1.0,46.84123182412286,0.049700090568816996,0.002,750.0,562.5,0.044162336882624505,0.044162336882624505,NaN,NaN,0.00016620600398723395
mean_vv_vw,1.0,1.03,pv_ld868_load_a,b2190,AverageVoltageVoltVarWatt,NoUnbalanceControl,GridCurrentTarget,LOCALLY_SOLVED,true,5000.0,6000.0,6000.0,4204.72897424511,-2317.9404464570225,4210.7991871878085,-2299.7298076289267,0.0,249.2407373360794,252.98235988419316,0.17798623474515762,251.58358952196215,2.4656771647052067,0.009800627971761901,0.0,4204.905542270692,-2318.037783091707,795.0944577293076,795.2710257548897,0.9999999999999969,0.9999738075857041,6000.0,10.0,NaN,6.3614531582538705,6.3614531582538705,6.3614531582538705,6.3614531582538705,0.636145315825387,NaN,6.36145315825387,3.33514248474061e-16,0.0,1.0,47.055869359945284,0.049927828067478315,0.002,750.0,562.5,0.04436469909206075,0.04436469909206075,NaN,NaN,0.00016662618100918237
worst_vv_vw,1.0,1.03,pv_ld1291_load_b,b828,WorstPhaseVoltVarWatt,NoUnbalanceControl,GridCurrentTarget,LOCALLY_SOLVED,true,5000.0,6000.0,6000.0,3615.2978536545047,-2553.904400943908,3620.46353141188,-2538.407367671907,0.0,249.05853184125814,252.76910051780152,0.14406073666387992,251.42533731862554,2.476296915721058,0.009849034875044849,0.0,3615.4497410992226,-2554.011696667357,1384.5502589007774,1384.7021463454953,0.9999999999999977,0.9999738077756196,6000.0,10.0,NaN,5.868377264263012,5.868377264263012,5.868377264263012,5.868377264263012,0.5868377264263012,NaN,5.868377264253719,4.720799939865947e-13,0.0,1.0,43.59553355892724,0.04625629775087924,0.002,750.0,562.5,0.041102263211950915,0.041102263211950915,NaN,NaN,0.0018960600130654276
worst_vv_vw,1.0,1.03,pv_ld1446_load_c,b260,WorstPhaseVoltVarWatt,NoUnbalanceControl,GridCurrentTarget,LOCALLY_SOLVED,true,5000.0,6000.0,6000.0,3607.9920758231633,-2556.826491609005,3613.147915814506,-2541.358971635104,0.0,249.06398111580882,252.78371268429478,0.1550246513896157,251.42196717217232,2.4719716193308847,0.009831963559644304,0.0,3608.1436578525922,-2556.9339111781674,1391.8563421474078,1392.0079241768367,0.9999999999999977,0.9999738077775134,6000.0,10.0,NaN,5.862786590763139,5.862786590763139,5.862786590763139,5.862786590763139,0.5862786590763138,NaN,5.8627865907537595,5.664641084974616e-13,0.0,1.0,43.47792618718523,0.04613151245383417,0.002,750.0,562.5,0.04099138191851599,0.04099138191851599,NaN,NaN,0.0017021562399782849
worst_vv_vw,1.0,1.03,pv_ld1668_load_a,b605,WorstPhaseVoltVarWatt,NoUnbalanceControl,GridCurrentTarget,LOCALLY_SOLVED,true,5000.0,6000.0,6000.0,3634.0713183580947,-2546.395556569107,3639.2646204650277,-2530.8156502484358,0.0,249.0038425897598,252.73155197018548,0.1396998191703929,251.38080213458076,2.47830454541176,0.009858766160213616,0.0,3634.2240149072404,-2546.5025511179356,1365.7759850927596,1365.9286816419053,0.9999999999999977,0.9999738077702844,6000.0,10.0,NaN,5.884047420449593,5.884047420449593,5.884047420449593,5.884047420449593,0.5884047420449593,NaN,5.884047420440259,4.718313488118185e-13,0.0,1.0,43.74738440213112,0.04641741649960293,0.002,750.0,562.5,0.04124542955989529,0.04124542955989529,NaN,NaN,0.0018780635804553816
worst_vv_vw,1.0,1.03,pv_ld1895_load_b,b1804,WorstPhaseVoltVarWatt,NoUnbalanceControl,GridCurrentTarget,LOCALLY_SOLVED,true,5000.0,6000.0,6000.0,3583.926724316092,-2566.451916019258,3589.049869423979,-2551.082480695725,0.0,249.09234223204166,252.83184541087257,0.18651389623849376,251.4235340198508,2.460358688990838,0.009785713571254566,0.0,3584.0772945637027,-2566.559739457294,1415.9227054362973,1416.073275683908,0.9999999999999977,0.9999738077837831,6000.0,10.0,NaN,5.844168094701675,5.844168094701675,5.844168094701675,5.844168094701675,0.5844168094701675,NaN,5.844168094692077,8.375904252719699e-13,0.0,1.0,43.13624925446512,0.04576898196861426,0.002,750.0,562.5,0.04066924581704683,0.04066924581704683,NaN,NaN,0.0013696290851399173
worst_vv_vw,1.0,1.03,pv_ld1970_load_c,b2492,WorstPhaseVoltVarWatt,NoUnbalanceControl,GridCurrentTarget,LOCALLY_SOLVED,true,5000.0,6000.0,6000.0,3566.801496990593,-2573.3015143890816,3571.900498300086,-2558.004510460729,0.0,249.13272553021625,252.86609732971849,0.19600148547343993,251.4516177048371,2.4565442108734112,0.009769450812430209,0.0,3566.9513351407486,-2573.409616492932,1433.0486648592514,1433.198503009407,0.9999999999999977,0.9999738077883897,6000.0,10.0,NaN,5.830380953520347,5.830380953520347,5.830380953520347,5.830380953520347,0.5830380953520347,NaN,5.83038095351073,8.921755499643925e-13,0.0,1.0,42.96776573492734,0.04559021540218862,0.002,750.0,562.5,0.040510398031469705,0.040510398031469705,NaN,NaN,0.0013210951645442177
worst_vv_vw,1.0,1.03,pv_ld2050_load_a,b1821,WorstPhaseVoltVarWatt,NoUnbalanceControl,GridCurrentTarget,LOCALLY_SOLVED,true,5000.0,6000.0,6000.0,3585.6439464726086,-2565.7650817390195,3590.7691222547082,-2550.3895543928447,0.0,249.095588173817,252.82841082859173,0.1808080358457832,251.43054912195242,2.4622636306202104,0.009793016955254424,0.0,3585.7945857041227,-2565.8728740563133,1414.2054142958773,1414.3560535273914,0.9999999999999976,0.9999738077833947,6000.0,10.0,NaN,5.845326213926803,5.845326213926803,5.845326213926803,5.845326213926803,0.5845326213926804,NaN,5.845326213917257,7.782311119446086e-13,0.0,1.0,43.178202436330324,0.04581349567709684,0.002,750.0,562.5,0.04070879965623311,0.04070879965623311,NaN,NaN,0.0014228175054637078
worst_vv_vw,1.0,1.03,pv_ld2186_load_b,b1754,WorstPhaseVoltVarWatt,NoUnbalanceControl,GridCurrentTarget,LOCALLY_SOLVED,true,5000.0,6000.0,6000.0,3568.5800582158663,-2572.5901385203115,3573.68174847038,-2557.285067756896,0.0,249.124677555183,252.86254005100034,0.19721073148189466,251.44401113136504,2.4562367245259256,0.00976852347158383,0.0,3568.729974499814,-2572.6982132025346,1431.270025500186,1431.4199417841337,0.9999999999999977,0.9999738077878777,6000.0,10.0,NaN,5.831918068981397,5.831918068981397,5.831918068981397,5.831918068981397,0.5831918068981398,NaN,5.8319180689717625,9.044209264575216e-13,0.0,1.0,42.97371400562224,0.04559652671341466,0.002,750.0,562.5,0.040516006114862425,0.040516006114862425,NaN,NaN,0.0013073593104866391
worst_vv_vw,1.0,1.03,pv_ld248_load_b,b2560,WorstPhaseVoltVarWatt,NoUnbalanceControl,GridCurrentTarget,LOCALLY_SOLVED,true,5000.0,6000.0,6000.0,3620.002116750962,-2552.02282490024,3625.1751903046957,-2536.5036042391666,0.0,249.0355843849595,252.75969157518279,0.1483659975091086,251.40213091678297,2.4747396660281398,0.009843749760606871,0.0,3620.1542124085904,-2552.130049032387,1379.8457875914096,1379.9978832490378,0.9999999999999976,0.9999738077741938,6000.0,10.0,NaN,5.8725766938176776,5.8725766938176776,5.8725766938176776,5.8725766938176776,0.5872576693817677,NaN,5.872576693808315,5.267669362255563e-13,0.0,1.0,43.599295457482775,0.04626028924921593,0.002,750.0,562.5,0.041105809963922456,0.041105809963922456,NaN,NaN,0.0017695076754332055
worst_vv_vw,1.0,1.03,pv_ld24_load_a,b1044,WorstPhaseVoltVarWatt,NoUnbalanceControl,GridCurrentTarget,LOCALLY_SOLVED,true,5000.0,6000.0,6000.0,3595.1312278353275,-2561.970446261422,3600.2696413012486,-2546.5552058637854,0.0,249.07765537964372,252.80943545969726,0.17289079512009914,251.42059690012826,2.465292100610525,0.009805450034747202,0.0,3595.282270151353,-2562.0780823761843,1404.7177298486472,1404.8687721646725,0.9999999999999976,0.9999738077808592,6000.0,10.0,NaN,5.852870216627905,5.852870216627905,5.852870216627905,5.852870216627905,0.5852870216627906,NaN,5.852870216618397,7.234146235058488e-13,0.0,1.0000000000000002,43.287104132237815,0.045929043965195114,0.002,750.0,562.5,0.04081147315977816,0.04081147315977816,NaN,NaN,0.0014863729963505723
worst_vv_vw,1.0,1.03,pv_ld2804_load_c,b2443,WorstPhaseVoltVarWatt,NoUnbalanceControl,GridCurrentTarget,LOCALLY_SOLVED,true,5000.0,6000.0,6000.0,3589.443062120512,-2564.2455480703534,3594.5733936543197,-2548.8545534690543,0.0,249.0910790445403,252.8208122775478,0.17603731259993888,251.42995343153635,2.464008262901256,0.009799978997220784,0.0,3589.5938612260948,-2564.353276746509,1410.4061387739052,1410.556937879488,0.9999999999999974,0.999973807782408,6000.0,10.0,NaN,5.848265574106044,5.848265574106044,5.848265574106044,5.848265574106044,0.5848265574106044,NaN,5.848265574096529,7.415316567468715e-13,0.0,1.0,43.2305240940845,0.04586901068017895,0.002,750.0,562.5,0.04075812898823417,0.04075812898823417,NaN,NaN,0.0014655856046198155
worst_vv_vw,1.0,1.03,pv_ld626_load_c,b2055,WorstPhaseVoltVarWatt,NoUnbalanceControl,GridCurrentTarget,LOCALLY_SOLVED,true,5000.0,6000.0,6000.0,3564.9507990719144,-2574.0417370391524,3570.047474780201,-2558.7517099144147,0.0,249.13167802545783,252.86979887774208,0.2001926447819843,251.4479375227565,2.455133613544452,0.009763983899538878,0.0,3565.100561128951,-2574.149871428019,1434.899438871049,1435.0492009280856,0.9999999999999977,0.9999738077888328,6000.0,10.0,NaN,5.829051213974549,5.829051213974549,5.829051213974549,5.829051213974549,0.5829051213974549,NaN,5.829051213964901,9.259545467883538e-13,0.0,1.0,42.93329871073405,0.0455536447536946,0.002,750.0,562.5,0.040477902209423405,0.040477902209423405,NaN,NaN,0.0012902009589608066
worst_vv_vw,1.0,1.03,pv_ld868_load_a,b2190,WorstPhaseVoltVarWatt,NoUnbalanceControl,GridCurrentTarget,LOCALLY_SOLVED,true,5000.0,6000.0,6000.0,3581.300751345428,-2567.5022345498496,3586.419781283029,-2552.145144737172,0.0,249.10583681791863,252.83709759022278,0.18321908573938545,251.4376792400737,2.461286165207619,0.009788851745078243,0.0,3581.4512048885895,-2567.610097543903,1418.5487951114105,1418.6992486545719,0.9999999999999977,0.9999738077845697,6000.0,10.0,NaN,5.841820456891819,5.841820456891819,5.841820456891819,5.841820456891819,0.5841820456891819,NaN,5.8418204568822665,7.918755580307205e-13,0.0,1.0,43.135175609855715,0.04576784279630306,0.002,750.0,562.5,0.04066823357520182,0.04066823357520182,NaN,NaN,0.001408603071673537
sequence_vv_vw,1.0,1.03,pv_ld1291_load_b,b828,PositiveSequenceVoltVarWatt,NoUnbalanceControl,GridCurrentTarget,LOCALLY_SOLVED,true,5000.0,6000.0,6000.0,3611.9136544274775,-2286.1443090539365,3616.7309737134806,-2271.6923511960495,0.0,249.06415683151602,252.77586920641605,0.1444175169640928,251.4312017684588,2.4758328515543924,0.00984695946302786,0.0,3612.065396791967,-2286.2403536918328,1387.934603208033,1388.0863455725225,0.9999999999999979,0.9999738078407336,6000.0,10.0,NaN,5.6670505473830985,5.6670505473830985,5.6670505473830985,5.6670505473830985,0.5667050547383099,NaN,5.667050547371519,6.206431563728306e-13,0.0,1.0,42.0920097493494,0.04466100944187513,0.002,750.0,562.5,0.03968472737004733,0.03968472737004733,NaN,NaN,0.0016187874908967354
sequence_vv_vw,1.0,1.03,pv_ld1446_load_c,b260,PositiveSequenceVoltVarWatt,NoUnbalanceControl,GridCurrentTarget,LOCALLY_SOLVED,true,5000.0,6000.0,6000.0,3602.6381415702162,-2286.320490863325,3607.4379972042457,-2271.920923961359,0.0,249.074038940167,252.79442101231376,0.15549971649133423,251.43208271321095,2.471079360155178,0.009828019294473835,0.0,3602.7894938431045,-2286.416542642249,1397.2105061568955,1397.3618584297838,0.9999999999999978,0.9999738078438971,6000.0,10.0,NaN,5.656769180380542,5.656769180380542,5.656769180380542,5.656769180380542,0.5656769180380542,NaN,5.6567691803688325,7.399914043593879e-13,0.0,1.0,41.934976699760234,0.04449439220140237,0.002,750.0,562.5,0.03953667519106744,0.03953667519106744,NaN,NaN,0.001439865674789958
sequence_vv_vw,1.0,1.03,pv_ld1668_load_a,b605,PositiveSequenceVoltVarWatt,NoUnbalanceControl,GridCurrentTarget,LOCALLY_SOLVED,true,5000.0,6000.0,6000.0,3629.1595295445595,-2277.908326318425,3634.001447676735,-2263.382571922024,0.0,249.01296551722675,252.74137596947992,0.14017910436154168,251.39002018383073,2.4775014147528704,0.009855209896324366,0.0,3629.3120152600263,-2278.0040367662114,1370.6879847399737,1370.8404704554405,0.9999999999999977,0.9999738078362621,6000.0,10.0,NaN,5.681501052926505,5.681501052926505,5.681501052926505,5.681501052926505,0.5681501052926505,NaN,5.6815010529148635,6.18828835280955e-13,0.0,1.0,42.22778068908522,0.044805066883123246,0.002,750.0,562.5,0.039812733439614535,0.039812733439614535,NaN,NaN,0.0016033001920120608
sequence_vv_vw,1.0,1.03,pv_ld1895_load_b,b1804,PositiveSequenceVoltVarWatt,NoUnbalanceControl,GridCurrentTarget,LOCALLY_SOLVED,true,5000.0,6000.0,6000.0,3573.424402256664,-2288.8524367386053,3578.171564928898,-2274.610948722025,0.0,249.11397322376956,252.85285095702557,0.18736180019717005,251.4447429561036,2.458352459131378,0.009776909352845564,0.0,3573.5745214872013,-2288.9485912207965,1426.4254785127987,1426.575597743336,0.9999999999999979,0.9999738078533855,6000.0,10.0,NaN,5.625633399728363,5.625633399728363,5.625633399728363,5.625633399728363,0.5625633399728363,NaN,5.625633399716326,1.086276028539721e-12,0.0,1.0,41.48936910627113,0.044021587860181836,0.002,750.0,562.5,0.03911655232292826,0.03911655232292826,NaN,NaN,0.0011301127745796705
sequence_vv_vw,1.0,1.03,pv_ld1970_load_c,b2492,PositiveSequenceVoltVarWatt,NoUnbalanceControl,GridCurrentTarget,LOCALLY_SOLVED,true,5000.0,6000.0,6000.0,3556.197820195961,-2294.506114801207,3560.91837581603,-2280.344447941121,0.0,249.15455247849619,252.8873055938415,0.196823020691235,251.47301249311852,2.454504943026063,0.009760510357322059,0.0,3556.3472030792395,-2294.6024986237703,1443.6527969207605,1443.802179804039,0.9999999999999978,0.999973807858145,6000.0,10.0,NaN,5.6098458802691775,5.6098458802691775,5.6098458802691775,5.6098458802691775,0.5609845880269178,NaN,5.60984588025711,1.156579183926358e-12,0.0,1.0,41.308183327241814,0.04382934377784525,0.002,750.0,562.5,0.038945728732253236,0.038945728732253236,NaN,NaN,0.0010846281584509336
sequence_vv_vw,1.0,1.03,pv_ld2050_load_a,b1821,PositiveSequenceVoltVarWatt,NoUnbalanceControl,GridCurrentTarget,LOCALLY_SOLVED,true,5000.0,6000.0,6000.0,3576.4973359763753,-2289.669321175101,3581.251122000406,-2275.407963103131,0.0,249.1141611468636,252.84670483506653,0.18154417135013082,251.44882754400297,2.4605501867594524,0.00978549079266978,0.0,3576.647582466721,-2289.765508800666,1423.352417533279,1423.5026640236247,0.9999999999999979,0.9999738078521969,6000.0,10.0,NaN,5.629556539087406,5.629556539087406,5.629556539087406,5.629556539087406,0.5629556539087406,NaN,5.6295565390754465,1.0104692628559444e-12,0.0,1.0,41.55541918002115,0.04409166916504101,0.002,750.0,562.5,0.0391788249296568,0.0391788249296568,NaN,NaN,0.0011798980148897762
sequence_vv_vw,1.0,1.03,pv_ld2186_load_b,b1754,PositiveSequenceVoltVarWatt,NoUnbalanceControl,GridCurrentTarget,LOCALLY_SOLVED,true,5000.0,6000.0,6000.0,3557.4624513669864,-2293.2081734118424,3562.1840523041974,-2279.0433706003337,0.0,249.14766724940176,252.88477621945003,0.19808410109806115,251.4665225229242,2.454077901580694,0.00975906405735171,0.0,3557.6118902749745,-2293.3045045849053,1442.3881097250255,1442.5375486330136,0.9999999999999978,0.999973807857959,6000.0,10.0,NaN,5.610466966422268,5.610466966422268,5.610466966422268,5.610466966422268,0.5610466966422268,NaN,5.610466966410176,1.173359058114852e-12,0.0,1.0000000000000002,41.30556899856008,0.04382656988896122,0.002,750.0,562.5,0.03894326391953419,0.03894326391953419,NaN,NaN,0.0010716874673878437
sequence_vv_vw,1.0,1.03,pv_ld248_load_b,b2560,PositiveSequenceVoltVarWatt,NoUnbalanceControl,GridCurrentTarget,LOCALLY_SOLVED,true,5000.0,6000.0,6000.0,3614.7434307385947,-2282.317665739976,3619.562265894754,-2267.861160271624,0.0,249.045456326698,252.77020939862462,0.14885128134547038,251.4120677755526,2.473865534821649,0.009839883807925184,0.0,3614.8953006876786,-2282.4135551106006,1385.1046993123214,1385.2565692614053,0.9999999999999978,0.9999738078404586,6000.0,10.0,NaN,5.66794210517601,5.66794210517601,5.66794210517601,5.66794210517601,0.566794210517601,NaN,5.667942105164324,6.890749219546296e-13,0.0,1.0,42.0651798814748,0.04463254206790961,0.002,750.0,562.5,0.03965943192803022,0.03965943192803022,NaN,NaN,0.0015025244518993854
sequence_vv_vw,1.0,1.03,pv_ld24_load_a,b1044,PositiveSequenceVoltVarWatt,NoUnbalanceControl,GridCurrentTarget,LOCALLY_SOLVED,true,5000.0,6000.0,6000.0,3586.716029871241,-2287.366142905062,3591.4867694151612,-2273.053924273424,0.0,249.09459740451908,252.82626657829795,0.17358114010602702,251.43731118548268,2.4637455950749865,0.009798647557352803,0.0,3586.86671085102,-2287.462237096612,1413.13328914898,1413.283970128759,0.9999999999999978,0.9999738078491504,6000.0,10.0,NaN,5.639586003663,5.639586003663,5.639586003663,5.639586003663,0.5639586003663,NaN,5.639586003651097,9.3993263639313e-13,0.0,1.0,41.68351552291529,0.04422758360613216,0.002,750.0,562.5,0.039299595319931435,0.039299595319931435,NaN,NaN,0.0012393254792508368
sequence_vv_vw,1.0,1.03,pv_ld2804_load_c,b2443,PositiveSequenceVoltVarWatt,NoUnbalanceControl,GridCurrentTarget,LOCALLY_SOLVED,true,5000.0,6000.0,6000.0,3580.9896634309293,-2289.251546746711,3585.7515001297593,-2274.966036650345,0.0,249.108095312904,252.8377198008187,0.17672034884438914,251.4467385871334,2.462451772154787,0.009793134665381542,0.0,3581.140099590643,-2289.3477174267455,1418.8599004093571,1419.0103365690707,0.9999999999999978,0.9999738078507511,6000.0,10.0,NaN,5.634321431379886,5.634321431379886,5.634321431379886,5.634321431379886,0.5634321431379886,NaN,5.6343214313679715,9.630499972352478e-13,0.0,1.0000000000000002,41.62273437995764,0.04416309281047492,0.002,750.0,562.5,0.03924229030879268,0.03924229030879268,NaN,NaN,0.0012198850936871704
sequence_vv_vw,1.0,1.03,pv_ld626_load_c,b2055,PositiveSequenceVoltVarWatt,NoUnbalanceControl,GridCurrentTarget,LOCALLY_SOLVED,true,5000.0,6000.0,6000.0,3553.5530648273707,-2294.11329504195,3558.2682633430145,-2279.9676994951406,0.0,249.15529341610525,252.89259532502328,0.20108338625858305,251.47104831464023,2.452909658718836,0.009754242785236091,0.0,3553.7023374883443,-2294.2096629281245,1446.2976625116557,1446.4469351726293,0.9999999999999979,0.9999738078591011,6000.0,10.0,NaN,5.6066618206264875,5.6066618206264875,5.6066618206264875,5.6066618206264875,0.5606661820626487,NaN,5.606661820614374,1.2016903439698938e-12,0.0,1.0,41.25790479795721,0.04377599660139847,0.002,750.0,562.5,0.038898325680246364,0.038898325680246364,NaN,NaN,0.001055575685113428
sequence_vv_vw,1.0,1.03,pv_ld868_load_a,b2190,PositiveSequenceVoltVarWatt,NoUnbalanceControl,GridCurrentTarget,LOCALLY_SOLVED,true,5000.0,6000.0,6000.0,3572.12599716485,-2291.1056920538176,3576.873009101088,-2276.864656245228,0.0,249.12446439710746,252.85544788642406,0.1839493145110322,251.45600968973804,2.4595648142142847,0.00978129262947045,0.0,3572.276056787955,-2291.2019379476624,1427.723943212045,1427.87400283515,0.9999999999999978,0.9999738078534122,6000.0,10.0,NaN,5.6255440840413105,5.6255440840413105,5.6255440840413105,5.6255440840413105,0.5625544084041311,NaN,5.625544084029343,1.028631963788416e-12,0.0,1.0000000000000002,41.509170868892234,0.04404259818286878,0.002,750.0,562.5,0.03913522160376646,0.03913522160376646,NaN,NaN,0.0011665932729493145
sequence_droop,1.0,1.03,pv_ld1291_load_b,b828,PositiveSequenceVoltVarWatt,NegativeSequenceAdmittanceDroop,GridCurrentTarget,LOCALLY_SOLVED,true,5000.0,6000.0,6000.0,3676.326547802927,-2292.574150610492,3685.1621096912686,-2266.0674649456014,0.0,249.59288961405036,252.5639243644343,0.146427036381465,251.45885588000843,1.9895197943586502,0.007911909832708428,0.007911837328567496,3718.03781778283,-2291.7711760017,1281.9621822171698,1323.673452197073,0.9999999999999978,0.9965787283045703,6000.0,10.0,NaN,9.999706359828048,9.999706359828048,9.999706359828048,9.999706359828048,0.9999706359828048,NaN,5.769796294239715,5.0609481962358664,-2.8847588263094517,1.7331124904125363,3788.641369165332,4.019873343367393,0.002,750.0,562.5,3.571965338160922,3.571965338160922,NaN,NaN,0.0013231438891378037
sequence_droop,1.0,1.03,pv_ld1446_load_c,b260,PositiveSequenceVoltVarWatt,NegativeSequenceAdmittanceDroop,GridCurrentTarget,LOCALLY_SOLVED,true,5000.0,6000.0,6000.0,3702.5300847726608,-2302.7689908297334,3711.089515036911,-2277.090700037098,0.0,249.67204526079118,252.5409579789444,0.15751192256612506,251.4740756853964,1.9315722903202261,0.00768099966191623,0.007680928991616327,3729.5210105277906,-2294.8151370792702,1270.4789894722094,1297.4699152273392,0.9999999999999977,0.999973797728048,6000.0,10.0,NaN,9.813258616399034,9.813258616399034,9.813258616399034,9.813258616399034,0.9813258616399034,NaN,5.804177236144237,4.83470733752141,-2.89101380078589,1.690723459527135,3618.973078941528,3.8398496962002673,0.002,750.0,562.5,3.4120005400681497,3.4120005400681497,NaN,NaN,0.0017081890826132111
sequence_droop,1.0,1.03,pv_ld1668_load_a,b605,PositiveSequenceVoltVarWatt,NegativeSequenceAdmittanceDroop,GridCurrentTarget,LOCALLY_SOLVED,true,5000.0,6000.0,6000.0,3659.199172799002,-2262.1172085093117,3668.083507354783,-2235.4642048420615,0.0,249.52090208910437,252.51767230608777,0.1418941628109874,251.42511920871058,2.020036632891014,0.008034346923046144,0.008034273432368835,3741.163846956105,-2285.0238417421087,1258.8361530438951,1340.800827200998,0.9999999999999977,0.9860763500818053,6000.0,10.0,NaN,9.999706645477424,9.999706645477424,9.999706645477424,9.999706645477424,0.9999706645477424,NaN,5.730913155957607,5.136684868399171,-2.900389957605355,1.744871373961074,3845.0148777841296,4.079687493741494,0.002,750.0,562.5,3.6251147917924285,3.6251147917924285,NaN,NaN,0.0016102119265980403
sequence_droop,1.0,1.03,pv_ld1895_load_b,b1804,PositiveSequenceVoltVarWatt,NegativeSequenceAdmittanceDroop,GridCurrentTarget,LOCALLY_SOLVED,true,5000.0,6000.0,6000.0,3749.2545160134337,-2310.017871900173,3756.8620356552897,-2287.195312974708,0.0,249.93357971771496,252.4607316274418,0.1891063940933114,251.52024120275962,1.7357206051631315,0.006900918180035872,0.006900853699218225,3769.6341862790887,-2304.04824055192,1230.3658137209113,1250.7454839865663,0.9999999999999976,0.9999738058316974,6000.0,10.0,NaN,9.126351468695486,9.126351468695486,9.126351468695486,9.126351468695486,0.9126351468695486,NaN,5.854824750482003,4.0543587351503305,-2.9090532295784888,1.5587744907216015,3033.8474937786063,3.2190121681454893,0.002,750.0,562.5,2.860338847915552,2.860338847915552,NaN,NaN,0.001873641336993928
sequence_droop,1.0,1.03,pv_ld1970_load_c,b2492,PositiveSequenceVoltVarWatt,NegativeSequenceAdmittanceDroop,GridCurrentTarget,LOCALLY_SOLVED,true,5000.0,6000.0,6000.0,3739.4311696972773,-2315.993259667531,3746.817982799587,-2293.832820360709,0.0,250.01972072684129,252.48311235933392,0.1988905732444215,251.55216923173415,1.6902015105552328,0.006719089386974001,0.006719026357980796,3758.4438203330337,-2310.4338463468125,1241.5561796669663,1260.5688303027227,0.9999999999999977,0.9999738062007985,6000.0,10.0,NaN,8.979295295624857,8.979295295624857,8.979295295624857,8.979295295624857,0.8979295295624856,NaN,5.845861712497631,3.8821799958510503,-2.901763035881815,1.5360088447571907,2905.0895211883862,3.0823957161439943,0.002,750.0,562.5,2.7389446671817175,2.7389446671817175,NaN,NaN,0.0017070895064063682
sequence_droop,1.0,1.03,pv_ld2050_load_a,b1821,PositiveSequenceVoltVarWatt,NegativeSequenceAdmittanceDroop,GridCurrentTarget,LOCALLY_SOLVED,true,5000.0,6000.0,6000.0,3732.434464295645,-2309.6992605236696,3740.2250095492905,-2286.3276247628455,0.0,249.88205329668048,252.4915642547181,0.18346390092149945,251.51654142833954,1.780494795070286,0.007079036571348422,0.007078970680980578,3754.2178726409416,-2303.308285667904,1245.7821273590584,1267.5655357043552,0.9999999999999977,0.9999738053511511,6000.0,10.0,NaN,9.276303465534891,9.276303465534891,9.276303465534891,9.276303465534891,0.9276303465534891,NaN,5.8369757156157585,4.226899910417588,-2.9018795714223606,1.5892311219863064,3163.3333345118253,3.3564009122328344,0.002,750.0,562.5,2.982419269315686,2.982419269315686,NaN,NaN,0.0017706846273068874
sequence_droop,1.0,1.03,pv_ld2186_load_b,b1754,PositiveSequenceVoltVarWatt,NegativeSequenceAdmittanceDroop,GridCurrentTarget,LOCALLY_SOLVED,true,5000.0,6000.0,6000.0,3743.3724056145466,-2315.1955111383604,3750.7620211197445,-2293.0266646228824,0.0,250.0161661790412,252.47528567300262,0.19993289004713893,251.54822241741795,1.6892371850615011,0.006715361248939334,0.0067152982475836365,3762.3571634986724,-2309.6444834835856,1237.6428365013276,1256.6275943854534,0.9999999999999974,0.9999738062059244,6000.0,10.0,NaN,8.974060009601217,8.974060009601217,8.974060009601217,8.974060009601217,0.8974060009601217,NaN,5.849824306058621,3.8786155978608727,-2.904964312337741,1.5340734251293495,2902.352053671052,3.0794911728977463,0.002,750.0,562.5,2.7363637580553375,2.7363637580553375,NaN,NaN,0.00173855350078962
sequence_droop,1.0,1.03,pv_ld248_load_b,b2560,PositiveSequenceVoltVarWatt,NegativeSequenceAdmittanceDroop,GridCurrentTarget,LOCALLY_SOLVED,true,5000.0,6000.0,6000.0,3707.3484311289853,-2298.80905498489,3716.146414414071,-2272.415105129744,0.0,249.6065222353667,252.5285107848014,0.1507042314542409,251.45216810822666,1.9689467246359844,0.00783030323201881,0.007830231369611534,3735.744607599285,-2290.4336216453344,1264.2553924007152,1292.6515688710147,0.9999999999999976,0.9999737707961674,6000.0,10.0,NaN,9.949314268331886,9.949314268331886,9.949314268331886,9.949314268331886,0.9949314268331886,NaN,5.808672724476572,4.991246645901461,-2.8959069171131646,1.7128378099880508,3736.091986599824,3.964116716755874,0.002,750.0,562.5,3.522421305148606,3.522421305148606,NaN,NaN,0.0018230881095771911
sequence_droop,1.0,1.03,pv_ld24_load_a,b1044,PositiveSequenceVoltVarWatt,NegativeSequenceAdmittanceDroop,GridCurrentTarget,LOCALLY_SOLVED,true,5000.0,6000.0,6000.0,3731.9470025774654,-2306.609520384777,3739.925933205169,-2282.6727285017714,0.0,249.8216786184842,252.49008441303653,0.1755142023074013,251.4992510219926,1.818066391064225,0.007228913739012457,0.0072288466555161576,3754.957793481716,-2299.8502043985036,1245.0422065182838,1268.0529974225346,0.9999999999999976,0.9999738047342531,6000.0,10.0,NaN,9.40594345248685,9.40594345248685,9.40594345248685,9.40594345248685,0.940594345248685,NaN,5.8358178037730015,4.37448298799838,-2.902367091428336,1.61176098513692,3273.8469105121917,3.4736594582276363,0.002,750.0,562.5,3.086612467986399,3.086612467986399,NaN,NaN,0.0018272774931791683
sequence_droop,1.0,1.03,pv_ld2804_load_c,b2443,PositiveSequenceVoltVarWatt,NegativeSequenceAdmittanceDroop,GridCurrentTarget,LOCALLY_SOLVED,true,5000.0,6000.0,6000.0,3729.0702158618224,-2308.551185245412,3736.961199558253,-2284.8782341562314,0.0,249.85129477085223,252.49690781270385,0.17874873485613763,251.5097619148543,1.8018681140117563,0.007164207465719592,0.007164140898865082,3751.546093648059,-2301.9523829708664,1248.453906351941,1270.9297841381776,0.9999999999999976,0.9999738050298175,6000.0,10.0,NaN,9.350953090000015,9.350953090000015,9.350953090000015,9.350953090000015,0.9350953090000015,NaN,5.833175261314751,4.310524834256357,-2.899987415350261,1.60306396964014,3226.0077863803554,3.422900571035845,0.002,750.0,562.5,3.0415093092135357,3.0415093092135357,NaN,NaN,0.0017704108376086838
sequence_droop,1.0,1.03,pv_ld626_load_c,b2055,PositiveSequenceVoltVarWatt,NegativeSequenceAdmittanceDroop,GridCurrentTarget,LOCALLY_SOLVED,true,5000.0,6000.0,6000.0,3744.0834894849118,-2316.4061907861833,3751.4068278050386,-2294.436175825917,0.0,250.04093968718536,252.47478404019822,0.20294366980938577,251.55496649958525,1.6733981293313374,0.006652216621348624,0.006652154122034393,3762.607979900878,-2310.9932999170337,1237.392020099122,1255.9165105150882,0.9999999999999977,0.9999738063064637,6000.0,10.0,NaN,8.92328780159862,8.92328780159862,8.92328780159862,8.92328780159862,0.8923287801598621,NaN,5.85088588877193,3.81960597232536,-2.9048620795119646,1.5251173875604829,2858.1533513201725,3.032594893181813,0.002,750.0,562.5,2.6946928218527333,2.6946928218527333,NaN,NaN,0.001722948804124107
sequence_droop,1.0,1.03,pv_ld868_load_a,b2190,PositiveSequenceVoltVarWatt,NegativeSequenceAdmittanceDroop,GridCurrentTarget,LOCALLY_SOLVED,true,5000.0,6000.0,6000.0,3730.1358892342455,-2311.1933993961784,3737.863920454137,-2288.00930573662,0.0,249.90432752051726,252.49692736941273,0.18594459966002197,251.5245867451113,1.7684936798588609,0.007031096652396086,0.007031031144804754,3751.53631529362,-2304.9173490222583,1248.4636847063798,1269.8641107657545,0.9999999999999977,0.999973805505669,6000.0,10.0,NaN,9.236244587763291,9.236244587763291,9.236244587763291,9.236244587763291,0.9236244587763291,NaN,5.83487631715711,4.180242396778143,-2.9000665954934646,1.5829375098498033,3128.4370249249932,3.319374777790105,0.002,750.0,562.5,2.949518713119374,2.949518713119374,NaN,NaN,0.0017306843354976704
